ISO-10303-21;
HEADER;
FILE_DESCRIPTION(('STEP AP214'),'1');
FILE_NAME('SOIC_PT61017PEL','2026-04-16T04:14:50',(''),(''),'','','');
FILE_SCHEMA(('AUTOMOTIVE_DESIGN'));
ENDSEC;
DATA;
#1=SHAPE_DEFINITION_REPRESENTATION(#2,#3);
#2=PRODUCT_DEFINITION_SHAPE('',$,#4);
#3=SHAPE_REPRESENTATION('',(#188,#485,#1355,#2225,#3095,#3965,#4835,#5705,#6575,#7445,#8315,#9185,#10055,#10925,#11795,#12665,#13535,#19),#11);
#4=PRODUCT_DEFINITION('design','example product_definition',#6,#5);
#5=PRODUCT_DEFINITION_CONTEXT('3D Mechanical Parts',#10,'design');
#6=PRODUCT_DEFINITION_FORMATION('1.0','first version',#8);
#7=APPLICATION_PROTOCOL_DEFINITION('international standard','automotive_design',2003,#10);
#8=PRODUCT('product','part','',(#9));
#9=PRODUCT_CONTEXT('3D Mechanical Parts',#10,'mechanical');
#10=APPLICATION_CONTEXT('Core Data for Automotive Mechanical Design Process');
#11=(GEOMETRIC_REPRESENTATION_CONTEXT(3) GLOBAL_UNCERTAINTY_ASSIGNED_CONTEXT((#12)) GLOBAL_UNIT_ASSIGNED_CONTEXT((#13,#14,#18)) REPRESENTATION_CONTEXT('ID1','3D'));
#12=UNCERTAINTY_MEASURE_WITH_UNIT(LENGTH_MEASURE(1.E-005),#13,'DISTANCE_ACCURACY_VALUE','Maximum model space distance between geometric entities at asserted connectivities');
#13=(LENGTH_UNIT() NAMED_UNIT(*) SI_UNIT(.MILLI.,.METRE.));
#14=(CONVERSION_BASED_UNIT('degree',#16) NAMED_UNIT(#15) PLANE_ANGLE_UNIT());
#15=DIMENSIONAL_EXPONENTS(0.,0.,0.,0.,0.,0.,0.);
#16=MEASURE_WITH_UNIT(PLANE_ANGLE_MEASURE(0.01745329252),#17);
#17=(NAMED_UNIT(*) PLANE_ANGLE_UNIT() SI_UNIT($,.RADIAN.));
#18=(NAMED_UNIT(*) SI_UNIT($,.STERADIAN.) SOLID_ANGLE_UNIT());
#19=AXIS2_PLACEMENT_3D('',#20,#21,#22);
#20=CARTESIAN_POINT('',(0.0,0.0,0.0));
#21=DIRECTION('',(0.0,0.0,1.0));
#22=DIRECTION('',(1.0,0.0,0.0));
#25=MECHANICAL_DESIGN_GEOMETRIC_PRESENTATION_REPRESENTATION($,(#190,#239,#288,#337,#386,#435,#487,#536,#585,#634,#683,#732,#781,#830,#879,#930,#981,#1032,#1083,#1219,#1357,#1406,#1455,#1504,#1553,#1602,#1651,#1700,#1749,#1800,#1851,#1902,#1953,#2089,#2227,#2276,#2325,#2374,#2423,#2472,#2521,#2570,#2619,#2670,#2721,#2772,#2823,#2959,#3097,#3146,#3195,#3244,#3293,#3342,#3391,#3440,#3489,#3540,#3591,#3642,#3693,#3829,#3967,#4016,#4065,#4114,#4163,#4212,#4261,#4310,#4359,#4410,#4461,#4512,#4563,#4699,#4837,#4886,#4935,#4984,#5033,#5082,#5131,#5180,#5229,#5280,#5331,#5382,#5433,#5569,#5707,#5756,#5805,#5854,#5903,#5952,#6001,#6050,#6099,#6150,#6201,#6252,#6303,#6439,#6577,#6626,#6675,#6724,#6773,#6822,#6871,#6920,#6969,#7020,#7071,#7122,#7173,#7309,#7447,#7496,#7545,#7594,#7643,#7692,#7741,#7790,#7839,#7890,#7941,#7992,#8043,#8179,#8317,#8366,#8415,#8464,#8513,#8562,#8611,#8660,#8709,#8760,#8811,#8862,#8913,#9049,#9187,#9236,#9285,#9334,#9383,#9432,#9481,#9530,#9579,#9630,#9681,#9732,#9783,#9919,#10057,#10106,#10155,#10204,#10253,#10302,#10351,#10400,#10449,#10500,#10551,#10602,#10653,#10789,#10927,#10976,#11025,#11074,#11123,#11172,#11221,#11270,#11319,#11370,#11421,#11472,#11523,#11659,#11797,#11846,#11895,#11944,#11993,#12042,#12091,#12140,#12189,#12240,#12291,#12342,#12393,#12529,#12667,#12716,#12765,#12814,#12863,#12912,#12961,#13010,#13059,#13110,#13161,#13212,#13263,#13399,#13537,#13586,#13635,#13684,#13733,#13782,#13831,#13880,#13929,#13980,#14031,#14082,#14133,#14269),#11);
#26=PRODUCT_CATEGORY_RELATIONSHIP('','',#27,#28);
#27=PRODUCT_CATEGORY('part','');
#28=PRODUCT_RELATED_PRODUCT_CATEGORY('','',(#8));
#34=PRESENTATION_STYLE_ASSIGNMENT((#35,#40));
#35=SURFACE_STYLE_USAGE(.BOTH.,#36);
#36=SURFACE_SIDE_STYLE('',(#37));
#37=SURFACE_STYLE_FILL_AREA(#38);
#38=FILL_AREA_STYLE('',(#39));
#39=FILL_AREA_STYLE_COLOUR('',#41);
#40=CURVE_STYLE('',#42,POSITIVE_LENGTH_MEASURE(0.1),#41);
#41=COLOUR_RGB('Aluminum',0.725,0.725,0.725);
#42=DRAUGHTING_PRE_DEFINED_CURVE_FONT('continuous');
#43=PRESENTATION_STYLE_ASSIGNMENT((#44,#49));
#44=SURFACE_STYLE_USAGE(.BOTH.,#45);
#45=SURFACE_SIDE_STYLE('',(#46));
#46=SURFACE_STYLE_FILL_AREA(#47);
#47=FILL_AREA_STYLE('',(#48));
#48=FILL_AREA_STYLE_COLOUR('',#50);
#49=CURVE_STYLE('',#51,POSITIVE_LENGTH_MEASURE(0.1),#50);
#50=COLOUR_RGB('Gray',0.431,0.431,0.431);
#51=DRAUGHTING_PRE_DEFINED_CURVE_FONT('continuous');
#52=PRESENTATION_STYLE_ASSIGNMENT((#53,#58));
#53=SURFACE_STYLE_USAGE(.BOTH.,#54);
#54=SURFACE_SIDE_STYLE('',(#55));
#55=SURFACE_STYLE_FILL_AREA(#56);
#56=FILL_AREA_STYLE('',(#57));
#57=FILL_AREA_STYLE_COLOUR('',#59);
#58=CURVE_STYLE('',#60,POSITIVE_LENGTH_MEASURE(0.1),#59);
#59=COLOUR_RGB('Pin1',0.588,0.588,0.588);
#60=DRAUGHTING_PRE_DEFINED_CURVE_FONT('continuous');
#61=PRESENTATION_STYLE_ASSIGNMENT((#62,#67));
#62=SURFACE_STYLE_USAGE(.BOTH.,#63);
#63=SURFACE_SIDE_STYLE('',(#64));
#64=SURFACE_STYLE_FILL_AREA(#65);
#65=FILL_AREA_STYLE('',(#66));
#66=FILL_AREA_STYLE_COLOUR('',#68);
#67=CURVE_STYLE('',#69,POSITIVE_LENGTH_MEASURE(0.1),#68);
#68=COLOUR_RGB('HeatTab',0.588,0.588,0.588);
#69=DRAUGHTING_PRE_DEFINED_CURVE_FONT('continuous');
#70=PRESENTATION_STYLE_ASSIGNMENT((#71,#76));
#71=SURFACE_STYLE_USAGE(.BOTH.,#72);
#72=SURFACE_SIDE_STYLE('',(#73));
#73=SURFACE_STYLE_FILL_AREA(#74);
#74=FILL_AREA_STYLE('',(#75));
#75=FILL_AREA_STYLE_COLOUR('',#77);
#76=CURVE_STYLE('',#78,POSITIVE_LENGTH_MEASURE(0.1),#77);
#77=COLOUR_RGB('Black',0.196,0.196,0.196);
#78=DRAUGHTING_PRE_DEFINED_CURVE_FONT('continuous');
#79=PRESENTATION_STYLE_ASSIGNMENT((#80,#85));
#80=SURFACE_STYLE_USAGE(.BOTH.,#81);
#81=SURFACE_SIDE_STYLE('',(#82));
#82=SURFACE_STYLE_FILL_AREA(#83);
#83=FILL_AREA_STYLE('',(#84));
#84=FILL_AREA_STYLE_COLOUR('',#86);
#85=CURVE_STYLE('',#87,POSITIVE_LENGTH_MEASURE(0.1),#86);
#86=COLOUR_RGB('Gold',0.843,0.686,0.0);
#87=DRAUGHTING_PRE_DEFINED_CURVE_FONT('continuous');
#88=PRESENTATION_STYLE_ASSIGNMENT((#89,#94));
#89=SURFACE_STYLE_USAGE(.BOTH.,#90);
#90=SURFACE_SIDE_STYLE('',(#91));
#91=SURFACE_STYLE_FILL_AREA(#92);
#92=FILL_AREA_STYLE('',(#93));
#93=FILL_AREA_STYLE_COLOUR('',#95);
#94=CURVE_STYLE('',#96,POSITIVE_LENGTH_MEASURE(0.1),#95);
#95=COLOUR_RGB('Brown',0.459,0.345,0.176);
#96=DRAUGHTING_PRE_DEFINED_CURVE_FONT('continuous');
#97=PRESENTATION_STYLE_ASSIGNMENT((#98,#103));
#98=SURFACE_STYLE_USAGE(.BOTH.,#99);
#99=SURFACE_SIDE_STYLE('',(#100));
#100=SURFACE_STYLE_FILL_AREA(#101);
#101=FILL_AREA_STYLE('',(#102));
#102=FILL_AREA_STYLE_COLOUR('',#104);
#103=CURVE_STYLE('',#105,POSITIVE_LENGTH_MEASURE(0.1),#104);
#104=COLOUR_RGB('Tan',0.784,0.686,0.51);
#105=DRAUGHTING_PRE_DEFINED_CURVE_FONT('continuous');
#106=PRESENTATION_STYLE_ASSIGNMENT((#107,#112));
#107=SURFACE_STYLE_USAGE(.BOTH.,#108);
#108=SURFACE_SIDE_STYLE('',(#109));
#109=SURFACE_STYLE_FILL_AREA(#110);
#110=FILL_AREA_STYLE('',(#111));
#111=FILL_AREA_STYLE_COLOUR('',#113);
#112=CURVE_STYLE('',#114,POSITIVE_LENGTH_MEASURE(0.1),#113);
#113=COLOUR_RGB('Red',0.6,0.0,0.0);
#114=DRAUGHTING_PRE_DEFINED_CURVE_FONT('continuous');
#115=PRESENTATION_STYLE_ASSIGNMENT((#116,#121));
#116=SURFACE_STYLE_USAGE(.BOTH.,#117);
#117=SURFACE_SIDE_STYLE('',(#118));
#118=SURFACE_STYLE_FILL_AREA(#119);
#119=FILL_AREA_STYLE('',(#120));
#120=FILL_AREA_STYLE_COLOUR('',#122);
#121=CURVE_STYLE('',#123,POSITIVE_LENGTH_MEASURE(0.1),#122);
#122=COLOUR_RGB('Blue',0.157,0.157,0.588);
#123=DRAUGHTING_PRE_DEFINED_CURVE_FONT('continuous');
#124=PRESENTATION_STYLE_ASSIGNMENT((#125,#130));
#125=SURFACE_STYLE_USAGE(.BOTH.,#126);
#126=SURFACE_SIDE_STYLE('',(#127));
#127=SURFACE_STYLE_FILL_AREA(#128);
#128=FILL_AREA_STYLE('',(#129));
#129=FILL_AREA_STYLE_COLOUR('',#131);
#130=CURVE_STYLE('',#132,POSITIVE_LENGTH_MEASURE(0.1),#131);
#131=COLOUR_RGB('Maroon',0.294,0.0,0.0);
#132=DRAUGHTING_PRE_DEFINED_CURVE_FONT('continuous');
#133=PRESENTATION_STYLE_ASSIGNMENT((#134,#139));
#134=SURFACE_STYLE_USAGE(.BOTH.,#135);
#135=SURFACE_SIDE_STYLE('',(#136));
#136=SURFACE_STYLE_FILL_AREA(#137);
#137=FILL_AREA_STYLE('',(#138));
#138=FILL_AREA_STYLE_COLOUR('',#140);
#139=CURVE_STYLE('',#141,POSITIVE_LENGTH_MEASURE(0.1),#140);
#140=COLOUR_RGB('Green',0.0,0.294,0.0);
#141=DRAUGHTING_PRE_DEFINED_CURVE_FONT('continuous');
#142=PRESENTATION_STYLE_ASSIGNMENT((#143,#148));
#143=SURFACE_STYLE_USAGE(.BOTH.,#144);
#144=SURFACE_SIDE_STYLE('',(#145));
#145=SURFACE_STYLE_FILL_AREA(#146);
#146=FILL_AREA_STYLE('',(#147));
#147=FILL_AREA_STYLE_COLOUR('',#149);
#148=CURVE_STYLE('',#150,POSITIVE_LENGTH_MEASURE(0.1),#149);
#149=COLOUR_RGB('Pin1Wrap',0.98,0.706,0.176);
#150=DRAUGHTING_PRE_DEFINED_CURVE_FONT('continuous');
#151=PRESENTATION_STYLE_ASSIGNMENT((#152,#157));
#152=SURFACE_STYLE_USAGE(.BOTH.,#153);
#153=SURFACE_SIDE_STYLE('',(#154));
#154=SURFACE_STYLE_FILL_AREA(#155);
#155=FILL_AREA_STYLE('',(#156));
#156=FILL_AREA_STYLE_COLOUR('',#158);
#157=CURVE_STYLE('',#159,POSITIVE_LENGTH_MEASURE(0.1),#158);
#158=COLOUR_RGB('Pin1Rad',0.588,0.588,0.588);
#159=DRAUGHTING_PRE_DEFINED_CURVE_FONT('continuous');
#160=PRESENTATION_STYLE_ASSIGNMENT((#161,#166));
#161=SURFACE_STYLE_USAGE(.BOTH.,#162);
#162=SURFACE_SIDE_STYLE('',(#163));
#163=SURFACE_STYLE_FILL_AREA(#164);
#164=FILL_AREA_STYLE('',(#165));
#165=FILL_AREA_STYLE_COLOUR('',#167);
#166=CURVE_STYLE('',#168,POSITIVE_LENGTH_MEASURE(0.1),#167);
#167=COLOUR_RGB('Pin1Axial',0.98,0.706,0.176);
#168=DRAUGHTING_PRE_DEFINED_CURVE_FONT('continuous');
#169=PRESENTATION_STYLE_ASSIGNMENT((#170,#175));
#170=SURFACE_STYLE_USAGE(.BOTH.,#171);
#171=SURFACE_SIDE_STYLE('',(#172));
#172=SURFACE_STYLE_FILL_AREA(#173);
#173=FILL_AREA_STYLE('',(#174));
#174=FILL_AREA_STYLE_COLOUR('',#176);
#175=CURVE_STYLE('',#177,POSITIVE_LENGTH_MEASURE(0.1),#176);
#176=COLOUR_RGB('Pin1Tant',0.459,0.345,0.176);
#177=DRAUGHTING_PRE_DEFINED_CURVE_FONT('continuous');
#178=PRESENTATION_STYLE_ASSIGNMENT((#179,#184));
#179=SURFACE_STYLE_USAGE(.BOTH.,#180);
#180=SURFACE_SIDE_STYLE('',(#181));
#181=SURFACE_STYLE_FILL_AREA(#182);
#182=FILL_AREA_STYLE('',(#183));
#183=FILL_AREA_STYLE_COLOUR('',#185);
#184=CURVE_STYLE('',#186,POSITIVE_LENGTH_MEASURE(0.1),#185);
#185=COLOUR_RGB('Shroud',0.235,0.235,0.235);
#186=DRAUGHTING_PRE_DEFINED_CURVE_FONT('continuous');
#188=MANIFOLD_SOLID_BREP($,#189);
#189=CLOSED_SHELL('',(#191,#240,#289,#338,#387,#436));
#190=STYLED_ITEM('',(#43),#191);
#191=ADVANCED_FACE('',(#197),#192,.T.);
#192=PLANE('',#193);
#193=AXIS2_PLACEMENT_3D('',#194,#195,#196);
#194=CARTESIAN_POINT('',(-3.454,-6.401,0.0));
#195=DIRECTION('',(0.0,-1.0,0.0));
#196=DIRECTION('',(0.,0.,1.));
#197=FACE_OUTER_BOUND('',#198,.T.);
#198=EDGE_LOOP('',(#199,#209,#219,#229));
#202=CARTESIAN_POINT('',(3.454,-6.401,0.0));
#201=VERTEX_POINT('',#202);
#204=CARTESIAN_POINT('',(-3.454,-6.401,0.0));
#203=VERTEX_POINT('',#204);
#200=EDGE_CURVE('',#201,#203,#205,.T.);
#205=LINE('',#202,#207);
#207=VECTOR('',#208,6.9088);
#208=DIRECTION('',(-1.0,0.0,0.0));
#199=ORIENTED_EDGE('',*,*,#200,.F.);
#212=CARTESIAN_POINT('',(3.454,-6.401,5.639));
#211=VERTEX_POINT('',#212);
#210=EDGE_CURVE('',#211,#201,#215,.T.);
#215=LINE('',#212,#217);
#217=VECTOR('',#218,5.6388);
#218=DIRECTION('',(0.0,0.0,-1.0));
#209=ORIENTED_EDGE('',*,*,#210,.F.);
#222=CARTESIAN_POINT('',(-3.454,-6.401,5.639));
#221=VERTEX_POINT('',#222);
#220=EDGE_CURVE('',#221,#211,#225,.T.);
#225=LINE('',#222,#227);
#227=VECTOR('',#228,6.9088);
#228=DIRECTION('',(1.0,0.0,0.0));
#219=ORIENTED_EDGE('',*,*,#220,.F.);
#230=EDGE_CURVE('',#203,#221,#235,.T.);
#235=LINE('',#204,#237);
#237=VECTOR('',#238,5.6388);
#238=DIRECTION('',(0.0,0.0,1.0));
#229=ORIENTED_EDGE('',*,*,#230,.F.);
#239=STYLED_ITEM('',(#43),#240);
#240=ADVANCED_FACE('',(#246),#241,.T.);
#241=PLANE('',#242);
#242=AXIS2_PLACEMENT_3D('',#243,#244,#245);
#243=CARTESIAN_POINT('',(3.454,-6.401,0.0));
#244=DIRECTION('',(1.0,0.0,0.0));
#245=DIRECTION('',(0.,0.,1.));
#246=FACE_OUTER_BOUND('',#247,.T.);
#247=EDGE_LOOP('',(#248,#258,#268,#278));
#251=CARTESIAN_POINT('',(3.454,6.401,0.0));
#250=VERTEX_POINT('',#251);
#249=EDGE_CURVE('',#250,#201,#254,.T.);
#254=LINE('',#251,#256);
#256=VECTOR('',#257,12.8016);
#257=DIRECTION('',(0.0,-1.0,0.0));
#248=ORIENTED_EDGE('',*,*,#249,.F.);
#261=CARTESIAN_POINT('',(3.454,6.401,5.639));
#260=VERTEX_POINT('',#261);
#259=EDGE_CURVE('',#260,#250,#264,.T.);
#264=LINE('',#261,#266);
#266=VECTOR('',#267,5.6388);
#267=DIRECTION('',(0.0,0.0,-1.0));
#258=ORIENTED_EDGE('',*,*,#259,.F.);
#269=EDGE_CURVE('',#211,#260,#274,.T.);
#274=LINE('',#212,#276);
#276=VECTOR('',#277,12.8016);
#277=DIRECTION('',(0.0,1.0,0.0));
#268=ORIENTED_EDGE('',*,*,#269,.F.);
#278=ORIENTED_EDGE('',*,*,#210,.T.);
#288=STYLED_ITEM('',(#43),#289);
#289=ADVANCED_FACE('',(#295),#290,.T.);
#290=PLANE('',#291);
#291=AXIS2_PLACEMENT_3D('',#292,#293,#294);
#292=CARTESIAN_POINT('',(3.454,6.401,0.0));
#293=DIRECTION('',(0.0,1.0,0.0));
#294=DIRECTION('',(0.,0.,1.));
#295=FACE_OUTER_BOUND('',#296,.T.);
#296=EDGE_LOOP('',(#297,#307,#317,#327));
#300=CARTESIAN_POINT('',(-3.454,6.401,0.0));
#299=VERTEX_POINT('',#300);
#298=EDGE_CURVE('',#299,#250,#303,.T.);
#303=LINE('',#300,#305);
#305=VECTOR('',#306,6.9088);
#306=DIRECTION('',(1.0,0.0,0.0));
#297=ORIENTED_EDGE('',*,*,#298,.F.);
#310=CARTESIAN_POINT('',(-3.454,6.401,5.639));
#309=VERTEX_POINT('',#310);
#308=EDGE_CURVE('',#309,#299,#313,.T.);
#313=LINE('',#310,#315);
#315=VECTOR('',#316,5.6388);
#316=DIRECTION('',(0.0,0.0,-1.0));
#307=ORIENTED_EDGE('',*,*,#308,.F.);
#318=EDGE_CURVE('',#260,#309,#323,.T.);
#323=LINE('',#261,#325);
#325=VECTOR('',#326,6.9088);
#326=DIRECTION('',(-1.0,0.0,0.0));
#317=ORIENTED_EDGE('',*,*,#318,.F.);
#327=ORIENTED_EDGE('',*,*,#259,.T.);
#337=STYLED_ITEM('',(#43),#338);
#338=ADVANCED_FACE('',(#344),#339,.T.);
#339=PLANE('',#340);
#340=AXIS2_PLACEMENT_3D('',#341,#342,#343);
#341=CARTESIAN_POINT('',(-3.454,6.401,0.0));
#342=DIRECTION('',(-1.0,0.0,0.0));
#343=DIRECTION('',(0.,0.,1.));
#344=FACE_OUTER_BOUND('',#345,.T.);
#345=EDGE_LOOP('',(#346,#356,#366,#376));
#347=EDGE_CURVE('',#203,#299,#352,.T.);
#352=LINE('',#204,#354);
#354=VECTOR('',#355,12.8016);
#355=DIRECTION('',(0.0,1.0,0.0));
#346=ORIENTED_EDGE('',*,*,#347,.F.);
#356=ORIENTED_EDGE('',*,*,#230,.T.);
#367=EDGE_CURVE('',#309,#221,#372,.T.);
#372=LINE('',#310,#374);
#374=VECTOR('',#375,12.8016);
#375=DIRECTION('',(0.0,-1.0,0.0));
#366=ORIENTED_EDGE('',*,*,#367,.F.);
#376=ORIENTED_EDGE('',*,*,#308,.T.);
#386=STYLED_ITEM('',(#43),#387);
#387=ADVANCED_FACE('',(#393),#388,.T.);
#388=PLANE('',#389);
#389=AXIS2_PLACEMENT_3D('',#390,#391,#392);
#390=CARTESIAN_POINT('',(-3.454,6.401,0.0));
#391=DIRECTION('',(0.0,0.0,-1.0));
#392=DIRECTION('',(0.,1.,0.));
#393=FACE_OUTER_BOUND('',#394,.T.);
#394=EDGE_LOOP('',(#395,#405,#415,#425));
#395=ORIENTED_EDGE('',*,*,#298,.T.);
#405=ORIENTED_EDGE('',*,*,#249,.T.);
#415=ORIENTED_EDGE('',*,*,#200,.T.);
#425=ORIENTED_EDGE('',*,*,#347,.T.);
#435=STYLED_ITEM('',(#43),#436);
#436=ADVANCED_FACE('',(#442),#437,.T.);
#437=PLANE('',#438);
#438=AXIS2_PLACEMENT_3D('',#439,#440,#441);
#439=CARTESIAN_POINT('',(-3.454,-6.401,5.639));
#440=DIRECTION('',(0.0,0.0,1.0));
#441=DIRECTION('',(0.,1.,0.));
#442=FACE_OUTER_BOUND('',#443,.T.);
#443=EDGE_LOOP('',(#444,#454,#464,#474));
#444=ORIENTED_EDGE('',*,*,#220,.T.);
#454=ORIENTED_EDGE('',*,*,#269,.T.);
#464=ORIENTED_EDGE('',*,*,#318,.T.);
#474=ORIENTED_EDGE('',*,*,#367,.T.);
#485=MANIFOLD_SOLID_BREP($,#486);
#486=CLOSED_SHELL('',(#488,#537,#586,#635,#684,#733,#782,#831,#880,#931,#982,#1033,#1084,#1220));
#487=STYLED_ITEM('',(#34),#488);
#488=ADVANCED_FACE('',(#494),#489,.T.);
#489=PLANE('',#490);
#490=AXIS2_PLACEMENT_3D('',#491,#492,#493);
#491=CARTESIAN_POINT('',(-3.454,4.094,0.238));
#492=DIRECTION('',(1.0,0.0,0.0));
#493=DIRECTION('',(0.,0.,1.));
#494=FACE_OUTER_BOUND('',#495,.T.);
#495=EDGE_LOOP('',(#496,#506,#516,#526));
#499=CARTESIAN_POINT('',(-3.454,4.796,0.238));
#498=VERTEX_POINT('',#499);
#501=CARTESIAN_POINT('',(-3.454,4.094,0.238));
#500=VERTEX_POINT('',#501);
#497=EDGE_CURVE('',#498,#500,#502,.T.);
#502=LINE('',#499,#504);
#504=VECTOR('',#505,0.702055988260175);
#505=DIRECTION('',(0.0,-1.0,0.0));
#496=ORIENTED_EDGE('',*,*,#497,.F.);
#509=CARTESIAN_POINT('',(-3.454,4.796,0.318));
#508=VERTEX_POINT('',#509);
#507=EDGE_CURVE('',#508,#498,#512,.T.);
#512=LINE('',#509,#514);
#514=VECTOR('',#515,0.079375);
#515=DIRECTION('',(0.0,0.0,-1.0));
#506=ORIENTED_EDGE('',*,*,#507,.F.);
#519=CARTESIAN_POINT('',(-3.454,4.094,0.318));
#518=VERTEX_POINT('',#519);
#517=EDGE_CURVE('',#518,#508,#522,.T.);
#522=LINE('',#519,#524);
#524=VECTOR('',#525,0.702055988260175);
#525=DIRECTION('',(0.0,1.0,0.0));
#516=ORIENTED_EDGE('',*,*,#517,.F.);
#527=EDGE_CURVE('',#500,#518,#532,.T.);
#532=LINE('',#501,#534);
#534=VECTOR('',#535,0.079375);
#535=DIRECTION('',(0.0,0.0,1.0));
#526=ORIENTED_EDGE('',*,*,#527,.F.);
#536=STYLED_ITEM('',(#34),#537);
#537=ADVANCED_FACE('',(#543),#538,.T.);
#538=PLANE('',#539);
#539=AXIS2_PLACEMENT_3D('',#540,#541,#542);
#540=CARTESIAN_POINT('',(-3.454,4.094,0.318));
#541=DIRECTION('',(0.0,0.0,1.0));
#542=DIRECTION('',(0.,1.,0.));
#543=FACE_OUTER_BOUND('',#544,.T.);
#544=EDGE_LOOP('',(#545,#555,#565,#575));
#545=ORIENTED_EDGE('',*,*,#517,.T.);
#558=CARTESIAN_POINT('',(-4.058,4.796,0.318));
#557=VERTEX_POINT('',#558);
#556=EDGE_CURVE('',#557,#508,#561,.T.);
#561=LINE('',#558,#563);
#563=VECTOR('',#564,0.60343152994313);
#564=DIRECTION('',(1.0,0.0,0.0));
#555=ORIENTED_EDGE('',*,*,#556,.F.);
#568=CARTESIAN_POINT('',(-4.058,4.094,0.318));
#567=VERTEX_POINT('',#568);
#566=EDGE_CURVE('',#567,#557,#571,.T.);
#571=LINE('',#568,#573);
#573=VECTOR('',#574,0.702055988653471);
#574=DIRECTION('',(0.0,1.0,0.0));
#565=ORIENTED_EDGE('',*,*,#566,.F.);
#576=EDGE_CURVE('',#518,#567,#581,.T.);
#581=LINE('',#519,#583);
#583=VECTOR('',#584,0.603431529943131);
#584=DIRECTION('',(-1.0,0.0,0.0));
#575=ORIENTED_EDGE('',*,*,#576,.F.);
#585=STYLED_ITEM('',(#34),#586);
#586=ADVANCED_FACE('',(#592),#587,.T.);
#587=PLANE('',#588);
#588=AXIS2_PLACEMENT_3D('',#589,#590,#591);
#589=CARTESIAN_POINT('',(-3.454,4.796,0.238));
#590=DIRECTION('',(0.0,0.0,-1.0));
#591=DIRECTION('',(0.,1.,0.));
#592=FACE_OUTER_BOUND('',#593,.T.);
#593=EDGE_LOOP('',(#594,#604,#614,#624));
#594=ORIENTED_EDGE('',*,*,#497,.T.);
#607=CARTESIAN_POINT('',(-4.058,4.094,0.238));
#606=VERTEX_POINT('',#607);
#605=EDGE_CURVE('',#606,#500,#610,.T.);
#610=LINE('',#607,#612);
#612=VECTOR('',#613,0.603431529943131);
#613=DIRECTION('',(1.0,0.0,0.0));
#604=ORIENTED_EDGE('',*,*,#605,.F.);
#617=CARTESIAN_POINT('',(-4.058,4.796,0.238));
#616=VERTEX_POINT('',#617);
#615=EDGE_CURVE('',#616,#606,#620,.T.);
#620=LINE('',#617,#622);
#622=VECTOR('',#623,0.702055988653471);
#623=DIRECTION('',(0.0,-1.0,0.0));
#614=ORIENTED_EDGE('',*,*,#615,.F.);
#625=EDGE_CURVE('',#498,#616,#630,.T.);
#630=LINE('',#499,#632);
#632=VECTOR('',#633,0.60343152994313);
#633=DIRECTION('',(-1.0,0.0,0.0));
#624=ORIENTED_EDGE('',*,*,#625,.F.);
#634=STYLED_ITEM('',(#34),#635);
#635=ADVANCED_FACE('',(#641),#636,.T.);
#636=PLANE('',#637);
#637=AXIS2_PLACEMENT_3D('',#638,#639,#640);
#638=CARTESIAN_POINT('',(-4.228,4.796,0.138));
#639=DIRECTION('',(-0.966,0.0,0.259));
#640=DIRECTION('',(0.,0.,1.));
#641=FACE_OUTER_BOUND('',#642,.T.);
#642=EDGE_LOOP('',(#643,#653,#663,#673));
#646=CARTESIAN_POINT('',(-4.228,4.094,0.138));
#645=VERTEX_POINT('',#646);
#648=CARTESIAN_POINT('',(-4.228,4.796,0.138));
#647=VERTEX_POINT('',#648);
#644=EDGE_CURVE('',#645,#647,#649,.T.);
#649=LINE('',#646,#651);
#651=VECTOR('',#652,0.702055988954794);
#652=DIRECTION('',(0.0,1.0,0.0));
#643=ORIENTED_EDGE('',*,*,#644,.F.);
#656=CARTESIAN_POINT('',(-4.211,4.094,0.2));
#655=VERTEX_POINT('',#656);
#654=EDGE_CURVE('',#655,#645,#659,.T.);
#659=LINE('',#656,#661);
#661=VECTOR('',#662,0.0638046201988475);
#662=DIRECTION('',(-0.259,0.0,-0.966));
#653=ORIENTED_EDGE('',*,*,#654,.F.);
#666=CARTESIAN_POINT('',(-4.211,4.796,0.2));
#665=VERTEX_POINT('',#666);
#664=EDGE_CURVE('',#665,#655,#669,.T.);
#669=LINE('',#666,#671);
#671=VECTOR('',#672,0.702055988917149);
#672=DIRECTION('',(0.0,-1.0,0.0));
#663=ORIENTED_EDGE('',*,*,#664,.F.);
#674=EDGE_CURVE('',#647,#665,#679,.T.);
#679=LINE('',#648,#681);
#681=VECTOR('',#682,0.0638046201988475);
#682=DIRECTION('',(0.259,0.0,0.966));
#673=ORIENTED_EDGE('',*,*,#674,.F.);
#683=STYLED_ITEM('',(#34),#684);
#684=ADVANCED_FACE('',(#690),#685,.T.);
#685=PLANE('',#686);
#686=AXIS2_PLACEMENT_3D('',#687,#688,#689);
#687=CARTESIAN_POINT('',(-4.151,4.094,0.118));
#688=DIRECTION('',(0.966,0.0,-0.259));
#689=DIRECTION('',(0.,0.,1.));
#690=FACE_OUTER_BOUND('',#691,.T.);
#691=EDGE_LOOP('',(#692,#702,#712,#722));
#695=CARTESIAN_POINT('',(-4.151,4.796,0.118));
#694=VERTEX_POINT('',#695);
#697=CARTESIAN_POINT('',(-4.151,4.094,0.118));
#696=VERTEX_POINT('',#697);
#693=EDGE_CURVE('',#694,#696,#698,.T.);
#698=LINE('',#695,#700);
#700=VECTOR('',#701,0.702055988797257);
#701=DIRECTION('',(0.0,-1.0,0.0));
#692=ORIENTED_EDGE('',*,*,#693,.F.);
#705=CARTESIAN_POINT('',(-4.135,4.796,0.179));
#704=VERTEX_POINT('',#705);
#703=EDGE_CURVE('',#704,#694,#708,.T.);
#708=LINE('',#705,#710);
#710=VECTOR('',#711,0.063804620201212);
#711=DIRECTION('',(-0.259,0.0,-0.966));
#702=ORIENTED_EDGE('',*,*,#703,.F.);
#715=CARTESIAN_POINT('',(-4.135,4.094,0.179));
#714=VERTEX_POINT('',#715);
#713=EDGE_CURVE('',#714,#704,#718,.T.);
#718=LINE('',#715,#720);
#720=VECTOR('',#721,0.702055988768467);
#721=DIRECTION('',(0.0,1.0,0.0));
#712=ORIENTED_EDGE('',*,*,#713,.F.);
#723=EDGE_CURVE('',#696,#714,#728,.T.);
#728=LINE('',#697,#730);
#730=VECTOR('',#731,0.0638046202012121);
#731=DIRECTION('',(0.259,0.0,0.966));
#722=ORIENTED_EDGE('',*,*,#723,.F.);
#732=STYLED_ITEM('',(#34),#733);
#733=ADVANCED_FACE('',(#739),#734,.T.);
#734=PLANE('',#735);
#735=AXIS2_PLACEMENT_3D('',#736,#737,#738);
#736=CARTESIAN_POINT('',(-4.908,4.796,0.079));
#737=DIRECTION('',(0.0,0.0,1.0));
#738=DIRECTION('',(0.,1.,0.));
#739=FACE_OUTER_BOUND('',#740,.T.);
#740=EDGE_LOOP('',(#741,#751,#761,#771));
#744=CARTESIAN_POINT('',(-4.908,4.094,0.079));
#743=VERTEX_POINT('',#744);
#746=CARTESIAN_POINT('',(-4.908,4.796,0.079));
#745=VERTEX_POINT('',#746);
#742=EDGE_CURVE('',#743,#745,#747,.T.);
#747=LINE('',#744,#749);
#749=VECTOR('',#750,0.702056);
#750=DIRECTION('',(0.0,1.0,0.0));
#741=ORIENTED_EDGE('',*,*,#742,.F.);
#754=CARTESIAN_POINT('',(-4.304,4.094,0.079));
#753=VERTEX_POINT('',#754);
#752=EDGE_CURVE('',#753,#743,#757,.T.);
#757=LINE('',#754,#759);
#759=VECTOR('',#760,0.603431524614586);
#760=DIRECTION('',(-1.0,0.0,0.0));
#751=ORIENTED_EDGE('',*,*,#752,.F.);
#764=CARTESIAN_POINT('',(-4.304,4.796,0.079));
#763=VERTEX_POINT('',#764);
#762=EDGE_CURVE('',#763,#753,#767,.T.);
#767=LINE('',#764,#769);
#769=VECTOR('',#770,0.702055989163484);
#770=DIRECTION('',(0.0,-1.0,0.0));
#761=ORIENTED_EDGE('',*,*,#762,.F.);
#772=EDGE_CURVE('',#745,#763,#777,.T.);
#777=LINE('',#746,#779);
#779=VECTOR('',#780,0.603431524614585);
#780=DIRECTION('',(1.0,0.0,0.0));
#771=ORIENTED_EDGE('',*,*,#772,.F.);
#781=STYLED_ITEM('',(#34),#782);
#782=ADVANCED_FACE('',(#788),#783,.T.);
#783=PLANE('',#784);
#784=AXIS2_PLACEMENT_3D('',#785,#786,#787);
#785=CARTESIAN_POINT('',(-4.304,4.796,0.0));
#786=DIRECTION('',(0.0,0.0,-1.0));
#787=DIRECTION('',(0.,1.,0.));
#788=FACE_OUTER_BOUND('',#789,.T.);
#789=EDGE_LOOP('',(#790,#800,#810,#820));
#793=CARTESIAN_POINT('',(-4.304,4.094,0.0));
#792=VERTEX_POINT('',#793);
#795=CARTESIAN_POINT('',(-4.304,4.796,0.0));
#794=VERTEX_POINT('',#795);
#791=EDGE_CURVE('',#792,#794,#796,.T.);
#796=LINE('',#793,#798);
#798=VECTOR('',#799,0.702055989163484);
#799=DIRECTION('',(0.0,1.0,0.0));
#790=ORIENTED_EDGE('',*,*,#791,.F.);
#803=CARTESIAN_POINT('',(-4.908,4.094,0.0));
#802=VERTEX_POINT('',#803);
#801=EDGE_CURVE('',#802,#792,#806,.T.);
#806=LINE('',#803,#808);
#808=VECTOR('',#809,0.603431524614586);
#809=DIRECTION('',(1.0,0.0,0.0));
#800=ORIENTED_EDGE('',*,*,#801,.F.);
#813=CARTESIAN_POINT('',(-4.908,4.796,0.0));
#812=VERTEX_POINT('',#813);
#811=EDGE_CURVE('',#812,#802,#816,.T.);
#816=LINE('',#813,#818);
#818=VECTOR('',#819,0.702056);
#819=DIRECTION('',(0.0,-1.0,0.0));
#810=ORIENTED_EDGE('',*,*,#811,.F.);
#821=EDGE_CURVE('',#794,#812,#826,.T.);
#826=LINE('',#795,#828);
#828=VECTOR('',#829,0.603431524614585);
#829=DIRECTION('',(-1.0,0.0,0.0));
#820=ORIENTED_EDGE('',*,*,#821,.F.);
#830=STYLED_ITEM('',(#34),#831);
#831=ADVANCED_FACE('',(#837),#832,.T.);
#832=PLANE('',#833);
#833=AXIS2_PLACEMENT_3D('',#834,#835,#836);
#834=CARTESIAN_POINT('',(-4.908,4.796,0.0));
#835=DIRECTION('',(-1.0,0.0,0.0));
#836=DIRECTION('',(0.,0.,1.));
#837=FACE_OUTER_BOUND('',#838,.T.);
#838=EDGE_LOOP('',(#839,#849,#859,#869));
#839=ORIENTED_EDGE('',*,*,#811,.T.);
#850=EDGE_CURVE('',#743,#802,#855,.T.);
#855=LINE('',#744,#857);
#857=VECTOR('',#858,0.079375);
#858=DIRECTION('',(0.0,0.0,-1.0));
#849=ORIENTED_EDGE('',*,*,#850,.F.);
#859=ORIENTED_EDGE('',*,*,#742,.T.);
#870=EDGE_CURVE('',#812,#745,#875,.T.);
#875=LINE('',#813,#877);
#877=VECTOR('',#878,0.079375);
#878=DIRECTION('',(0.0,0.0,1.0));
#869=ORIENTED_EDGE('',*,*,#870,.F.);
#879=STYLED_ITEM($,(#34),#880);
#880=ADVANCED_FACE($,(#886),#881,.T.);
#881=CYLINDRICAL_SURFACE($,#882,0.15875);
#882=AXIS2_PLACEMENT_3D($,#883,#884,#885);
#883=CARTESIAN_POINT('',(-4.058,4.094,0.159));
#884=DIRECTION('',(0.0,-1.0,0.0));
#885=DIRECTION('',(0.,0.,1.));
#886=FACE_OUTER_BOUND($,#887,.T.);
#887=EDGE_LOOP($,(#899,#909,#920,#888));
#899=ORIENTED_EDGE('',*,*,#566,.T.);
#910=EDGE_CURVE($,#665,#557,#915,.T.);
#915=CIRCLE($,#916,0.15875);
#917=CARTESIAN_POINT('',(-4.058,4.796,0.159));
#916=AXIS2_PLACEMENT_3D($,#917,#918,#919);
#918=DIRECTION('',(0.0,1.0,0.0));
#919=DIRECTION('',(0.793,0.0,0.609));
#909=ORIENTED_EDGE('',*,*,#910,.F.);
#920=ORIENTED_EDGE('',*,*,#664,.T.);
#889=EDGE_CURVE($,#567,#655,#894,.T.);
#894=CIRCLE($,#895,0.15875);
#896=CARTESIAN_POINT('',(-4.058,4.094,0.159));
#895=AXIS2_PLACEMENT_3D($,#896,#897,#898);
#897=DIRECTION('',(0.0,-1.0,0.0));
#898=DIRECTION('',(-0.793,0.0,-0.609));
#888=ORIENTED_EDGE('',*,*,#889,.F.);
#930=STYLED_ITEM($,(#34),#931);
#931=ADVANCED_FACE($,(#937),#932,.F.);
#932=CYLINDRICAL_SURFACE($,#933,0.079375);
#933=AXIS2_PLACEMENT_3D($,#934,#935,#936);
#934=CARTESIAN_POINT('',(-4.058,4.796,0.159));
#935=DIRECTION('',(0.0,-1.0,0.0));
#936=DIRECTION('',(0.,0.,-1.));
#937=FACE_OUTER_BOUND($,#938,.T.);
#938=EDGE_LOOP($,(#950,#960,#971,#939));
#950=ORIENTED_EDGE('',*,*,#615,.T.);
#961=EDGE_CURVE($,#714,#606,#966,.T.);
#966=CIRCLE($,#967,0.079375);
#967=AXIS2_PLACEMENT_3D($,#896,#969,#970);
#969=DIRECTION('',(0.0,1.0,0.0));
#970=DIRECTION('',(0.793,0.0,0.609));
#960=ORIENTED_EDGE('',*,*,#961,.F.);
#971=ORIENTED_EDGE('',*,*,#713,.T.);
#940=EDGE_CURVE($,#616,#704,#945,.T.);
#945=CIRCLE($,#946,0.079375);
#946=AXIS2_PLACEMENT_3D($,#917,#948,#949);
#948=DIRECTION('',(0.0,-1.0,0.0));
#949=DIRECTION('',(-0.793,0.0,-0.609));
#939=ORIENTED_EDGE('',*,*,#940,.F.);
#981=STYLED_ITEM($,(#34),#982);
#982=ADVANCED_FACE($,(#988),#983,.F.);
#983=CYLINDRICAL_SURFACE($,#984,0.079375);
#984=AXIS2_PLACEMENT_3D($,#985,#986,#987);
#985=CARTESIAN_POINT('',(-4.304,4.796,0.159));
#986=DIRECTION('',(0.0,-1.0,0.0));
#987=DIRECTION('',(0.,0.,1.));
#988=FACE_OUTER_BOUND($,#989,.T.);
#989=EDGE_LOOP($,(#1001,#1011,#1022,#990));
#1001=ORIENTED_EDGE('',*,*,#762,.T.);
#1012=EDGE_CURVE($,#645,#753,#1017,.T.);
#1017=CIRCLE($,#1018,0.079375);
#1019=CARTESIAN_POINT('',(-4.304,4.094,0.159));
#1018=AXIS2_PLACEMENT_3D($,#1019,#1020,#1021);
#1020=DIRECTION('',(0.0,1.0,0.0));
#1021=DIRECTION('',(-0.793,0.0,-0.609));
#1011=ORIENTED_EDGE('',*,*,#1012,.F.);
#1022=ORIENTED_EDGE('',*,*,#644,.T.);
#991=EDGE_CURVE($,#763,#647,#996,.T.);
#996=CIRCLE($,#997,0.079375);
#998=CARTESIAN_POINT('',(-4.304,4.796,0.159));
#997=AXIS2_PLACEMENT_3D($,#998,#999,#1000);
#999=DIRECTION('',(0.0,-1.0,0.0));
#1000=DIRECTION('',(0.793,0.0,0.609));
#990=ORIENTED_EDGE('',*,*,#991,.F.);
#1032=STYLED_ITEM($,(#34),#1033);
#1033=ADVANCED_FACE($,(#1039),#1034,.T.);
#1034=CYLINDRICAL_SURFACE($,#1035,0.15875);
#1035=AXIS2_PLACEMENT_3D($,#1036,#1037,#1038);
#1036=CARTESIAN_POINT('',(-4.304,4.796,0.159));
#1037=DIRECTION('',(0.0,-1.0,0.0));
#1038=DIRECTION('',(0.,0.,-1.));
#1039=FACE_OUTER_BOUND($,#1040,.T.);
#1040=EDGE_LOOP($,(#1052,#1062,#1073,#1041));
#1052=ORIENTED_EDGE('',*,*,#791,.T.);
#1063=EDGE_CURVE($,#694,#794,#1068,.T.);
#1068=CIRCLE($,#1069,0.15875);
#1069=AXIS2_PLACEMENT_3D($,#998,#1071,#1072);
#1071=DIRECTION('',(0.0,1.0,0.0));
#1072=DIRECTION('',(-0.793,0.0,-0.609));
#1062=ORIENTED_EDGE('',*,*,#1063,.F.);
#1073=ORIENTED_EDGE('',*,*,#693,.T.);
#1042=EDGE_CURVE($,#792,#696,#1047,.T.);
#1047=CIRCLE($,#1048,0.15875);
#1048=AXIS2_PLACEMENT_3D($,#1019,#1050,#1051);
#1050=DIRECTION('',(0.0,-1.0,0.0));
#1051=DIRECTION('',(0.793,0.0,0.609));
#1041=ORIENTED_EDGE('',*,*,#1042,.F.);
#1083=STYLED_ITEM('color',(#34),#1084);
#1084=ADVANCED_FACE($,(#1090),#1085,.T.);
#1085=PLANE($,#1086);
#1086=AXIS2_PLACEMENT_3D($,#1087,#1088,#1089);
#1087=CARTESIAN_POINT('',(-3.454,4.796,0.238));
#1088=DIRECTION('',(0.0,1.0,0.0));
#1089=DIRECTION('',(1.,0.,0.));
#1090=FACE_OUTER_BOUND($,#1091,.T.);
#1091=EDGE_LOOP($,(#1094, #1104, #1114, #1177, #1188, #1124, #1135, #1145, #1155, #1165, #1198, #1208));
#1094=ORIENTED_EDGE('',*,*,#556,.T.);
#1104=ORIENTED_EDGE('',*,*,#507,.T.);
#1114=ORIENTED_EDGE('',*,*,#625,.T.);
#1177=ORIENTED_EDGE('',*,*,#940,.T.);
#1188=ORIENTED_EDGE('',*,*,#703,.T.);
#1124=ORIENTED_EDGE('',*,*,#1063,.T.);
#1135=ORIENTED_EDGE('',*,*,#821,.T.);
#1145=ORIENTED_EDGE('',*,*,#870,.T.);
#1155=ORIENTED_EDGE('',*,*,#772,.T.);
#1165=ORIENTED_EDGE('',*,*,#991,.T.);
#1198=ORIENTED_EDGE('',*,*,#674,.T.);
#1208=ORIENTED_EDGE('',*,*,#910,.T.);
#1219=STYLED_ITEM('color',(#34),#1220);
#1220=ADVANCED_FACE($,(#1226),#1221,.T.);
#1221=PLANE($,#1222);
#1222=AXIS2_PLACEMENT_3D($,#1223,#1224,#1225);
#1223=CARTESIAN_POINT('',(-4.304,4.094,0.079));
#1224=DIRECTION('',(0.0,-1.0,0.0));
#1225=DIRECTION('',(1.,0.,0.));
#1226=FACE_OUTER_BOUND($,#1227,.T.);
#1227=EDGE_LOOP($,(#1230, #1240, #1250, #1313, #1324, #1260, #1271, #1281, #1291, #1301, #1334, #1344));
#1230=ORIENTED_EDGE('',*,*,#605,.T.);
#1240=ORIENTED_EDGE('',*,*,#527,.T.);
#1250=ORIENTED_EDGE('',*,*,#576,.T.);
#1313=ORIENTED_EDGE('',*,*,#889,.T.);
#1324=ORIENTED_EDGE('',*,*,#654,.T.);
#1260=ORIENTED_EDGE('',*,*,#1012,.T.);
#1271=ORIENTED_EDGE('',*,*,#752,.T.);
#1281=ORIENTED_EDGE('',*,*,#850,.T.);
#1291=ORIENTED_EDGE('',*,*,#801,.T.);
#1301=ORIENTED_EDGE('',*,*,#1042,.T.);
#1334=ORIENTED_EDGE('',*,*,#723,.T.);
#1344=ORIENTED_EDGE('',*,*,#961,.T.);
#1355=MANIFOLD_SOLID_BREP($,#1356);
#1356=CLOSED_SHELL('',(#1358,#1407,#1456,#1505,#1554,#1603,#1652,#1701,#1750,#1801,#1852,#1903,#1954,#2090));
#1357=STYLED_ITEM('',(#34),#1358);
#1358=ADVANCED_FACE('',(#1364),#1359,.T.);
#1359=PLANE('',#1360);
#1360=AXIS2_PLACEMENT_3D('',#1361,#1362,#1363);
#1361=CARTESIAN_POINT('',(-3.454,2.824,0.238));
#1362=DIRECTION('',(1.0,0.0,0.0));
#1363=DIRECTION('',(0.,0.,1.));
#1364=FACE_OUTER_BOUND('',#1365,.T.);
#1365=EDGE_LOOP('',(#1366,#1376,#1386,#1396));
#1369=CARTESIAN_POINT('',(-3.454,3.526,0.238));
#1368=VERTEX_POINT('',#1369);
#1371=CARTESIAN_POINT('',(-3.454,2.824,0.238));
#1370=VERTEX_POINT('',#1371);
#1367=EDGE_CURVE('',#1368,#1370,#1372,.T.);
#1372=LINE('',#1369,#1374);
#1374=VECTOR('',#1375,0.702055988260174);
#1375=DIRECTION('',(0.0,-1.0,0.0));
#1366=ORIENTED_EDGE('',*,*,#1367,.F.);
#1379=CARTESIAN_POINT('',(-3.454,3.526,0.318));
#1378=VERTEX_POINT('',#1379);
#1377=EDGE_CURVE('',#1378,#1368,#1382,.T.);
#1382=LINE('',#1379,#1384);
#1384=VECTOR('',#1385,0.079375);
#1385=DIRECTION('',(0.0,0.0,-1.0));
#1376=ORIENTED_EDGE('',*,*,#1377,.F.);
#1389=CARTESIAN_POINT('',(-3.454,2.824,0.318));
#1388=VERTEX_POINT('',#1389);
#1387=EDGE_CURVE('',#1388,#1378,#1392,.T.);
#1392=LINE('',#1389,#1394);
#1394=VECTOR('',#1395,0.702055988260174);
#1395=DIRECTION('',(0.0,1.0,0.0));
#1386=ORIENTED_EDGE('',*,*,#1387,.F.);
#1397=EDGE_CURVE('',#1370,#1388,#1402,.T.);
#1402=LINE('',#1371,#1404);
#1404=VECTOR('',#1405,0.079375);
#1405=DIRECTION('',(0.0,0.0,1.0));
#1396=ORIENTED_EDGE('',*,*,#1397,.F.);
#1406=STYLED_ITEM('',(#34),#1407);
#1407=ADVANCED_FACE('',(#1413),#1408,.T.);
#1408=PLANE('',#1409);
#1409=AXIS2_PLACEMENT_3D('',#1410,#1411,#1412);
#1410=CARTESIAN_POINT('',(-3.454,2.824,0.318));
#1411=DIRECTION('',(0.0,0.0,1.0));
#1412=DIRECTION('',(0.,1.,0.));
#1413=FACE_OUTER_BOUND('',#1414,.T.);
#1414=EDGE_LOOP('',(#1415,#1425,#1435,#1445));
#1415=ORIENTED_EDGE('',*,*,#1387,.T.);
#1428=CARTESIAN_POINT('',(-4.058,3.526,0.318));
#1427=VERTEX_POINT('',#1428);
#1426=EDGE_CURVE('',#1427,#1378,#1431,.T.);
#1431=LINE('',#1428,#1433);
#1433=VECTOR('',#1434,0.60343152994313);
#1434=DIRECTION('',(1.0,0.0,0.0));
#1425=ORIENTED_EDGE('',*,*,#1426,.F.);
#1438=CARTESIAN_POINT('',(-4.058,2.824,0.318));
#1437=VERTEX_POINT('',#1438);
#1436=EDGE_CURVE('',#1437,#1427,#1441,.T.);
#1441=LINE('',#1438,#1443);
#1443=VECTOR('',#1444,0.702055988653471);
#1444=DIRECTION('',(0.0,1.0,0.0));
#1435=ORIENTED_EDGE('',*,*,#1436,.F.);
#1446=EDGE_CURVE('',#1388,#1437,#1451,.T.);
#1451=LINE('',#1389,#1453);
#1453=VECTOR('',#1454,0.603431529943131);
#1454=DIRECTION('',(-1.0,0.0,0.0));
#1445=ORIENTED_EDGE('',*,*,#1446,.F.);
#1455=STYLED_ITEM('',(#34),#1456);
#1456=ADVANCED_FACE('',(#1462),#1457,.T.);
#1457=PLANE('',#1458);
#1458=AXIS2_PLACEMENT_3D('',#1459,#1460,#1461);
#1459=CARTESIAN_POINT('',(-3.454,3.526,0.238));
#1460=DIRECTION('',(0.0,0.0,-1.0));
#1461=DIRECTION('',(0.,1.,0.));
#1462=FACE_OUTER_BOUND('',#1463,.T.);
#1463=EDGE_LOOP('',(#1464,#1474,#1484,#1494));
#1464=ORIENTED_EDGE('',*,*,#1367,.T.);
#1477=CARTESIAN_POINT('',(-4.058,2.824,0.238));
#1476=VERTEX_POINT('',#1477);
#1475=EDGE_CURVE('',#1476,#1370,#1480,.T.);
#1480=LINE('',#1477,#1482);
#1482=VECTOR('',#1483,0.603431529943131);
#1483=DIRECTION('',(1.0,0.0,0.0));
#1474=ORIENTED_EDGE('',*,*,#1475,.F.);
#1487=CARTESIAN_POINT('',(-4.058,3.526,0.238));
#1486=VERTEX_POINT('',#1487);
#1485=EDGE_CURVE('',#1486,#1476,#1490,.T.);
#1490=LINE('',#1487,#1492);
#1492=VECTOR('',#1493,0.702055988653471);
#1493=DIRECTION('',(0.0,-1.0,0.0));
#1484=ORIENTED_EDGE('',*,*,#1485,.F.);
#1495=EDGE_CURVE('',#1368,#1486,#1500,.T.);
#1500=LINE('',#1369,#1502);
#1502=VECTOR('',#1503,0.60343152994313);
#1503=DIRECTION('',(-1.0,0.0,0.0));
#1494=ORIENTED_EDGE('',*,*,#1495,.F.);
#1504=STYLED_ITEM('',(#34),#1505);
#1505=ADVANCED_FACE('',(#1511),#1506,.T.);
#1506=PLANE('',#1507);
#1507=AXIS2_PLACEMENT_3D('',#1508,#1509,#1510);
#1508=CARTESIAN_POINT('',(-4.228,3.526,0.138));
#1509=DIRECTION('',(-0.966,0.0,0.259));
#1510=DIRECTION('',(0.,0.,1.));
#1511=FACE_OUTER_BOUND('',#1512,.T.);
#1512=EDGE_LOOP('',(#1513,#1523,#1533,#1543));
#1516=CARTESIAN_POINT('',(-4.228,2.824,0.138));
#1515=VERTEX_POINT('',#1516);
#1518=CARTESIAN_POINT('',(-4.228,3.526,0.138));
#1517=VERTEX_POINT('',#1518);
#1514=EDGE_CURVE('',#1515,#1517,#1519,.T.);
#1519=LINE('',#1516,#1521);
#1521=VECTOR('',#1522,0.702055988954794);
#1522=DIRECTION('',(0.0,1.0,0.0));
#1513=ORIENTED_EDGE('',*,*,#1514,.F.);
#1526=CARTESIAN_POINT('',(-4.211,2.824,0.2));
#1525=VERTEX_POINT('',#1526);
#1524=EDGE_CURVE('',#1525,#1515,#1529,.T.);
#1529=LINE('',#1526,#1531);
#1531=VECTOR('',#1532,0.0638046201988475);
#1532=DIRECTION('',(-0.259,0.0,-0.966));
#1523=ORIENTED_EDGE('',*,*,#1524,.F.);
#1536=CARTESIAN_POINT('',(-4.211,3.526,0.2));
#1535=VERTEX_POINT('',#1536);
#1534=EDGE_CURVE('',#1535,#1525,#1539,.T.);
#1539=LINE('',#1536,#1541);
#1541=VECTOR('',#1542,0.702055988917149);
#1542=DIRECTION('',(0.0,-1.0,0.0));
#1533=ORIENTED_EDGE('',*,*,#1534,.F.);
#1544=EDGE_CURVE('',#1517,#1535,#1549,.T.);
#1549=LINE('',#1518,#1551);
#1551=VECTOR('',#1552,0.0638046201988475);
#1552=DIRECTION('',(0.259,0.0,0.966));
#1543=ORIENTED_EDGE('',*,*,#1544,.F.);
#1553=STYLED_ITEM('',(#34),#1554);
#1554=ADVANCED_FACE('',(#1560),#1555,.T.);
#1555=PLANE('',#1556);
#1556=AXIS2_PLACEMENT_3D('',#1557,#1558,#1559);
#1557=CARTESIAN_POINT('',(-4.151,2.824,0.118));
#1558=DIRECTION('',(0.966,0.0,-0.259));
#1559=DIRECTION('',(0.,0.,1.));
#1560=FACE_OUTER_BOUND('',#1561,.T.);
#1561=EDGE_LOOP('',(#1562,#1572,#1582,#1592));
#1565=CARTESIAN_POINT('',(-4.151,3.526,0.118));
#1564=VERTEX_POINT('',#1565);
#1567=CARTESIAN_POINT('',(-4.151,2.824,0.118));
#1566=VERTEX_POINT('',#1567);
#1563=EDGE_CURVE('',#1564,#1566,#1568,.T.);
#1568=LINE('',#1565,#1570);
#1570=VECTOR('',#1571,0.702055988797257);
#1571=DIRECTION('',(0.0,-1.0,0.0));
#1562=ORIENTED_EDGE('',*,*,#1563,.F.);
#1575=CARTESIAN_POINT('',(-4.135,3.526,0.179));
#1574=VERTEX_POINT('',#1575);
#1573=EDGE_CURVE('',#1574,#1564,#1578,.T.);
#1578=LINE('',#1575,#1580);
#1580=VECTOR('',#1581,0.063804620201212);
#1581=DIRECTION('',(-0.259,0.0,-0.966));
#1572=ORIENTED_EDGE('',*,*,#1573,.F.);
#1585=CARTESIAN_POINT('',(-4.135,2.824,0.179));
#1584=VERTEX_POINT('',#1585);
#1583=EDGE_CURVE('',#1584,#1574,#1588,.T.);
#1588=LINE('',#1585,#1590);
#1590=VECTOR('',#1591,0.702055988768467);
#1591=DIRECTION('',(0.0,1.0,0.0));
#1582=ORIENTED_EDGE('',*,*,#1583,.F.);
#1593=EDGE_CURVE('',#1566,#1584,#1598,.T.);
#1598=LINE('',#1567,#1600);
#1600=VECTOR('',#1601,0.0638046202012121);
#1601=DIRECTION('',(0.259,0.0,0.966));
#1592=ORIENTED_EDGE('',*,*,#1593,.F.);
#1602=STYLED_ITEM('',(#34),#1603);
#1603=ADVANCED_FACE('',(#1609),#1604,.T.);
#1604=PLANE('',#1605);
#1605=AXIS2_PLACEMENT_3D('',#1606,#1607,#1608);
#1606=CARTESIAN_POINT('',(-4.908,3.526,0.079));
#1607=DIRECTION('',(0.0,0.0,1.0));
#1608=DIRECTION('',(0.,1.,0.));
#1609=FACE_OUTER_BOUND('',#1610,.T.);
#1610=EDGE_LOOP('',(#1611,#1621,#1631,#1641));
#1614=CARTESIAN_POINT('',(-4.908,2.824,0.079));
#1613=VERTEX_POINT('',#1614);
#1616=CARTESIAN_POINT('',(-4.908,3.526,0.079));
#1615=VERTEX_POINT('',#1616);
#1612=EDGE_CURVE('',#1613,#1615,#1617,.T.);
#1617=LINE('',#1614,#1619);
#1619=VECTOR('',#1620,0.702056);
#1620=DIRECTION('',(0.0,1.0,0.0));
#1611=ORIENTED_EDGE('',*,*,#1612,.F.);
#1624=CARTESIAN_POINT('',(-4.304,2.824,0.079));
#1623=VERTEX_POINT('',#1624);
#1622=EDGE_CURVE('',#1623,#1613,#1627,.T.);
#1627=LINE('',#1624,#1629);
#1629=VECTOR('',#1630,0.603431524614586);
#1630=DIRECTION('',(-1.0,0.0,0.0));
#1621=ORIENTED_EDGE('',*,*,#1622,.F.);
#1634=CARTESIAN_POINT('',(-4.304,3.526,0.079));
#1633=VERTEX_POINT('',#1634);
#1632=EDGE_CURVE('',#1633,#1623,#1637,.T.);
#1637=LINE('',#1634,#1639);
#1639=VECTOR('',#1640,0.702055989163484);
#1640=DIRECTION('',(0.0,-1.0,0.0));
#1631=ORIENTED_EDGE('',*,*,#1632,.F.);
#1642=EDGE_CURVE('',#1615,#1633,#1647,.T.);
#1647=LINE('',#1616,#1649);
#1649=VECTOR('',#1650,0.603431524614585);
#1650=DIRECTION('',(1.0,0.0,0.0));
#1641=ORIENTED_EDGE('',*,*,#1642,.F.);
#1651=STYLED_ITEM('',(#34),#1652);
#1652=ADVANCED_FACE('',(#1658),#1653,.T.);
#1653=PLANE('',#1654);
#1654=AXIS2_PLACEMENT_3D('',#1655,#1656,#1657);
#1655=CARTESIAN_POINT('',(-4.304,3.526,0.0));
#1656=DIRECTION('',(0.0,0.0,-1.0));
#1657=DIRECTION('',(0.,1.,0.));
#1658=FACE_OUTER_BOUND('',#1659,.T.);
#1659=EDGE_LOOP('',(#1660,#1670,#1680,#1690));
#1663=CARTESIAN_POINT('',(-4.304,2.824,0.0));
#1662=VERTEX_POINT('',#1663);
#1665=CARTESIAN_POINT('',(-4.304,3.526,0.0));
#1664=VERTEX_POINT('',#1665);
#1661=EDGE_CURVE('',#1662,#1664,#1666,.T.);
#1666=LINE('',#1663,#1668);
#1668=VECTOR('',#1669,0.702055989163484);
#1669=DIRECTION('',(0.0,1.0,0.0));
#1660=ORIENTED_EDGE('',*,*,#1661,.F.);
#1673=CARTESIAN_POINT('',(-4.908,2.824,0.0));
#1672=VERTEX_POINT('',#1673);
#1671=EDGE_CURVE('',#1672,#1662,#1676,.T.);
#1676=LINE('',#1673,#1678);
#1678=VECTOR('',#1679,0.603431524614586);
#1679=DIRECTION('',(1.0,0.0,0.0));
#1670=ORIENTED_EDGE('',*,*,#1671,.F.);
#1683=CARTESIAN_POINT('',(-4.908,3.526,0.0));
#1682=VERTEX_POINT('',#1683);
#1681=EDGE_CURVE('',#1682,#1672,#1686,.T.);
#1686=LINE('',#1683,#1688);
#1688=VECTOR('',#1689,0.702056);
#1689=DIRECTION('',(0.0,-1.0,0.0));
#1680=ORIENTED_EDGE('',*,*,#1681,.F.);
#1691=EDGE_CURVE('',#1664,#1682,#1696,.T.);
#1696=LINE('',#1665,#1698);
#1698=VECTOR('',#1699,0.603431524614585);
#1699=DIRECTION('',(-1.0,0.0,0.0));
#1690=ORIENTED_EDGE('',*,*,#1691,.F.);
#1700=STYLED_ITEM('',(#34),#1701);
#1701=ADVANCED_FACE('',(#1707),#1702,.T.);
#1702=PLANE('',#1703);
#1703=AXIS2_PLACEMENT_3D('',#1704,#1705,#1706);
#1704=CARTESIAN_POINT('',(-4.908,3.526,0.0));
#1705=DIRECTION('',(-1.0,0.0,0.0));
#1706=DIRECTION('',(0.,0.,1.));
#1707=FACE_OUTER_BOUND('',#1708,.T.);
#1708=EDGE_LOOP('',(#1709,#1719,#1729,#1739));
#1709=ORIENTED_EDGE('',*,*,#1681,.T.);
#1720=EDGE_CURVE('',#1613,#1672,#1725,.T.);
#1725=LINE('',#1614,#1727);
#1727=VECTOR('',#1728,0.079375);
#1728=DIRECTION('',(0.0,0.0,-1.0));
#1719=ORIENTED_EDGE('',*,*,#1720,.F.);
#1729=ORIENTED_EDGE('',*,*,#1612,.T.);
#1740=EDGE_CURVE('',#1682,#1615,#1745,.T.);
#1745=LINE('',#1683,#1747);
#1747=VECTOR('',#1748,0.079375);
#1748=DIRECTION('',(0.0,0.0,1.0));
#1739=ORIENTED_EDGE('',*,*,#1740,.F.);
#1749=STYLED_ITEM($,(#34),#1750);
#1750=ADVANCED_FACE($,(#1756),#1751,.T.);
#1751=CYLINDRICAL_SURFACE($,#1752,0.15875);
#1752=AXIS2_PLACEMENT_3D($,#1753,#1754,#1755);
#1753=CARTESIAN_POINT('',(-4.058,2.824,0.159));
#1754=DIRECTION('',(0.0,-1.0,0.0));
#1755=DIRECTION('',(0.,0.,1.));
#1756=FACE_OUTER_BOUND($,#1757,.T.);
#1757=EDGE_LOOP($,(#1769,#1779,#1790,#1758));
#1769=ORIENTED_EDGE('',*,*,#1436,.T.);
#1780=EDGE_CURVE($,#1535,#1427,#1785,.T.);
#1785=CIRCLE($,#1786,0.15875);
#1787=CARTESIAN_POINT('',(-4.058,3.526,0.159));
#1786=AXIS2_PLACEMENT_3D($,#1787,#1788,#1789);
#1788=DIRECTION('',(0.0,1.0,0.0));
#1789=DIRECTION('',(0.793,0.0,0.609));
#1779=ORIENTED_EDGE('',*,*,#1780,.F.);
#1790=ORIENTED_EDGE('',*,*,#1534,.T.);
#1759=EDGE_CURVE($,#1437,#1525,#1764,.T.);
#1764=CIRCLE($,#1765,0.15875);
#1766=CARTESIAN_POINT('',(-4.058,2.824,0.159));
#1765=AXIS2_PLACEMENT_3D($,#1766,#1767,#1768);
#1767=DIRECTION('',(0.0,-1.0,0.0));
#1768=DIRECTION('',(-0.793,0.0,-0.609));
#1758=ORIENTED_EDGE('',*,*,#1759,.F.);
#1800=STYLED_ITEM($,(#34),#1801);
#1801=ADVANCED_FACE($,(#1807),#1802,.F.);
#1802=CYLINDRICAL_SURFACE($,#1803,0.079375);
#1803=AXIS2_PLACEMENT_3D($,#1804,#1805,#1806);
#1804=CARTESIAN_POINT('',(-4.058,3.526,0.159));
#1805=DIRECTION('',(0.0,-1.0,0.0));
#1806=DIRECTION('',(0.,0.,-1.));
#1807=FACE_OUTER_BOUND($,#1808,.T.);
#1808=EDGE_LOOP($,(#1820,#1830,#1841,#1809));
#1820=ORIENTED_EDGE('',*,*,#1485,.T.);
#1831=EDGE_CURVE($,#1584,#1476,#1836,.T.);
#1836=CIRCLE($,#1837,0.079375);
#1837=AXIS2_PLACEMENT_3D($,#1766,#1839,#1840);
#1839=DIRECTION('',(0.0,1.0,0.0));
#1840=DIRECTION('',(0.793,0.0,0.609));
#1830=ORIENTED_EDGE('',*,*,#1831,.F.);
#1841=ORIENTED_EDGE('',*,*,#1583,.T.);
#1810=EDGE_CURVE($,#1486,#1574,#1815,.T.);
#1815=CIRCLE($,#1816,0.079375);
#1816=AXIS2_PLACEMENT_3D($,#1787,#1818,#1819);
#1818=DIRECTION('',(0.0,-1.0,0.0));
#1819=DIRECTION('',(-0.793,0.0,-0.609));
#1809=ORIENTED_EDGE('',*,*,#1810,.F.);
#1851=STYLED_ITEM($,(#34),#1852);
#1852=ADVANCED_FACE($,(#1858),#1853,.F.);
#1853=CYLINDRICAL_SURFACE($,#1854,0.079375);
#1854=AXIS2_PLACEMENT_3D($,#1855,#1856,#1857);
#1855=CARTESIAN_POINT('',(-4.304,3.526,0.159));
#1856=DIRECTION('',(0.0,-1.0,0.0));
#1857=DIRECTION('',(0.,0.,1.));
#1858=FACE_OUTER_BOUND($,#1859,.T.);
#1859=EDGE_LOOP($,(#1871,#1881,#1892,#1860));
#1871=ORIENTED_EDGE('',*,*,#1632,.T.);
#1882=EDGE_CURVE($,#1515,#1623,#1887,.T.);
#1887=CIRCLE($,#1888,0.079375);
#1889=CARTESIAN_POINT('',(-4.304,2.824,0.159));
#1888=AXIS2_PLACEMENT_3D($,#1889,#1890,#1891);
#1890=DIRECTION('',(0.0,1.0,0.0));
#1891=DIRECTION('',(-0.793,0.0,-0.609));
#1881=ORIENTED_EDGE('',*,*,#1882,.F.);
#1892=ORIENTED_EDGE('',*,*,#1514,.T.);
#1861=EDGE_CURVE($,#1633,#1517,#1866,.T.);
#1866=CIRCLE($,#1867,0.079375);
#1868=CARTESIAN_POINT('',(-4.304,3.526,0.159));
#1867=AXIS2_PLACEMENT_3D($,#1868,#1869,#1870);
#1869=DIRECTION('',(0.0,-1.0,0.0));
#1870=DIRECTION('',(0.793,0.0,0.609));
#1860=ORIENTED_EDGE('',*,*,#1861,.F.);
#1902=STYLED_ITEM($,(#34),#1903);
#1903=ADVANCED_FACE($,(#1909),#1904,.T.);
#1904=CYLINDRICAL_SURFACE($,#1905,0.15875);
#1905=AXIS2_PLACEMENT_3D($,#1906,#1907,#1908);
#1906=CARTESIAN_POINT('',(-4.304,3.526,0.159));
#1907=DIRECTION('',(0.0,-1.0,0.0));
#1908=DIRECTION('',(0.,0.,-1.));
#1909=FACE_OUTER_BOUND($,#1910,.T.);
#1910=EDGE_LOOP($,(#1922,#1932,#1943,#1911));
#1922=ORIENTED_EDGE('',*,*,#1661,.T.);
#1933=EDGE_CURVE($,#1564,#1664,#1938,.T.);
#1938=CIRCLE($,#1939,0.15875);
#1939=AXIS2_PLACEMENT_3D($,#1868,#1941,#1942);
#1941=DIRECTION('',(0.0,1.0,0.0));
#1942=DIRECTION('',(-0.793,0.0,-0.609));
#1932=ORIENTED_EDGE('',*,*,#1933,.F.);
#1943=ORIENTED_EDGE('',*,*,#1563,.T.);
#1912=EDGE_CURVE($,#1662,#1566,#1917,.T.);
#1917=CIRCLE($,#1918,0.15875);
#1918=AXIS2_PLACEMENT_3D($,#1889,#1920,#1921);
#1920=DIRECTION('',(0.0,-1.0,0.0));
#1921=DIRECTION('',(0.793,0.0,0.609));
#1911=ORIENTED_EDGE('',*,*,#1912,.F.);
#1953=STYLED_ITEM('color',(#34),#1954);
#1954=ADVANCED_FACE($,(#1960),#1955,.T.);
#1955=PLANE($,#1956);
#1956=AXIS2_PLACEMENT_3D($,#1957,#1958,#1959);
#1957=CARTESIAN_POINT('',(-3.454,3.526,0.238));
#1958=DIRECTION('',(0.0,1.0,0.0));
#1959=DIRECTION('',(1.,0.,0.));
#1960=FACE_OUTER_BOUND($,#1961,.T.);
#1961=EDGE_LOOP($,(#1964, #1974, #1984, #2047, #2058, #1994, #2005, #2015, #2025, #2035, #2068, #2078));
#1964=ORIENTED_EDGE('',*,*,#1426,.T.);
#1974=ORIENTED_EDGE('',*,*,#1377,.T.);
#1984=ORIENTED_EDGE('',*,*,#1495,.T.);
#2047=ORIENTED_EDGE('',*,*,#1810,.T.);
#2058=ORIENTED_EDGE('',*,*,#1573,.T.);
#1994=ORIENTED_EDGE('',*,*,#1933,.T.);
#2005=ORIENTED_EDGE('',*,*,#1691,.T.);
#2015=ORIENTED_EDGE('',*,*,#1740,.T.);
#2025=ORIENTED_EDGE('',*,*,#1642,.T.);
#2035=ORIENTED_EDGE('',*,*,#1861,.T.);
#2068=ORIENTED_EDGE('',*,*,#1544,.T.);
#2078=ORIENTED_EDGE('',*,*,#1780,.T.);
#2089=STYLED_ITEM('color',(#34),#2090);
#2090=ADVANCED_FACE($,(#2096),#2091,.T.);
#2091=PLANE($,#2092);
#2092=AXIS2_PLACEMENT_3D($,#2093,#2094,#2095);
#2093=CARTESIAN_POINT('',(-4.304,2.824,0.079));
#2094=DIRECTION('',(0.0,-1.0,0.0));
#2095=DIRECTION('',(1.,0.,0.));
#2096=FACE_OUTER_BOUND($,#2097,.T.);
#2097=EDGE_LOOP($,(#2100, #2110, #2120, #2183, #2194, #2130, #2141, #2151, #2161, #2171, #2204, #2214));
#2100=ORIENTED_EDGE('',*,*,#1475,.T.);
#2110=ORIENTED_EDGE('',*,*,#1397,.T.);
#2120=ORIENTED_EDGE('',*,*,#1446,.T.);
#2183=ORIENTED_EDGE('',*,*,#1759,.T.);
#2194=ORIENTED_EDGE('',*,*,#1524,.T.);
#2130=ORIENTED_EDGE('',*,*,#1882,.T.);
#2141=ORIENTED_EDGE('',*,*,#1622,.T.);
#2151=ORIENTED_EDGE('',*,*,#1720,.T.);
#2161=ORIENTED_EDGE('',*,*,#1671,.T.);
#2171=ORIENTED_EDGE('',*,*,#1912,.T.);
#2204=ORIENTED_EDGE('',*,*,#1593,.T.);
#2214=ORIENTED_EDGE('',*,*,#1831,.T.);
#2225=MANIFOLD_SOLID_BREP($,#2226);
#2226=CLOSED_SHELL('',(#2228,#2277,#2326,#2375,#2424,#2473,#2522,#2571,#2620,#2671,#2722,#2773,#2824,#2960));
#2227=STYLED_ITEM('',(#34),#2228);
#2228=ADVANCED_FACE('',(#2234),#2229,.T.);
#2229=PLANE('',#2230);
#2230=AXIS2_PLACEMENT_3D('',#2231,#2232,#2233);
#2231=CARTESIAN_POINT('',(-3.454,1.554,0.238));
#2232=DIRECTION('',(1.0,0.0,0.0));
#2233=DIRECTION('',(0.,0.,1.));
#2234=FACE_OUTER_BOUND('',#2235,.T.);
#2235=EDGE_LOOP('',(#2236,#2246,#2256,#2266));
#2239=CARTESIAN_POINT('',(-3.454,2.256,0.238));
#2238=VERTEX_POINT('',#2239);
#2241=CARTESIAN_POINT('',(-3.454,1.554,0.238));
#2240=VERTEX_POINT('',#2241);
#2237=EDGE_CURVE('',#2238,#2240,#2242,.T.);
#2242=LINE('',#2239,#2244);
#2244=VECTOR('',#2245,0.702055988260174);
#2245=DIRECTION('',(0.0,-1.0,0.0));
#2236=ORIENTED_EDGE('',*,*,#2237,.F.);
#2249=CARTESIAN_POINT('',(-3.454,2.256,0.318));
#2248=VERTEX_POINT('',#2249);
#2247=EDGE_CURVE('',#2248,#2238,#2252,.T.);
#2252=LINE('',#2249,#2254);
#2254=VECTOR('',#2255,0.079375);
#2255=DIRECTION('',(0.0,0.0,-1.0));
#2246=ORIENTED_EDGE('',*,*,#2247,.F.);
#2259=CARTESIAN_POINT('',(-3.454,1.554,0.318));
#2258=VERTEX_POINT('',#2259);
#2257=EDGE_CURVE('',#2258,#2248,#2262,.T.);
#2262=LINE('',#2259,#2264);
#2264=VECTOR('',#2265,0.702055988260174);
#2265=DIRECTION('',(0.0,1.0,0.0));
#2256=ORIENTED_EDGE('',*,*,#2257,.F.);
#2267=EDGE_CURVE('',#2240,#2258,#2272,.T.);
#2272=LINE('',#2241,#2274);
#2274=VECTOR('',#2275,0.079375);
#2275=DIRECTION('',(0.0,0.0,1.0));
#2266=ORIENTED_EDGE('',*,*,#2267,.F.);
#2276=STYLED_ITEM('',(#34),#2277);
#2277=ADVANCED_FACE('',(#2283),#2278,.T.);
#2278=PLANE('',#2279);
#2279=AXIS2_PLACEMENT_3D('',#2280,#2281,#2282);
#2280=CARTESIAN_POINT('',(-3.454,1.554,0.318));
#2281=DIRECTION('',(0.0,0.0,1.0));
#2282=DIRECTION('',(0.,1.,0.));
#2283=FACE_OUTER_BOUND('',#2284,.T.);
#2284=EDGE_LOOP('',(#2285,#2295,#2305,#2315));
#2285=ORIENTED_EDGE('',*,*,#2257,.T.);
#2298=CARTESIAN_POINT('',(-4.058,2.256,0.318));
#2297=VERTEX_POINT('',#2298);
#2296=EDGE_CURVE('',#2297,#2248,#2301,.T.);
#2301=LINE('',#2298,#2303);
#2303=VECTOR('',#2304,0.60343152994313);
#2304=DIRECTION('',(1.0,0.0,0.0));
#2295=ORIENTED_EDGE('',*,*,#2296,.F.);
#2308=CARTESIAN_POINT('',(-4.058,1.554,0.318));
#2307=VERTEX_POINT('',#2308);
#2306=EDGE_CURVE('',#2307,#2297,#2311,.T.);
#2311=LINE('',#2308,#2313);
#2313=VECTOR('',#2314,0.702055988653471);
#2314=DIRECTION('',(0.0,1.0,0.0));
#2305=ORIENTED_EDGE('',*,*,#2306,.F.);
#2316=EDGE_CURVE('',#2258,#2307,#2321,.T.);
#2321=LINE('',#2259,#2323);
#2323=VECTOR('',#2324,0.603431529943131);
#2324=DIRECTION('',(-1.0,0.0,0.0));
#2315=ORIENTED_EDGE('',*,*,#2316,.F.);
#2325=STYLED_ITEM('',(#34),#2326);
#2326=ADVANCED_FACE('',(#2332),#2327,.T.);
#2327=PLANE('',#2328);
#2328=AXIS2_PLACEMENT_3D('',#2329,#2330,#2331);
#2329=CARTESIAN_POINT('',(-3.454,2.256,0.238));
#2330=DIRECTION('',(0.0,0.0,-1.0));
#2331=DIRECTION('',(0.,1.,0.));
#2332=FACE_OUTER_BOUND('',#2333,.T.);
#2333=EDGE_LOOP('',(#2334,#2344,#2354,#2364));
#2334=ORIENTED_EDGE('',*,*,#2237,.T.);
#2347=CARTESIAN_POINT('',(-4.058,1.554,0.238));
#2346=VERTEX_POINT('',#2347);
#2345=EDGE_CURVE('',#2346,#2240,#2350,.T.);
#2350=LINE('',#2347,#2352);
#2352=VECTOR('',#2353,0.603431529943131);
#2353=DIRECTION('',(1.0,0.0,0.0));
#2344=ORIENTED_EDGE('',*,*,#2345,.F.);
#2357=CARTESIAN_POINT('',(-4.058,2.256,0.238));
#2356=VERTEX_POINT('',#2357);
#2355=EDGE_CURVE('',#2356,#2346,#2360,.T.);
#2360=LINE('',#2357,#2362);
#2362=VECTOR('',#2363,0.702055988653471);
#2363=DIRECTION('',(0.0,-1.0,0.0));
#2354=ORIENTED_EDGE('',*,*,#2355,.F.);
#2365=EDGE_CURVE('',#2238,#2356,#2370,.T.);
#2370=LINE('',#2239,#2372);
#2372=VECTOR('',#2373,0.60343152994313);
#2373=DIRECTION('',(-1.0,0.0,0.0));
#2364=ORIENTED_EDGE('',*,*,#2365,.F.);
#2374=STYLED_ITEM('',(#34),#2375);
#2375=ADVANCED_FACE('',(#2381),#2376,.T.);
#2376=PLANE('',#2377);
#2377=AXIS2_PLACEMENT_3D('',#2378,#2379,#2380);
#2378=CARTESIAN_POINT('',(-4.228,2.256,0.138));
#2379=DIRECTION('',(-0.966,0.0,0.259));
#2380=DIRECTION('',(0.,0.,1.));
#2381=FACE_OUTER_BOUND('',#2382,.T.);
#2382=EDGE_LOOP('',(#2383,#2393,#2403,#2413));
#2386=CARTESIAN_POINT('',(-4.228,1.554,0.138));
#2385=VERTEX_POINT('',#2386);
#2388=CARTESIAN_POINT('',(-4.228,2.256,0.138));
#2387=VERTEX_POINT('',#2388);
#2384=EDGE_CURVE('',#2385,#2387,#2389,.T.);
#2389=LINE('',#2386,#2391);
#2391=VECTOR('',#2392,0.702055988954794);
#2392=DIRECTION('',(0.0,1.0,0.0));
#2383=ORIENTED_EDGE('',*,*,#2384,.F.);
#2396=CARTESIAN_POINT('',(-4.211,1.554,0.2));
#2395=VERTEX_POINT('',#2396);
#2394=EDGE_CURVE('',#2395,#2385,#2399,.T.);
#2399=LINE('',#2396,#2401);
#2401=VECTOR('',#2402,0.0638046201988475);
#2402=DIRECTION('',(-0.259,0.0,-0.966));
#2393=ORIENTED_EDGE('',*,*,#2394,.F.);
#2406=CARTESIAN_POINT('',(-4.211,2.256,0.2));
#2405=VERTEX_POINT('',#2406);
#2404=EDGE_CURVE('',#2405,#2395,#2409,.T.);
#2409=LINE('',#2406,#2411);
#2411=VECTOR('',#2412,0.702055988917149);
#2412=DIRECTION('',(0.0,-1.0,0.0));
#2403=ORIENTED_EDGE('',*,*,#2404,.F.);
#2414=EDGE_CURVE('',#2387,#2405,#2419,.T.);
#2419=LINE('',#2388,#2421);
#2421=VECTOR('',#2422,0.0638046201988475);
#2422=DIRECTION('',(0.259,0.0,0.966));
#2413=ORIENTED_EDGE('',*,*,#2414,.F.);
#2423=STYLED_ITEM('',(#34),#2424);
#2424=ADVANCED_FACE('',(#2430),#2425,.T.);
#2425=PLANE('',#2426);
#2426=AXIS2_PLACEMENT_3D('',#2427,#2428,#2429);
#2427=CARTESIAN_POINT('',(-4.151,1.554,0.118));
#2428=DIRECTION('',(0.966,0.0,-0.259));
#2429=DIRECTION('',(0.,0.,1.));
#2430=FACE_OUTER_BOUND('',#2431,.T.);
#2431=EDGE_LOOP('',(#2432,#2442,#2452,#2462));
#2435=CARTESIAN_POINT('',(-4.151,2.256,0.118));
#2434=VERTEX_POINT('',#2435);
#2437=CARTESIAN_POINT('',(-4.151,1.554,0.118));
#2436=VERTEX_POINT('',#2437);
#2433=EDGE_CURVE('',#2434,#2436,#2438,.T.);
#2438=LINE('',#2435,#2440);
#2440=VECTOR('',#2441,0.702055988797258);
#2441=DIRECTION('',(0.0,-1.0,0.0));
#2432=ORIENTED_EDGE('',*,*,#2433,.F.);
#2445=CARTESIAN_POINT('',(-4.135,2.256,0.179));
#2444=VERTEX_POINT('',#2445);
#2443=EDGE_CURVE('',#2444,#2434,#2448,.T.);
#2448=LINE('',#2445,#2450);
#2450=VECTOR('',#2451,0.063804620201212);
#2451=DIRECTION('',(-0.259,0.0,-0.966));
#2442=ORIENTED_EDGE('',*,*,#2443,.F.);
#2455=CARTESIAN_POINT('',(-4.135,1.554,0.179));
#2454=VERTEX_POINT('',#2455);
#2453=EDGE_CURVE('',#2454,#2444,#2458,.T.);
#2458=LINE('',#2455,#2460);
#2460=VECTOR('',#2461,0.702055988768467);
#2461=DIRECTION('',(0.0,1.0,0.0));
#2452=ORIENTED_EDGE('',*,*,#2453,.F.);
#2463=EDGE_CURVE('',#2436,#2454,#2468,.T.);
#2468=LINE('',#2437,#2470);
#2470=VECTOR('',#2471,0.0638046202012121);
#2471=DIRECTION('',(0.259,0.0,0.966));
#2462=ORIENTED_EDGE('',*,*,#2463,.F.);
#2472=STYLED_ITEM('',(#34),#2473);
#2473=ADVANCED_FACE('',(#2479),#2474,.T.);
#2474=PLANE('',#2475);
#2475=AXIS2_PLACEMENT_3D('',#2476,#2477,#2478);
#2476=CARTESIAN_POINT('',(-4.908,2.256,0.079));
#2477=DIRECTION('',(0.0,0.0,1.0));
#2478=DIRECTION('',(0.,1.,0.));
#2479=FACE_OUTER_BOUND('',#2480,.T.);
#2480=EDGE_LOOP('',(#2481,#2491,#2501,#2511));
#2484=CARTESIAN_POINT('',(-4.908,1.554,0.079));
#2483=VERTEX_POINT('',#2484);
#2486=CARTESIAN_POINT('',(-4.908,2.256,0.079));
#2485=VERTEX_POINT('',#2486);
#2482=EDGE_CURVE('',#2483,#2485,#2487,.T.);
#2487=LINE('',#2484,#2489);
#2489=VECTOR('',#2490,0.702056);
#2490=DIRECTION('',(0.0,1.0,0.0));
#2481=ORIENTED_EDGE('',*,*,#2482,.F.);
#2494=CARTESIAN_POINT('',(-4.304,1.554,0.079));
#2493=VERTEX_POINT('',#2494);
#2492=EDGE_CURVE('',#2493,#2483,#2497,.T.);
#2497=LINE('',#2494,#2499);
#2499=VECTOR('',#2500,0.603431524614586);
#2500=DIRECTION('',(-1.0,0.0,0.0));
#2491=ORIENTED_EDGE('',*,*,#2492,.F.);
#2504=CARTESIAN_POINT('',(-4.304,2.256,0.079));
#2503=VERTEX_POINT('',#2504);
#2502=EDGE_CURVE('',#2503,#2493,#2507,.T.);
#2507=LINE('',#2504,#2509);
#2509=VECTOR('',#2510,0.702055989163484);
#2510=DIRECTION('',(0.0,-1.0,0.0));
#2501=ORIENTED_EDGE('',*,*,#2502,.F.);
#2512=EDGE_CURVE('',#2485,#2503,#2517,.T.);
#2517=LINE('',#2486,#2519);
#2519=VECTOR('',#2520,0.603431524614585);
#2520=DIRECTION('',(1.0,0.0,0.0));
#2511=ORIENTED_EDGE('',*,*,#2512,.F.);
#2521=STYLED_ITEM('',(#34),#2522);
#2522=ADVANCED_FACE('',(#2528),#2523,.T.);
#2523=PLANE('',#2524);
#2524=AXIS2_PLACEMENT_3D('',#2525,#2526,#2527);
#2525=CARTESIAN_POINT('',(-4.304,2.256,0.0));
#2526=DIRECTION('',(0.0,0.0,-1.0));
#2527=DIRECTION('',(0.,1.,0.));
#2528=FACE_OUTER_BOUND('',#2529,.T.);
#2529=EDGE_LOOP('',(#2530,#2540,#2550,#2560));
#2533=CARTESIAN_POINT('',(-4.304,1.554,0.0));
#2532=VERTEX_POINT('',#2533);
#2535=CARTESIAN_POINT('',(-4.304,2.256,0.0));
#2534=VERTEX_POINT('',#2535);
#2531=EDGE_CURVE('',#2532,#2534,#2536,.T.);
#2536=LINE('',#2533,#2538);
#2538=VECTOR('',#2539,0.702055989163484);
#2539=DIRECTION('',(0.0,1.0,0.0));
#2530=ORIENTED_EDGE('',*,*,#2531,.F.);
#2543=CARTESIAN_POINT('',(-4.908,1.554,0.0));
#2542=VERTEX_POINT('',#2543);
#2541=EDGE_CURVE('',#2542,#2532,#2546,.T.);
#2546=LINE('',#2543,#2548);
#2548=VECTOR('',#2549,0.603431524614586);
#2549=DIRECTION('',(1.0,0.0,0.0));
#2540=ORIENTED_EDGE('',*,*,#2541,.F.);
#2553=CARTESIAN_POINT('',(-4.908,2.256,0.0));
#2552=VERTEX_POINT('',#2553);
#2551=EDGE_CURVE('',#2552,#2542,#2556,.T.);
#2556=LINE('',#2553,#2558);
#2558=VECTOR('',#2559,0.702056);
#2559=DIRECTION('',(0.0,-1.0,0.0));
#2550=ORIENTED_EDGE('',*,*,#2551,.F.);
#2561=EDGE_CURVE('',#2534,#2552,#2566,.T.);
#2566=LINE('',#2535,#2568);
#2568=VECTOR('',#2569,0.603431524614585);
#2569=DIRECTION('',(-1.0,0.0,0.0));
#2560=ORIENTED_EDGE('',*,*,#2561,.F.);
#2570=STYLED_ITEM('',(#34),#2571);
#2571=ADVANCED_FACE('',(#2577),#2572,.T.);
#2572=PLANE('',#2573);
#2573=AXIS2_PLACEMENT_3D('',#2574,#2575,#2576);
#2574=CARTESIAN_POINT('',(-4.908,2.256,0.0));
#2575=DIRECTION('',(-1.0,0.0,0.0));
#2576=DIRECTION('',(0.,0.,1.));
#2577=FACE_OUTER_BOUND('',#2578,.T.);
#2578=EDGE_LOOP('',(#2579,#2589,#2599,#2609));
#2579=ORIENTED_EDGE('',*,*,#2551,.T.);
#2590=EDGE_CURVE('',#2483,#2542,#2595,.T.);
#2595=LINE('',#2484,#2597);
#2597=VECTOR('',#2598,0.079375);
#2598=DIRECTION('',(0.0,0.0,-1.0));
#2589=ORIENTED_EDGE('',*,*,#2590,.F.);
#2599=ORIENTED_EDGE('',*,*,#2482,.T.);
#2610=EDGE_CURVE('',#2552,#2485,#2615,.T.);
#2615=LINE('',#2553,#2617);
#2617=VECTOR('',#2618,0.079375);
#2618=DIRECTION('',(0.0,0.0,1.0));
#2609=ORIENTED_EDGE('',*,*,#2610,.F.);
#2619=STYLED_ITEM($,(#34),#2620);
#2620=ADVANCED_FACE($,(#2626),#2621,.T.);
#2621=CYLINDRICAL_SURFACE($,#2622,0.15875);
#2622=AXIS2_PLACEMENT_3D($,#2623,#2624,#2625);
#2623=CARTESIAN_POINT('',(-4.058,1.554,0.159));
#2624=DIRECTION('',(0.0,-1.0,0.0));
#2625=DIRECTION('',(0.,0.,1.));
#2626=FACE_OUTER_BOUND($,#2627,.T.);
#2627=EDGE_LOOP($,(#2639,#2649,#2660,#2628));
#2639=ORIENTED_EDGE('',*,*,#2306,.T.);
#2650=EDGE_CURVE($,#2405,#2297,#2655,.T.);
#2655=CIRCLE($,#2656,0.15875);
#2657=CARTESIAN_POINT('',(-4.058,2.256,0.159));
#2656=AXIS2_PLACEMENT_3D($,#2657,#2658,#2659);
#2658=DIRECTION('',(0.0,1.0,0.0));
#2659=DIRECTION('',(0.793,0.0,0.609));
#2649=ORIENTED_EDGE('',*,*,#2650,.F.);
#2660=ORIENTED_EDGE('',*,*,#2404,.T.);
#2629=EDGE_CURVE($,#2307,#2395,#2634,.T.);
#2634=CIRCLE($,#2635,0.15875);
#2636=CARTESIAN_POINT('',(-4.058,1.554,0.159));
#2635=AXIS2_PLACEMENT_3D($,#2636,#2637,#2638);
#2637=DIRECTION('',(0.0,-1.0,0.0));
#2638=DIRECTION('',(-0.793,0.0,-0.609));
#2628=ORIENTED_EDGE('',*,*,#2629,.F.);
#2670=STYLED_ITEM($,(#34),#2671);
#2671=ADVANCED_FACE($,(#2677),#2672,.F.);
#2672=CYLINDRICAL_SURFACE($,#2673,0.079375);
#2673=AXIS2_PLACEMENT_3D($,#2674,#2675,#2676);
#2674=CARTESIAN_POINT('',(-4.058,2.256,0.159));
#2675=DIRECTION('',(0.0,-1.0,0.0));
#2676=DIRECTION('',(0.,0.,-1.));
#2677=FACE_OUTER_BOUND($,#2678,.T.);
#2678=EDGE_LOOP($,(#2690,#2700,#2711,#2679));
#2690=ORIENTED_EDGE('',*,*,#2355,.T.);
#2701=EDGE_CURVE($,#2454,#2346,#2706,.T.);
#2706=CIRCLE($,#2707,0.079375);
#2707=AXIS2_PLACEMENT_3D($,#2636,#2709,#2710);
#2709=DIRECTION('',(0.0,1.0,0.0));
#2710=DIRECTION('',(0.793,0.0,0.609));
#2700=ORIENTED_EDGE('',*,*,#2701,.F.);
#2711=ORIENTED_EDGE('',*,*,#2453,.T.);
#2680=EDGE_CURVE($,#2356,#2444,#2685,.T.);
#2685=CIRCLE($,#2686,0.079375);
#2686=AXIS2_PLACEMENT_3D($,#2657,#2688,#2689);
#2688=DIRECTION('',(0.0,-1.0,0.0));
#2689=DIRECTION('',(-0.793,0.0,-0.609));
#2679=ORIENTED_EDGE('',*,*,#2680,.F.);
#2721=STYLED_ITEM($,(#34),#2722);
#2722=ADVANCED_FACE($,(#2728),#2723,.F.);
#2723=CYLINDRICAL_SURFACE($,#2724,0.079375);
#2724=AXIS2_PLACEMENT_3D($,#2725,#2726,#2727);
#2725=CARTESIAN_POINT('',(-4.304,2.256,0.159));
#2726=DIRECTION('',(0.0,-1.0,0.0));
#2727=DIRECTION('',(0.,0.,1.));
#2728=FACE_OUTER_BOUND($,#2729,.T.);
#2729=EDGE_LOOP($,(#2741,#2751,#2762,#2730));
#2741=ORIENTED_EDGE('',*,*,#2502,.T.);
#2752=EDGE_CURVE($,#2385,#2493,#2757,.T.);
#2757=CIRCLE($,#2758,0.079375);
#2759=CARTESIAN_POINT('',(-4.304,1.554,0.159));
#2758=AXIS2_PLACEMENT_3D($,#2759,#2760,#2761);
#2760=DIRECTION('',(0.0,1.0,0.0));
#2761=DIRECTION('',(-0.793,0.0,-0.609));
#2751=ORIENTED_EDGE('',*,*,#2752,.F.);
#2762=ORIENTED_EDGE('',*,*,#2384,.T.);
#2731=EDGE_CURVE($,#2503,#2387,#2736,.T.);
#2736=CIRCLE($,#2737,0.079375);
#2738=CARTESIAN_POINT('',(-4.304,2.256,0.159));
#2737=AXIS2_PLACEMENT_3D($,#2738,#2739,#2740);
#2739=DIRECTION('',(0.0,-1.0,0.0));
#2740=DIRECTION('',(0.793,0.0,0.609));
#2730=ORIENTED_EDGE('',*,*,#2731,.F.);
#2772=STYLED_ITEM($,(#34),#2773);
#2773=ADVANCED_FACE($,(#2779),#2774,.T.);
#2774=CYLINDRICAL_SURFACE($,#2775,0.15875);
#2775=AXIS2_PLACEMENT_3D($,#2776,#2777,#2778);
#2776=CARTESIAN_POINT('',(-4.304,2.256,0.159));
#2777=DIRECTION('',(0.0,-1.0,0.0));
#2778=DIRECTION('',(0.,0.,-1.));
#2779=FACE_OUTER_BOUND($,#2780,.T.);
#2780=EDGE_LOOP($,(#2792,#2802,#2813,#2781));
#2792=ORIENTED_EDGE('',*,*,#2531,.T.);
#2803=EDGE_CURVE($,#2434,#2534,#2808,.T.);
#2808=CIRCLE($,#2809,0.15875);
#2809=AXIS2_PLACEMENT_3D($,#2738,#2811,#2812);
#2811=DIRECTION('',(0.0,1.0,0.0));
#2812=DIRECTION('',(-0.793,0.0,-0.609));
#2802=ORIENTED_EDGE('',*,*,#2803,.F.);
#2813=ORIENTED_EDGE('',*,*,#2433,.T.);
#2782=EDGE_CURVE($,#2532,#2436,#2787,.T.);
#2787=CIRCLE($,#2788,0.15875);
#2788=AXIS2_PLACEMENT_3D($,#2759,#2790,#2791);
#2790=DIRECTION('',(0.0,-1.0,0.0));
#2791=DIRECTION('',(0.793,0.0,0.609));
#2781=ORIENTED_EDGE('',*,*,#2782,.F.);
#2823=STYLED_ITEM('color',(#34),#2824);
#2824=ADVANCED_FACE($,(#2830),#2825,.T.);
#2825=PLANE($,#2826);
#2826=AXIS2_PLACEMENT_3D($,#2827,#2828,#2829);
#2827=CARTESIAN_POINT('',(-3.454,2.256,0.238));
#2828=DIRECTION('',(0.0,1.0,0.0));
#2829=DIRECTION('',(1.,0.,0.));
#2830=FACE_OUTER_BOUND($,#2831,.T.);
#2831=EDGE_LOOP($,(#2834, #2844, #2854, #2917, #2928, #2864, #2875, #2885, #2895, #2905, #2938, #2948));
#2834=ORIENTED_EDGE('',*,*,#2296,.T.);
#2844=ORIENTED_EDGE('',*,*,#2247,.T.);
#2854=ORIENTED_EDGE('',*,*,#2365,.T.);
#2917=ORIENTED_EDGE('',*,*,#2680,.T.);
#2928=ORIENTED_EDGE('',*,*,#2443,.T.);
#2864=ORIENTED_EDGE('',*,*,#2803,.T.);
#2875=ORIENTED_EDGE('',*,*,#2561,.T.);
#2885=ORIENTED_EDGE('',*,*,#2610,.T.);
#2895=ORIENTED_EDGE('',*,*,#2512,.T.);
#2905=ORIENTED_EDGE('',*,*,#2731,.T.);
#2938=ORIENTED_EDGE('',*,*,#2414,.T.);
#2948=ORIENTED_EDGE('',*,*,#2650,.T.);
#2959=STYLED_ITEM('color',(#34),#2960);
#2960=ADVANCED_FACE($,(#2966),#2961,.T.);
#2961=PLANE($,#2962);
#2962=AXIS2_PLACEMENT_3D($,#2963,#2964,#2965);
#2963=CARTESIAN_POINT('',(-4.304,1.554,0.079));
#2964=DIRECTION('',(0.0,-1.0,0.0));
#2965=DIRECTION('',(1.,0.,0.));
#2966=FACE_OUTER_BOUND($,#2967,.T.);
#2967=EDGE_LOOP($,(#2970, #2980, #2990, #3053, #3064, #3000, #3011, #3021, #3031, #3041, #3074, #3084));
#2970=ORIENTED_EDGE('',*,*,#2345,.T.);
#2980=ORIENTED_EDGE('',*,*,#2267,.T.);
#2990=ORIENTED_EDGE('',*,*,#2316,.T.);
#3053=ORIENTED_EDGE('',*,*,#2629,.T.);
#3064=ORIENTED_EDGE('',*,*,#2394,.T.);
#3000=ORIENTED_EDGE('',*,*,#2752,.T.);
#3011=ORIENTED_EDGE('',*,*,#2492,.T.);
#3021=ORIENTED_EDGE('',*,*,#2590,.T.);
#3031=ORIENTED_EDGE('',*,*,#2541,.T.);
#3041=ORIENTED_EDGE('',*,*,#2782,.T.);
#3074=ORIENTED_EDGE('',*,*,#2463,.T.);
#3084=ORIENTED_EDGE('',*,*,#2701,.T.);
#3095=MANIFOLD_SOLID_BREP($,#3096);
#3096=CLOSED_SHELL('',(#3098,#3147,#3196,#3245,#3294,#3343,#3392,#3441,#3490,#3541,#3592,#3643,#3694,#3830));
#3097=STYLED_ITEM('',(#34),#3098);
#3098=ADVANCED_FACE('',(#3104),#3099,.T.);
#3099=PLANE('',#3100);
#3100=AXIS2_PLACEMENT_3D('',#3101,#3102,#3103);
#3101=CARTESIAN_POINT('',(-3.454,0.284,0.238));
#3102=DIRECTION('',(1.0,0.0,0.0));
#3103=DIRECTION('',(0.,0.,1.));
#3104=FACE_OUTER_BOUND('',#3105,.T.);
#3105=EDGE_LOOP('',(#3106,#3116,#3126,#3136));
#3109=CARTESIAN_POINT('',(-3.454,0.986,0.238));
#3108=VERTEX_POINT('',#3109);
#3111=CARTESIAN_POINT('',(-3.454,0.284,0.238));
#3110=VERTEX_POINT('',#3111);
#3107=EDGE_CURVE('',#3108,#3110,#3112,.T.);
#3112=LINE('',#3109,#3114);
#3114=VECTOR('',#3115,0.702055988260174);
#3115=DIRECTION('',(0.0,-1.0,0.0));
#3106=ORIENTED_EDGE('',*,*,#3107,.F.);
#3119=CARTESIAN_POINT('',(-3.454,0.986,0.318));
#3118=VERTEX_POINT('',#3119);
#3117=EDGE_CURVE('',#3118,#3108,#3122,.T.);
#3122=LINE('',#3119,#3124);
#3124=VECTOR('',#3125,0.079375);
#3125=DIRECTION('',(0.0,0.0,-1.0));
#3116=ORIENTED_EDGE('',*,*,#3117,.F.);
#3129=CARTESIAN_POINT('',(-3.454,0.284,0.318));
#3128=VERTEX_POINT('',#3129);
#3127=EDGE_CURVE('',#3128,#3118,#3132,.T.);
#3132=LINE('',#3129,#3134);
#3134=VECTOR('',#3135,0.702055988260174);
#3135=DIRECTION('',(0.0,1.0,0.0));
#3126=ORIENTED_EDGE('',*,*,#3127,.F.);
#3137=EDGE_CURVE('',#3110,#3128,#3142,.T.);
#3142=LINE('',#3111,#3144);
#3144=VECTOR('',#3145,0.079375);
#3145=DIRECTION('',(0.0,0.0,1.0));
#3136=ORIENTED_EDGE('',*,*,#3137,.F.);
#3146=STYLED_ITEM('',(#34),#3147);
#3147=ADVANCED_FACE('',(#3153),#3148,.T.);
#3148=PLANE('',#3149);
#3149=AXIS2_PLACEMENT_3D('',#3150,#3151,#3152);
#3150=CARTESIAN_POINT('',(-3.454,0.284,0.318));
#3151=DIRECTION('',(0.0,0.0,1.0));
#3152=DIRECTION('',(0.,1.,0.));
#3153=FACE_OUTER_BOUND('',#3154,.T.);
#3154=EDGE_LOOP('',(#3155,#3165,#3175,#3185));
#3155=ORIENTED_EDGE('',*,*,#3127,.T.);
#3168=CARTESIAN_POINT('',(-4.058,0.986,0.318));
#3167=VERTEX_POINT('',#3168);
#3166=EDGE_CURVE('',#3167,#3118,#3171,.T.);
#3171=LINE('',#3168,#3173);
#3173=VECTOR('',#3174,0.60343152994313);
#3174=DIRECTION('',(1.0,0.0,0.0));
#3165=ORIENTED_EDGE('',*,*,#3166,.F.);
#3178=CARTESIAN_POINT('',(-4.058,0.284,0.318));
#3177=VERTEX_POINT('',#3178);
#3176=EDGE_CURVE('',#3177,#3167,#3181,.T.);
#3181=LINE('',#3178,#3183);
#3183=VECTOR('',#3184,0.702055988653471);
#3184=DIRECTION('',(0.0,1.0,0.0));
#3175=ORIENTED_EDGE('',*,*,#3176,.F.);
#3186=EDGE_CURVE('',#3128,#3177,#3191,.T.);
#3191=LINE('',#3129,#3193);
#3193=VECTOR('',#3194,0.603431529943131);
#3194=DIRECTION('',(-1.0,0.0,0.0));
#3185=ORIENTED_EDGE('',*,*,#3186,.F.);
#3195=STYLED_ITEM('',(#34),#3196);
#3196=ADVANCED_FACE('',(#3202),#3197,.T.);
#3197=PLANE('',#3198);
#3198=AXIS2_PLACEMENT_3D('',#3199,#3200,#3201);
#3199=CARTESIAN_POINT('',(-3.454,0.986,0.238));
#3200=DIRECTION('',(0.0,0.0,-1.0));
#3201=DIRECTION('',(0.,1.,0.));
#3202=FACE_OUTER_BOUND('',#3203,.T.);
#3203=EDGE_LOOP('',(#3204,#3214,#3224,#3234));
#3204=ORIENTED_EDGE('',*,*,#3107,.T.);
#3217=CARTESIAN_POINT('',(-4.058,0.284,0.238));
#3216=VERTEX_POINT('',#3217);
#3215=EDGE_CURVE('',#3216,#3110,#3220,.T.);
#3220=LINE('',#3217,#3222);
#3222=VECTOR('',#3223,0.603431529943131);
#3223=DIRECTION('',(1.0,0.0,0.0));
#3214=ORIENTED_EDGE('',*,*,#3215,.F.);
#3227=CARTESIAN_POINT('',(-4.058,0.986,0.238));
#3226=VERTEX_POINT('',#3227);
#3225=EDGE_CURVE('',#3226,#3216,#3230,.T.);
#3230=LINE('',#3227,#3232);
#3232=VECTOR('',#3233,0.702055988653471);
#3233=DIRECTION('',(0.0,-1.0,0.0));
#3224=ORIENTED_EDGE('',*,*,#3225,.F.);
#3235=EDGE_CURVE('',#3108,#3226,#3240,.T.);
#3240=LINE('',#3109,#3242);
#3242=VECTOR('',#3243,0.60343152994313);
#3243=DIRECTION('',(-1.0,0.0,0.0));
#3234=ORIENTED_EDGE('',*,*,#3235,.F.);
#3244=STYLED_ITEM('',(#34),#3245);
#3245=ADVANCED_FACE('',(#3251),#3246,.T.);
#3246=PLANE('',#3247);
#3247=AXIS2_PLACEMENT_3D('',#3248,#3249,#3250);
#3248=CARTESIAN_POINT('',(-4.228,0.986,0.138));
#3249=DIRECTION('',(-0.966,0.0,0.259));
#3250=DIRECTION('',(0.,0.,1.));
#3251=FACE_OUTER_BOUND('',#3252,.T.);
#3252=EDGE_LOOP('',(#3253,#3263,#3273,#3283));
#3256=CARTESIAN_POINT('',(-4.228,0.284,0.138));
#3255=VERTEX_POINT('',#3256);
#3258=CARTESIAN_POINT('',(-4.228,0.986,0.138));
#3257=VERTEX_POINT('',#3258);
#3254=EDGE_CURVE('',#3255,#3257,#3259,.T.);
#3259=LINE('',#3256,#3261);
#3261=VECTOR('',#3262,0.702055988954794);
#3262=DIRECTION('',(0.0,1.0,0.0));
#3253=ORIENTED_EDGE('',*,*,#3254,.F.);
#3266=CARTESIAN_POINT('',(-4.211,0.284,0.2));
#3265=VERTEX_POINT('',#3266);
#3264=EDGE_CURVE('',#3265,#3255,#3269,.T.);
#3269=LINE('',#3266,#3271);
#3271=VECTOR('',#3272,0.0638046201988475);
#3272=DIRECTION('',(-0.259,0.0,-0.966));
#3263=ORIENTED_EDGE('',*,*,#3264,.F.);
#3276=CARTESIAN_POINT('',(-4.211,0.986,0.2));
#3275=VERTEX_POINT('',#3276);
#3274=EDGE_CURVE('',#3275,#3265,#3279,.T.);
#3279=LINE('',#3276,#3281);
#3281=VECTOR('',#3282,0.702055988917149);
#3282=DIRECTION('',(0.0,-1.0,0.0));
#3273=ORIENTED_EDGE('',*,*,#3274,.F.);
#3284=EDGE_CURVE('',#3257,#3275,#3289,.T.);
#3289=LINE('',#3258,#3291);
#3291=VECTOR('',#3292,0.0638046201988475);
#3292=DIRECTION('',(0.259,0.0,0.966));
#3283=ORIENTED_EDGE('',*,*,#3284,.F.);
#3293=STYLED_ITEM('',(#34),#3294);
#3294=ADVANCED_FACE('',(#3300),#3295,.T.);
#3295=PLANE('',#3296);
#3296=AXIS2_PLACEMENT_3D('',#3297,#3298,#3299);
#3297=CARTESIAN_POINT('',(-4.151,0.284,0.118));
#3298=DIRECTION('',(0.966,0.0,-0.259));
#3299=DIRECTION('',(0.,0.,1.));
#3300=FACE_OUTER_BOUND('',#3301,.T.);
#3301=EDGE_LOOP('',(#3302,#3312,#3322,#3332));
#3305=CARTESIAN_POINT('',(-4.151,0.986,0.118));
#3304=VERTEX_POINT('',#3305);
#3307=CARTESIAN_POINT('',(-4.151,0.284,0.118));
#3306=VERTEX_POINT('',#3307);
#3303=EDGE_CURVE('',#3304,#3306,#3308,.T.);
#3308=LINE('',#3305,#3310);
#3310=VECTOR('',#3311,0.702055988797258);
#3311=DIRECTION('',(0.0,-1.0,0.0));
#3302=ORIENTED_EDGE('',*,*,#3303,.F.);
#3315=CARTESIAN_POINT('',(-4.135,0.986,0.179));
#3314=VERTEX_POINT('',#3315);
#3313=EDGE_CURVE('',#3314,#3304,#3318,.T.);
#3318=LINE('',#3315,#3320);
#3320=VECTOR('',#3321,0.063804620201212);
#3321=DIRECTION('',(-0.259,0.0,-0.966));
#3312=ORIENTED_EDGE('',*,*,#3313,.F.);
#3325=CARTESIAN_POINT('',(-4.135,0.284,0.179));
#3324=VERTEX_POINT('',#3325);
#3323=EDGE_CURVE('',#3324,#3314,#3328,.T.);
#3328=LINE('',#3325,#3330);
#3330=VECTOR('',#3331,0.702055988768467);
#3331=DIRECTION('',(0.0,1.0,0.0));
#3322=ORIENTED_EDGE('',*,*,#3323,.F.);
#3333=EDGE_CURVE('',#3306,#3324,#3338,.T.);
#3338=LINE('',#3307,#3340);
#3340=VECTOR('',#3341,0.0638046202012121);
#3341=DIRECTION('',(0.259,0.0,0.966));
#3332=ORIENTED_EDGE('',*,*,#3333,.F.);
#3342=STYLED_ITEM('',(#34),#3343);
#3343=ADVANCED_FACE('',(#3349),#3344,.T.);
#3344=PLANE('',#3345);
#3345=AXIS2_PLACEMENT_3D('',#3346,#3347,#3348);
#3346=CARTESIAN_POINT('',(-4.908,0.986,0.079));
#3347=DIRECTION('',(0.0,0.0,1.0));
#3348=DIRECTION('',(0.,1.,0.));
#3349=FACE_OUTER_BOUND('',#3350,.T.);
#3350=EDGE_LOOP('',(#3351,#3361,#3371,#3381));
#3354=CARTESIAN_POINT('',(-4.908,0.284,0.079));
#3353=VERTEX_POINT('',#3354);
#3356=CARTESIAN_POINT('',(-4.908,0.986,0.079));
#3355=VERTEX_POINT('',#3356);
#3352=EDGE_CURVE('',#3353,#3355,#3357,.T.);
#3357=LINE('',#3354,#3359);
#3359=VECTOR('',#3360,0.702056);
#3360=DIRECTION('',(0.0,1.0,0.0));
#3351=ORIENTED_EDGE('',*,*,#3352,.F.);
#3364=CARTESIAN_POINT('',(-4.304,0.284,0.079));
#3363=VERTEX_POINT('',#3364);
#3362=EDGE_CURVE('',#3363,#3353,#3367,.T.);
#3367=LINE('',#3364,#3369);
#3369=VECTOR('',#3370,0.603431524614586);
#3370=DIRECTION('',(-1.0,0.0,0.0));
#3361=ORIENTED_EDGE('',*,*,#3362,.F.);
#3374=CARTESIAN_POINT('',(-4.304,0.986,0.079));
#3373=VERTEX_POINT('',#3374);
#3372=EDGE_CURVE('',#3373,#3363,#3377,.T.);
#3377=LINE('',#3374,#3379);
#3379=VECTOR('',#3380,0.702055989163484);
#3380=DIRECTION('',(0.0,-1.0,0.0));
#3371=ORIENTED_EDGE('',*,*,#3372,.F.);
#3382=EDGE_CURVE('',#3355,#3373,#3387,.T.);
#3387=LINE('',#3356,#3389);
#3389=VECTOR('',#3390,0.603431524614585);
#3390=DIRECTION('',(1.0,0.0,0.0));
#3381=ORIENTED_EDGE('',*,*,#3382,.F.);
#3391=STYLED_ITEM('',(#34),#3392);
#3392=ADVANCED_FACE('',(#3398),#3393,.T.);
#3393=PLANE('',#3394);
#3394=AXIS2_PLACEMENT_3D('',#3395,#3396,#3397);
#3395=CARTESIAN_POINT('',(-4.304,0.986,0.0));
#3396=DIRECTION('',(0.0,0.0,-1.0));
#3397=DIRECTION('',(0.,1.,0.));
#3398=FACE_OUTER_BOUND('',#3399,.T.);
#3399=EDGE_LOOP('',(#3400,#3410,#3420,#3430));
#3403=CARTESIAN_POINT('',(-4.304,0.284,0.0));
#3402=VERTEX_POINT('',#3403);
#3405=CARTESIAN_POINT('',(-4.304,0.986,0.0));
#3404=VERTEX_POINT('',#3405);
#3401=EDGE_CURVE('',#3402,#3404,#3406,.T.);
#3406=LINE('',#3403,#3408);
#3408=VECTOR('',#3409,0.702055989163484);
#3409=DIRECTION('',(0.0,1.0,0.0));
#3400=ORIENTED_EDGE('',*,*,#3401,.F.);
#3413=CARTESIAN_POINT('',(-4.908,0.284,0.0));
#3412=VERTEX_POINT('',#3413);
#3411=EDGE_CURVE('',#3412,#3402,#3416,.T.);
#3416=LINE('',#3413,#3418);
#3418=VECTOR('',#3419,0.603431524614586);
#3419=DIRECTION('',(1.0,0.0,0.0));
#3410=ORIENTED_EDGE('',*,*,#3411,.F.);
#3423=CARTESIAN_POINT('',(-4.908,0.986,0.0));
#3422=VERTEX_POINT('',#3423);
#3421=EDGE_CURVE('',#3422,#3412,#3426,.T.);
#3426=LINE('',#3423,#3428);
#3428=VECTOR('',#3429,0.702056);
#3429=DIRECTION('',(0.0,-1.0,0.0));
#3420=ORIENTED_EDGE('',*,*,#3421,.F.);
#3431=EDGE_CURVE('',#3404,#3422,#3436,.T.);
#3436=LINE('',#3405,#3438);
#3438=VECTOR('',#3439,0.603431524614585);
#3439=DIRECTION('',(-1.0,0.0,0.0));
#3430=ORIENTED_EDGE('',*,*,#3431,.F.);
#3440=STYLED_ITEM('',(#34),#3441);
#3441=ADVANCED_FACE('',(#3447),#3442,.T.);
#3442=PLANE('',#3443);
#3443=AXIS2_PLACEMENT_3D('',#3444,#3445,#3446);
#3444=CARTESIAN_POINT('',(-4.908,0.986,0.0));
#3445=DIRECTION('',(-1.0,0.0,0.0));
#3446=DIRECTION('',(0.,0.,1.));
#3447=FACE_OUTER_BOUND('',#3448,.T.);
#3448=EDGE_LOOP('',(#3449,#3459,#3469,#3479));
#3449=ORIENTED_EDGE('',*,*,#3421,.T.);
#3460=EDGE_CURVE('',#3353,#3412,#3465,.T.);
#3465=LINE('',#3354,#3467);
#3467=VECTOR('',#3468,0.079375);
#3468=DIRECTION('',(0.0,0.0,-1.0));
#3459=ORIENTED_EDGE('',*,*,#3460,.F.);
#3469=ORIENTED_EDGE('',*,*,#3352,.T.);
#3480=EDGE_CURVE('',#3422,#3355,#3485,.T.);
#3485=LINE('',#3423,#3487);
#3487=VECTOR('',#3488,0.079375);
#3488=DIRECTION('',(0.0,0.0,1.0));
#3479=ORIENTED_EDGE('',*,*,#3480,.F.);
#3489=STYLED_ITEM($,(#34),#3490);
#3490=ADVANCED_FACE($,(#3496),#3491,.T.);
#3491=CYLINDRICAL_SURFACE($,#3492,0.15875);
#3492=AXIS2_PLACEMENT_3D($,#3493,#3494,#3495);
#3493=CARTESIAN_POINT('',(-4.058,0.284,0.159));
#3494=DIRECTION('',(0.0,-1.0,0.0));
#3495=DIRECTION('',(0.,0.,1.));
#3496=FACE_OUTER_BOUND($,#3497,.T.);
#3497=EDGE_LOOP($,(#3509,#3519,#3530,#3498));
#3509=ORIENTED_EDGE('',*,*,#3176,.T.);
#3520=EDGE_CURVE($,#3275,#3167,#3525,.T.);
#3525=CIRCLE($,#3526,0.15875);
#3527=CARTESIAN_POINT('',(-4.058,0.986,0.159));
#3526=AXIS2_PLACEMENT_3D($,#3527,#3528,#3529);
#3528=DIRECTION('',(0.0,1.0,0.0));
#3529=DIRECTION('',(0.793,0.0,0.609));
#3519=ORIENTED_EDGE('',*,*,#3520,.F.);
#3530=ORIENTED_EDGE('',*,*,#3274,.T.);
#3499=EDGE_CURVE($,#3177,#3265,#3504,.T.);
#3504=CIRCLE($,#3505,0.15875);
#3506=CARTESIAN_POINT('',(-4.058,0.284,0.159));
#3505=AXIS2_PLACEMENT_3D($,#3506,#3507,#3508);
#3507=DIRECTION('',(0.0,-1.0,0.0));
#3508=DIRECTION('',(-0.793,0.0,-0.609));
#3498=ORIENTED_EDGE('',*,*,#3499,.F.);
#3540=STYLED_ITEM($,(#34),#3541);
#3541=ADVANCED_FACE($,(#3547),#3542,.F.);
#3542=CYLINDRICAL_SURFACE($,#3543,0.079375);
#3543=AXIS2_PLACEMENT_3D($,#3544,#3545,#3546);
#3544=CARTESIAN_POINT('',(-4.058,0.986,0.159));
#3545=DIRECTION('',(0.0,-1.0,0.0));
#3546=DIRECTION('',(0.,0.,-1.));
#3547=FACE_OUTER_BOUND($,#3548,.T.);
#3548=EDGE_LOOP($,(#3560,#3570,#3581,#3549));
#3560=ORIENTED_EDGE('',*,*,#3225,.T.);
#3571=EDGE_CURVE($,#3324,#3216,#3576,.T.);
#3576=CIRCLE($,#3577,0.079375);
#3577=AXIS2_PLACEMENT_3D($,#3506,#3579,#3580);
#3579=DIRECTION('',(0.0,1.0,0.0));
#3580=DIRECTION('',(0.793,0.0,0.609));
#3570=ORIENTED_EDGE('',*,*,#3571,.F.);
#3581=ORIENTED_EDGE('',*,*,#3323,.T.);
#3550=EDGE_CURVE($,#3226,#3314,#3555,.T.);
#3555=CIRCLE($,#3556,0.079375);
#3556=AXIS2_PLACEMENT_3D($,#3527,#3558,#3559);
#3558=DIRECTION('',(0.0,-1.0,0.0));
#3559=DIRECTION('',(-0.793,0.0,-0.609));
#3549=ORIENTED_EDGE('',*,*,#3550,.F.);
#3591=STYLED_ITEM($,(#34),#3592);
#3592=ADVANCED_FACE($,(#3598),#3593,.F.);
#3593=CYLINDRICAL_SURFACE($,#3594,0.079375);
#3594=AXIS2_PLACEMENT_3D($,#3595,#3596,#3597);
#3595=CARTESIAN_POINT('',(-4.304,0.986,0.159));
#3596=DIRECTION('',(0.0,-1.0,0.0));
#3597=DIRECTION('',(0.,0.,1.));
#3598=FACE_OUTER_BOUND($,#3599,.T.);
#3599=EDGE_LOOP($,(#3611,#3621,#3632,#3600));
#3611=ORIENTED_EDGE('',*,*,#3372,.T.);
#3622=EDGE_CURVE($,#3255,#3363,#3627,.T.);
#3627=CIRCLE($,#3628,0.079375);
#3629=CARTESIAN_POINT('',(-4.304,0.284,0.159));
#3628=AXIS2_PLACEMENT_3D($,#3629,#3630,#3631);
#3630=DIRECTION('',(0.0,1.0,0.0));
#3631=DIRECTION('',(-0.793,0.0,-0.609));
#3621=ORIENTED_EDGE('',*,*,#3622,.F.);
#3632=ORIENTED_EDGE('',*,*,#3254,.T.);
#3601=EDGE_CURVE($,#3373,#3257,#3606,.T.);
#3606=CIRCLE($,#3607,0.079375);
#3608=CARTESIAN_POINT('',(-4.304,0.986,0.159));
#3607=AXIS2_PLACEMENT_3D($,#3608,#3609,#3610);
#3609=DIRECTION('',(0.0,-1.0,0.0));
#3610=DIRECTION('',(0.793,0.0,0.609));
#3600=ORIENTED_EDGE('',*,*,#3601,.F.);
#3642=STYLED_ITEM($,(#34),#3643);
#3643=ADVANCED_FACE($,(#3649),#3644,.T.);
#3644=CYLINDRICAL_SURFACE($,#3645,0.15875);
#3645=AXIS2_PLACEMENT_3D($,#3646,#3647,#3648);
#3646=CARTESIAN_POINT('',(-4.304,0.986,0.159));
#3647=DIRECTION('',(0.0,-1.0,0.0));
#3648=DIRECTION('',(0.,0.,-1.));
#3649=FACE_OUTER_BOUND($,#3650,.T.);
#3650=EDGE_LOOP($,(#3662,#3672,#3683,#3651));
#3662=ORIENTED_EDGE('',*,*,#3401,.T.);
#3673=EDGE_CURVE($,#3304,#3404,#3678,.T.);
#3678=CIRCLE($,#3679,0.15875);
#3679=AXIS2_PLACEMENT_3D($,#3608,#3681,#3682);
#3681=DIRECTION('',(0.0,1.0,0.0));
#3682=DIRECTION('',(-0.793,0.0,-0.609));
#3672=ORIENTED_EDGE('',*,*,#3673,.F.);
#3683=ORIENTED_EDGE('',*,*,#3303,.T.);
#3652=EDGE_CURVE($,#3402,#3306,#3657,.T.);
#3657=CIRCLE($,#3658,0.15875);
#3658=AXIS2_PLACEMENT_3D($,#3629,#3660,#3661);
#3660=DIRECTION('',(0.0,-1.0,0.0));
#3661=DIRECTION('',(0.793,0.0,0.609));
#3651=ORIENTED_EDGE('',*,*,#3652,.F.);
#3693=STYLED_ITEM('color',(#34),#3694);
#3694=ADVANCED_FACE($,(#3700),#3695,.T.);
#3695=PLANE($,#3696);
#3696=AXIS2_PLACEMENT_3D($,#3697,#3698,#3699);
#3697=CARTESIAN_POINT('',(-3.454,0.986,0.238));
#3698=DIRECTION('',(0.0,1.0,0.0));
#3699=DIRECTION('',(1.,0.,0.));
#3700=FACE_OUTER_BOUND($,#3701,.T.);
#3701=EDGE_LOOP($,(#3704, #3714, #3724, #3787, #3798, #3734, #3745, #3755, #3765, #3775, #3808, #3818));
#3704=ORIENTED_EDGE('',*,*,#3166,.T.);
#3714=ORIENTED_EDGE('',*,*,#3117,.T.);
#3724=ORIENTED_EDGE('',*,*,#3235,.T.);
#3787=ORIENTED_EDGE('',*,*,#3550,.T.);
#3798=ORIENTED_EDGE('',*,*,#3313,.T.);
#3734=ORIENTED_EDGE('',*,*,#3673,.T.);
#3745=ORIENTED_EDGE('',*,*,#3431,.T.);
#3755=ORIENTED_EDGE('',*,*,#3480,.T.);
#3765=ORIENTED_EDGE('',*,*,#3382,.T.);
#3775=ORIENTED_EDGE('',*,*,#3601,.T.);
#3808=ORIENTED_EDGE('',*,*,#3284,.T.);
#3818=ORIENTED_EDGE('',*,*,#3520,.T.);
#3829=STYLED_ITEM('color',(#34),#3830);
#3830=ADVANCED_FACE($,(#3836),#3831,.T.);
#3831=PLANE($,#3832);
#3832=AXIS2_PLACEMENT_3D($,#3833,#3834,#3835);
#3833=CARTESIAN_POINT('',(-4.304,0.284,0.079));
#3834=DIRECTION('',(0.0,-1.0,0.0));
#3835=DIRECTION('',(1.,0.,0.));
#3836=FACE_OUTER_BOUND($,#3837,.T.);
#3837=EDGE_LOOP($,(#3840, #3850, #3860, #3923, #3934, #3870, #3881, #3891, #3901, #3911, #3944, #3954));
#3840=ORIENTED_EDGE('',*,*,#3215,.T.);
#3850=ORIENTED_EDGE('',*,*,#3137,.T.);
#3860=ORIENTED_EDGE('',*,*,#3186,.T.);
#3923=ORIENTED_EDGE('',*,*,#3499,.T.);
#3934=ORIENTED_EDGE('',*,*,#3264,.T.);
#3870=ORIENTED_EDGE('',*,*,#3622,.T.);
#3881=ORIENTED_EDGE('',*,*,#3362,.T.);
#3891=ORIENTED_EDGE('',*,*,#3460,.T.);
#3901=ORIENTED_EDGE('',*,*,#3411,.T.);
#3911=ORIENTED_EDGE('',*,*,#3652,.T.);
#3944=ORIENTED_EDGE('',*,*,#3333,.T.);
#3954=ORIENTED_EDGE('',*,*,#3571,.T.);
#3965=MANIFOLD_SOLID_BREP($,#3966);
#3966=CLOSED_SHELL('',(#3968,#4017,#4066,#4115,#4164,#4213,#4262,#4311,#4360,#4411,#4462,#4513,#4564,#4700));
#3967=STYLED_ITEM('',(#34),#3968);
#3968=ADVANCED_FACE('',(#3974),#3969,.T.);
#3969=PLANE('',#3970);
#3970=AXIS2_PLACEMENT_3D('',#3971,#3972,#3973);
#3971=CARTESIAN_POINT('',(-3.454,-0.986,0.238));
#3972=DIRECTION('',(1.0,0.0,0.0));
#3973=DIRECTION('',(0.,0.,1.));
#3974=FACE_OUTER_BOUND('',#3975,.T.);
#3975=EDGE_LOOP('',(#3976,#3986,#3996,#4006));
#3979=CARTESIAN_POINT('',(-3.454,-0.284,0.238));
#3978=VERTEX_POINT('',#3979);
#3981=CARTESIAN_POINT('',(-3.454,-0.986,0.238));
#3980=VERTEX_POINT('',#3981);
#3977=EDGE_CURVE('',#3978,#3980,#3982,.T.);
#3982=LINE('',#3979,#3984);
#3984=VECTOR('',#3985,0.702055988260174);
#3985=DIRECTION('',(0.0,-1.0,0.0));
#3976=ORIENTED_EDGE('',*,*,#3977,.F.);
#3989=CARTESIAN_POINT('',(-3.454,-0.284,0.318));
#3988=VERTEX_POINT('',#3989);
#3987=EDGE_CURVE('',#3988,#3978,#3992,.T.);
#3992=LINE('',#3989,#3994);
#3994=VECTOR('',#3995,0.079375);
#3995=DIRECTION('',(0.0,0.0,-1.0));
#3986=ORIENTED_EDGE('',*,*,#3987,.F.);
#3999=CARTESIAN_POINT('',(-3.454,-0.986,0.318));
#3998=VERTEX_POINT('',#3999);
#3997=EDGE_CURVE('',#3998,#3988,#4002,.T.);
#4002=LINE('',#3999,#4004);
#4004=VECTOR('',#4005,0.702055988260174);
#4005=DIRECTION('',(0.0,1.0,0.0));
#3996=ORIENTED_EDGE('',*,*,#3997,.F.);
#4007=EDGE_CURVE('',#3980,#3998,#4012,.T.);
#4012=LINE('',#3981,#4014);
#4014=VECTOR('',#4015,0.079375);
#4015=DIRECTION('',(0.0,0.0,1.0));
#4006=ORIENTED_EDGE('',*,*,#4007,.F.);
#4016=STYLED_ITEM('',(#34),#4017);
#4017=ADVANCED_FACE('',(#4023),#4018,.T.);
#4018=PLANE('',#4019);
#4019=AXIS2_PLACEMENT_3D('',#4020,#4021,#4022);
#4020=CARTESIAN_POINT('',(-3.454,-0.986,0.318));
#4021=DIRECTION('',(0.0,0.0,1.0));
#4022=DIRECTION('',(0.,1.,0.));
#4023=FACE_OUTER_BOUND('',#4024,.T.);
#4024=EDGE_LOOP('',(#4025,#4035,#4045,#4055));
#4025=ORIENTED_EDGE('',*,*,#3997,.T.);
#4038=CARTESIAN_POINT('',(-4.058,-0.284,0.318));
#4037=VERTEX_POINT('',#4038);
#4036=EDGE_CURVE('',#4037,#3988,#4041,.T.);
#4041=LINE('',#4038,#4043);
#4043=VECTOR('',#4044,0.60343152994313);
#4044=DIRECTION('',(1.0,0.0,0.0));
#4035=ORIENTED_EDGE('',*,*,#4036,.F.);
#4048=CARTESIAN_POINT('',(-4.058,-0.986,0.318));
#4047=VERTEX_POINT('',#4048);
#4046=EDGE_CURVE('',#4047,#4037,#4051,.T.);
#4051=LINE('',#4048,#4053);
#4053=VECTOR('',#4054,0.70205598865347);
#4054=DIRECTION('',(0.0,1.0,0.0));
#4045=ORIENTED_EDGE('',*,*,#4046,.F.);
#4056=EDGE_CURVE('',#3998,#4047,#4061,.T.);
#4061=LINE('',#3999,#4063);
#4063=VECTOR('',#4064,0.603431529943131);
#4064=DIRECTION('',(-1.0,0.0,0.0));
#4055=ORIENTED_EDGE('',*,*,#4056,.F.);
#4065=STYLED_ITEM('',(#34),#4066);
#4066=ADVANCED_FACE('',(#4072),#4067,.T.);
#4067=PLANE('',#4068);
#4068=AXIS2_PLACEMENT_3D('',#4069,#4070,#4071);
#4069=CARTESIAN_POINT('',(-3.454,-0.284,0.238));
#4070=DIRECTION('',(0.0,0.0,-1.0));
#4071=DIRECTION('',(0.,1.,0.));
#4072=FACE_OUTER_BOUND('',#4073,.T.);
#4073=EDGE_LOOP('',(#4074,#4084,#4094,#4104));
#4074=ORIENTED_EDGE('',*,*,#3977,.T.);
#4087=CARTESIAN_POINT('',(-4.058,-0.986,0.238));
#4086=VERTEX_POINT('',#4087);
#4085=EDGE_CURVE('',#4086,#3980,#4090,.T.);
#4090=LINE('',#4087,#4092);
#4092=VECTOR('',#4093,0.603431529943131);
#4093=DIRECTION('',(1.0,0.0,0.0));
#4084=ORIENTED_EDGE('',*,*,#4085,.F.);
#4097=CARTESIAN_POINT('',(-4.058,-0.284,0.238));
#4096=VERTEX_POINT('',#4097);
#4095=EDGE_CURVE('',#4096,#4086,#4100,.T.);
#4100=LINE('',#4097,#4102);
#4102=VECTOR('',#4103,0.70205598865347);
#4103=DIRECTION('',(0.0,-1.0,0.0));
#4094=ORIENTED_EDGE('',*,*,#4095,.F.);
#4105=EDGE_CURVE('',#3978,#4096,#4110,.T.);
#4110=LINE('',#3979,#4112);
#4112=VECTOR('',#4113,0.60343152994313);
#4113=DIRECTION('',(-1.0,0.0,0.0));
#4104=ORIENTED_EDGE('',*,*,#4105,.F.);
#4114=STYLED_ITEM('',(#34),#4115);
#4115=ADVANCED_FACE('',(#4121),#4116,.T.);
#4116=PLANE('',#4117);
#4117=AXIS2_PLACEMENT_3D('',#4118,#4119,#4120);
#4118=CARTESIAN_POINT('',(-4.228,-0.284,0.138));
#4119=DIRECTION('',(-0.966,0.0,0.259));
#4120=DIRECTION('',(0.,0.,1.));
#4121=FACE_OUTER_BOUND('',#4122,.T.);
#4122=EDGE_LOOP('',(#4123,#4133,#4143,#4153));
#4126=CARTESIAN_POINT('',(-4.228,-0.986,0.138));
#4125=VERTEX_POINT('',#4126);
#4128=CARTESIAN_POINT('',(-4.228,-0.284,0.138));
#4127=VERTEX_POINT('',#4128);
#4124=EDGE_CURVE('',#4125,#4127,#4129,.T.);
#4129=LINE('',#4126,#4131);
#4131=VECTOR('',#4132,0.702055988954794);
#4132=DIRECTION('',(0.0,1.0,0.0));
#4123=ORIENTED_EDGE('',*,*,#4124,.F.);
#4136=CARTESIAN_POINT('',(-4.211,-0.986,0.2));
#4135=VERTEX_POINT('',#4136);
#4134=EDGE_CURVE('',#4135,#4125,#4139,.T.);
#4139=LINE('',#4136,#4141);
#4141=VECTOR('',#4142,0.0638046201988475);
#4142=DIRECTION('',(-0.259,0.0,-0.966));
#4133=ORIENTED_EDGE('',*,*,#4134,.F.);
#4146=CARTESIAN_POINT('',(-4.211,-0.284,0.2));
#4145=VERTEX_POINT('',#4146);
#4144=EDGE_CURVE('',#4145,#4135,#4149,.T.);
#4149=LINE('',#4146,#4151);
#4151=VECTOR('',#4152,0.702055988917149);
#4152=DIRECTION('',(0.0,-1.0,0.0));
#4143=ORIENTED_EDGE('',*,*,#4144,.F.);
#4154=EDGE_CURVE('',#4127,#4145,#4159,.T.);
#4159=LINE('',#4128,#4161);
#4161=VECTOR('',#4162,0.0638046201988475);
#4162=DIRECTION('',(0.259,0.0,0.966));
#4153=ORIENTED_EDGE('',*,*,#4154,.F.);
#4163=STYLED_ITEM('',(#34),#4164);
#4164=ADVANCED_FACE('',(#4170),#4165,.T.);
#4165=PLANE('',#4166);
#4166=AXIS2_PLACEMENT_3D('',#4167,#4168,#4169);
#4167=CARTESIAN_POINT('',(-4.151,-0.986,0.118));
#4168=DIRECTION('',(0.966,0.0,-0.259));
#4169=DIRECTION('',(0.,0.,1.));
#4170=FACE_OUTER_BOUND('',#4171,.T.);
#4171=EDGE_LOOP('',(#4172,#4182,#4192,#4202));
#4175=CARTESIAN_POINT('',(-4.151,-0.284,0.118));
#4174=VERTEX_POINT('',#4175);
#4177=CARTESIAN_POINT('',(-4.151,-0.986,0.118));
#4176=VERTEX_POINT('',#4177);
#4173=EDGE_CURVE('',#4174,#4176,#4178,.T.);
#4178=LINE('',#4175,#4180);
#4180=VECTOR('',#4181,0.702055988797258);
#4181=DIRECTION('',(0.0,-1.0,0.0));
#4172=ORIENTED_EDGE('',*,*,#4173,.F.);
#4185=CARTESIAN_POINT('',(-4.135,-0.284,0.179));
#4184=VERTEX_POINT('',#4185);
#4183=EDGE_CURVE('',#4184,#4174,#4188,.T.);
#4188=LINE('',#4185,#4190);
#4190=VECTOR('',#4191,0.063804620201212);
#4191=DIRECTION('',(-0.259,0.0,-0.966));
#4182=ORIENTED_EDGE('',*,*,#4183,.F.);
#4195=CARTESIAN_POINT('',(-4.135,-0.986,0.179));
#4194=VERTEX_POINT('',#4195);
#4193=EDGE_CURVE('',#4194,#4184,#4198,.T.);
#4198=LINE('',#4195,#4200);
#4200=VECTOR('',#4201,0.702055988768467);
#4201=DIRECTION('',(0.0,1.0,0.0));
#4192=ORIENTED_EDGE('',*,*,#4193,.F.);
#4203=EDGE_CURVE('',#4176,#4194,#4208,.T.);
#4208=LINE('',#4177,#4210);
#4210=VECTOR('',#4211,0.0638046202012121);
#4211=DIRECTION('',(0.259,0.0,0.966));
#4202=ORIENTED_EDGE('',*,*,#4203,.F.);
#4212=STYLED_ITEM('',(#34),#4213);
#4213=ADVANCED_FACE('',(#4219),#4214,.T.);
#4214=PLANE('',#4215);
#4215=AXIS2_PLACEMENT_3D('',#4216,#4217,#4218);
#4216=CARTESIAN_POINT('',(-4.908,-0.284,0.079));
#4217=DIRECTION('',(0.0,0.0,1.0));
#4218=DIRECTION('',(0.,1.,0.));
#4219=FACE_OUTER_BOUND('',#4220,.T.);
#4220=EDGE_LOOP('',(#4221,#4231,#4241,#4251));
#4224=CARTESIAN_POINT('',(-4.908,-0.986,0.079));
#4223=VERTEX_POINT('',#4224);
#4226=CARTESIAN_POINT('',(-4.908,-0.284,0.079));
#4225=VERTEX_POINT('',#4226);
#4222=EDGE_CURVE('',#4223,#4225,#4227,.T.);
#4227=LINE('',#4224,#4229);
#4229=VECTOR('',#4230,0.702056);
#4230=DIRECTION('',(0.0,1.0,0.0));
#4221=ORIENTED_EDGE('',*,*,#4222,.F.);
#4234=CARTESIAN_POINT('',(-4.304,-0.986,0.079));
#4233=VERTEX_POINT('',#4234);
#4232=EDGE_CURVE('',#4233,#4223,#4237,.T.);
#4237=LINE('',#4234,#4239);
#4239=VECTOR('',#4240,0.603431524614586);
#4240=DIRECTION('',(-1.0,0.0,0.0));
#4231=ORIENTED_EDGE('',*,*,#4232,.F.);
#4244=CARTESIAN_POINT('',(-4.304,-0.284,0.079));
#4243=VERTEX_POINT('',#4244);
#4242=EDGE_CURVE('',#4243,#4233,#4247,.T.);
#4247=LINE('',#4244,#4249);
#4249=VECTOR('',#4250,0.702055989163484);
#4250=DIRECTION('',(0.0,-1.0,0.0));
#4241=ORIENTED_EDGE('',*,*,#4242,.F.);
#4252=EDGE_CURVE('',#4225,#4243,#4257,.T.);
#4257=LINE('',#4226,#4259);
#4259=VECTOR('',#4260,0.603431524614585);
#4260=DIRECTION('',(1.0,0.0,0.0));
#4251=ORIENTED_EDGE('',*,*,#4252,.F.);
#4261=STYLED_ITEM('',(#34),#4262);
#4262=ADVANCED_FACE('',(#4268),#4263,.T.);
#4263=PLANE('',#4264);
#4264=AXIS2_PLACEMENT_3D('',#4265,#4266,#4267);
#4265=CARTESIAN_POINT('',(-4.304,-0.284,0.0));
#4266=DIRECTION('',(0.0,0.0,-1.0));
#4267=DIRECTION('',(0.,1.,0.));
#4268=FACE_OUTER_BOUND('',#4269,.T.);
#4269=EDGE_LOOP('',(#4270,#4280,#4290,#4300));
#4273=CARTESIAN_POINT('',(-4.304,-0.986,0.0));
#4272=VERTEX_POINT('',#4273);
#4275=CARTESIAN_POINT('',(-4.304,-0.284,0.0));
#4274=VERTEX_POINT('',#4275);
#4271=EDGE_CURVE('',#4272,#4274,#4276,.T.);
#4276=LINE('',#4273,#4278);
#4278=VECTOR('',#4279,0.702055989163484);
#4279=DIRECTION('',(0.0,1.0,0.0));
#4270=ORIENTED_EDGE('',*,*,#4271,.F.);
#4283=CARTESIAN_POINT('',(-4.908,-0.986,0.0));
#4282=VERTEX_POINT('',#4283);
#4281=EDGE_CURVE('',#4282,#4272,#4286,.T.);
#4286=LINE('',#4283,#4288);
#4288=VECTOR('',#4289,0.603431524614586);
#4289=DIRECTION('',(1.0,0.0,0.0));
#4280=ORIENTED_EDGE('',*,*,#4281,.F.);
#4293=CARTESIAN_POINT('',(-4.908,-0.284,0.0));
#4292=VERTEX_POINT('',#4293);
#4291=EDGE_CURVE('',#4292,#4282,#4296,.T.);
#4296=LINE('',#4293,#4298);
#4298=VECTOR('',#4299,0.702056);
#4299=DIRECTION('',(0.0,-1.0,0.0));
#4290=ORIENTED_EDGE('',*,*,#4291,.F.);
#4301=EDGE_CURVE('',#4274,#4292,#4306,.T.);
#4306=LINE('',#4275,#4308);
#4308=VECTOR('',#4309,0.603431524614585);
#4309=DIRECTION('',(-1.0,0.0,0.0));
#4300=ORIENTED_EDGE('',*,*,#4301,.F.);
#4310=STYLED_ITEM('',(#34),#4311);
#4311=ADVANCED_FACE('',(#4317),#4312,.T.);
#4312=PLANE('',#4313);
#4313=AXIS2_PLACEMENT_3D('',#4314,#4315,#4316);
#4314=CARTESIAN_POINT('',(-4.908,-0.284,0.0));
#4315=DIRECTION('',(-1.0,0.0,0.0));
#4316=DIRECTION('',(0.,0.,1.));
#4317=FACE_OUTER_BOUND('',#4318,.T.);
#4318=EDGE_LOOP('',(#4319,#4329,#4339,#4349));
#4319=ORIENTED_EDGE('',*,*,#4291,.T.);
#4330=EDGE_CURVE('',#4223,#4282,#4335,.T.);
#4335=LINE('',#4224,#4337);
#4337=VECTOR('',#4338,0.079375);
#4338=DIRECTION('',(0.0,0.0,-1.0));
#4329=ORIENTED_EDGE('',*,*,#4330,.F.);
#4339=ORIENTED_EDGE('',*,*,#4222,.T.);
#4350=EDGE_CURVE('',#4292,#4225,#4355,.T.);
#4355=LINE('',#4293,#4357);
#4357=VECTOR('',#4358,0.079375);
#4358=DIRECTION('',(0.0,0.0,1.0));
#4349=ORIENTED_EDGE('',*,*,#4350,.F.);
#4359=STYLED_ITEM($,(#34),#4360);
#4360=ADVANCED_FACE($,(#4366),#4361,.T.);
#4361=CYLINDRICAL_SURFACE($,#4362,0.15875);
#4362=AXIS2_PLACEMENT_3D($,#4363,#4364,#4365);
#4363=CARTESIAN_POINT('',(-4.058,-0.986,0.159));
#4364=DIRECTION('',(0.0,-1.0,0.0));
#4365=DIRECTION('',(0.,0.,1.));
#4366=FACE_OUTER_BOUND($,#4367,.T.);
#4367=EDGE_LOOP($,(#4379,#4389,#4400,#4368));
#4379=ORIENTED_EDGE('',*,*,#4046,.T.);
#4390=EDGE_CURVE($,#4145,#4037,#4395,.T.);
#4395=CIRCLE($,#4396,0.15875);
#4397=CARTESIAN_POINT('',(-4.058,-0.284,0.159));
#4396=AXIS2_PLACEMENT_3D($,#4397,#4398,#4399);
#4398=DIRECTION('',(0.0,1.0,0.0));
#4399=DIRECTION('',(0.793,0.0,0.609));
#4389=ORIENTED_EDGE('',*,*,#4390,.F.);
#4400=ORIENTED_EDGE('',*,*,#4144,.T.);
#4369=EDGE_CURVE($,#4047,#4135,#4374,.T.);
#4374=CIRCLE($,#4375,0.15875);
#4376=CARTESIAN_POINT('',(-4.058,-0.986,0.159));
#4375=AXIS2_PLACEMENT_3D($,#4376,#4377,#4378);
#4377=DIRECTION('',(0.0,-1.0,0.0));
#4378=DIRECTION('',(-0.793,0.0,-0.609));
#4368=ORIENTED_EDGE('',*,*,#4369,.F.);
#4410=STYLED_ITEM($,(#34),#4411);
#4411=ADVANCED_FACE($,(#4417),#4412,.F.);
#4412=CYLINDRICAL_SURFACE($,#4413,0.079375);
#4413=AXIS2_PLACEMENT_3D($,#4414,#4415,#4416);
#4414=CARTESIAN_POINT('',(-4.058,-0.284,0.159));
#4415=DIRECTION('',(0.0,-1.0,0.0));
#4416=DIRECTION('',(0.,0.,-1.));
#4417=FACE_OUTER_BOUND($,#4418,.T.);
#4418=EDGE_LOOP($,(#4430,#4440,#4451,#4419));
#4430=ORIENTED_EDGE('',*,*,#4095,.T.);
#4441=EDGE_CURVE($,#4194,#4086,#4446,.T.);
#4446=CIRCLE($,#4447,0.079375);
#4447=AXIS2_PLACEMENT_3D($,#4376,#4449,#4450);
#4449=DIRECTION('',(0.0,1.0,0.0));
#4450=DIRECTION('',(0.793,0.0,0.609));
#4440=ORIENTED_EDGE('',*,*,#4441,.F.);
#4451=ORIENTED_EDGE('',*,*,#4193,.T.);
#4420=EDGE_CURVE($,#4096,#4184,#4425,.T.);
#4425=CIRCLE($,#4426,0.079375);
#4426=AXIS2_PLACEMENT_3D($,#4397,#4428,#4429);
#4428=DIRECTION('',(0.0,-1.0,0.0));
#4429=DIRECTION('',(-0.793,0.0,-0.609));
#4419=ORIENTED_EDGE('',*,*,#4420,.F.);
#4461=STYLED_ITEM($,(#34),#4462);
#4462=ADVANCED_FACE($,(#4468),#4463,.F.);
#4463=CYLINDRICAL_SURFACE($,#4464,0.079375);
#4464=AXIS2_PLACEMENT_3D($,#4465,#4466,#4467);
#4465=CARTESIAN_POINT('',(-4.304,-0.284,0.159));
#4466=DIRECTION('',(0.0,-1.0,0.0));
#4467=DIRECTION('',(0.,0.,1.));
#4468=FACE_OUTER_BOUND($,#4469,.T.);
#4469=EDGE_LOOP($,(#4481,#4491,#4502,#4470));
#4481=ORIENTED_EDGE('',*,*,#4242,.T.);
#4492=EDGE_CURVE($,#4125,#4233,#4497,.T.);
#4497=CIRCLE($,#4498,0.079375);
#4499=CARTESIAN_POINT('',(-4.304,-0.986,0.159));
#4498=AXIS2_PLACEMENT_3D($,#4499,#4500,#4501);
#4500=DIRECTION('',(0.0,1.0,0.0));
#4501=DIRECTION('',(-0.793,0.0,-0.609));
#4491=ORIENTED_EDGE('',*,*,#4492,.F.);
#4502=ORIENTED_EDGE('',*,*,#4124,.T.);
#4471=EDGE_CURVE($,#4243,#4127,#4476,.T.);
#4476=CIRCLE($,#4477,0.079375);
#4478=CARTESIAN_POINT('',(-4.304,-0.284,0.159));
#4477=AXIS2_PLACEMENT_3D($,#4478,#4479,#4480);
#4479=DIRECTION('',(0.0,-1.0,0.0));
#4480=DIRECTION('',(0.793,0.0,0.609));
#4470=ORIENTED_EDGE('',*,*,#4471,.F.);
#4512=STYLED_ITEM($,(#34),#4513);
#4513=ADVANCED_FACE($,(#4519),#4514,.T.);
#4514=CYLINDRICAL_SURFACE($,#4515,0.15875);
#4515=AXIS2_PLACEMENT_3D($,#4516,#4517,#4518);
#4516=CARTESIAN_POINT('',(-4.304,-0.284,0.159));
#4517=DIRECTION('',(0.0,-1.0,0.0));
#4518=DIRECTION('',(0.,0.,-1.));
#4519=FACE_OUTER_BOUND($,#4520,.T.);
#4520=EDGE_LOOP($,(#4532,#4542,#4553,#4521));
#4532=ORIENTED_EDGE('',*,*,#4271,.T.);
#4543=EDGE_CURVE($,#4174,#4274,#4548,.T.);
#4548=CIRCLE($,#4549,0.15875);
#4549=AXIS2_PLACEMENT_3D($,#4478,#4551,#4552);
#4551=DIRECTION('',(0.0,1.0,0.0));
#4552=DIRECTION('',(-0.793,0.0,-0.609));
#4542=ORIENTED_EDGE('',*,*,#4543,.F.);
#4553=ORIENTED_EDGE('',*,*,#4173,.T.);
#4522=EDGE_CURVE($,#4272,#4176,#4527,.T.);
#4527=CIRCLE($,#4528,0.15875);
#4528=AXIS2_PLACEMENT_3D($,#4499,#4530,#4531);
#4530=DIRECTION('',(0.0,-1.0,0.0));
#4531=DIRECTION('',(0.793,0.0,0.609));
#4521=ORIENTED_EDGE('',*,*,#4522,.F.);
#4563=STYLED_ITEM('color',(#34),#4564);
#4564=ADVANCED_FACE($,(#4570),#4565,.T.);
#4565=PLANE($,#4566);
#4566=AXIS2_PLACEMENT_3D($,#4567,#4568,#4569);
#4567=CARTESIAN_POINT('',(-3.454,-0.284,0.238));
#4568=DIRECTION('',(0.0,1.0,0.0));
#4569=DIRECTION('',(1.,0.,0.));
#4570=FACE_OUTER_BOUND($,#4571,.T.);
#4571=EDGE_LOOP($,(#4574, #4584, #4594, #4657, #4668, #4604, #4615, #4625, #4635, #4645, #4678, #4688));
#4574=ORIENTED_EDGE('',*,*,#4036,.T.);
#4584=ORIENTED_EDGE('',*,*,#3987,.T.);
#4594=ORIENTED_EDGE('',*,*,#4105,.T.);
#4657=ORIENTED_EDGE('',*,*,#4420,.T.);
#4668=ORIENTED_EDGE('',*,*,#4183,.T.);
#4604=ORIENTED_EDGE('',*,*,#4543,.T.);
#4615=ORIENTED_EDGE('',*,*,#4301,.T.);
#4625=ORIENTED_EDGE('',*,*,#4350,.T.);
#4635=ORIENTED_EDGE('',*,*,#4252,.T.);
#4645=ORIENTED_EDGE('',*,*,#4471,.T.);
#4678=ORIENTED_EDGE('',*,*,#4154,.T.);
#4688=ORIENTED_EDGE('',*,*,#4390,.T.);
#4699=STYLED_ITEM('color',(#34),#4700);
#4700=ADVANCED_FACE($,(#4706),#4701,.T.);
#4701=PLANE($,#4702);
#4702=AXIS2_PLACEMENT_3D($,#4703,#4704,#4705);
#4703=CARTESIAN_POINT('',(-4.304,-0.986,0.079));
#4704=DIRECTION('',(0.0,-1.0,0.0));
#4705=DIRECTION('',(1.,0.,0.));
#4706=FACE_OUTER_BOUND($,#4707,.T.);
#4707=EDGE_LOOP($,(#4710, #4720, #4730, #4793, #4804, #4740, #4751, #4761, #4771, #4781, #4814, #4824));
#4710=ORIENTED_EDGE('',*,*,#4085,.T.);
#4720=ORIENTED_EDGE('',*,*,#4007,.T.);
#4730=ORIENTED_EDGE('',*,*,#4056,.T.);
#4793=ORIENTED_EDGE('',*,*,#4369,.T.);
#4804=ORIENTED_EDGE('',*,*,#4134,.T.);
#4740=ORIENTED_EDGE('',*,*,#4492,.T.);
#4751=ORIENTED_EDGE('',*,*,#4232,.T.);
#4761=ORIENTED_EDGE('',*,*,#4330,.T.);
#4771=ORIENTED_EDGE('',*,*,#4281,.T.);
#4781=ORIENTED_EDGE('',*,*,#4522,.T.);
#4814=ORIENTED_EDGE('',*,*,#4203,.T.);
#4824=ORIENTED_EDGE('',*,*,#4441,.T.);
#4835=MANIFOLD_SOLID_BREP($,#4836);
#4836=CLOSED_SHELL('',(#4838,#4887,#4936,#4985,#5034,#5083,#5132,#5181,#5230,#5281,#5332,#5383,#5434,#5570));
#4837=STYLED_ITEM('',(#34),#4838);
#4838=ADVANCED_FACE('',(#4844),#4839,.T.);
#4839=PLANE('',#4840);
#4840=AXIS2_PLACEMENT_3D('',#4841,#4842,#4843);
#4841=CARTESIAN_POINT('',(-3.454,-2.256,0.238));
#4842=DIRECTION('',(1.0,0.0,0.0));
#4843=DIRECTION('',(0.,0.,1.));
#4844=FACE_OUTER_BOUND('',#4845,.T.);
#4845=EDGE_LOOP('',(#4846,#4856,#4866,#4876));
#4849=CARTESIAN_POINT('',(-3.454,-1.554,0.238));
#4848=VERTEX_POINT('',#4849);
#4851=CARTESIAN_POINT('',(-3.454,-2.256,0.238));
#4850=VERTEX_POINT('',#4851);
#4847=EDGE_CURVE('',#4848,#4850,#4852,.T.);
#4852=LINE('',#4849,#4854);
#4854=VECTOR('',#4855,0.702055988260174);
#4855=DIRECTION('',(0.0,-1.0,0.0));
#4846=ORIENTED_EDGE('',*,*,#4847,.F.);
#4859=CARTESIAN_POINT('',(-3.454,-1.554,0.318));
#4858=VERTEX_POINT('',#4859);
#4857=EDGE_CURVE('',#4858,#4848,#4862,.T.);
#4862=LINE('',#4859,#4864);
#4864=VECTOR('',#4865,0.079375);
#4865=DIRECTION('',(0.0,0.0,-1.0));
#4856=ORIENTED_EDGE('',*,*,#4857,.F.);
#4869=CARTESIAN_POINT('',(-3.454,-2.256,0.318));
#4868=VERTEX_POINT('',#4869);
#4867=EDGE_CURVE('',#4868,#4858,#4872,.T.);
#4872=LINE('',#4869,#4874);
#4874=VECTOR('',#4875,0.702055988260174);
#4875=DIRECTION('',(0.0,1.0,0.0));
#4866=ORIENTED_EDGE('',*,*,#4867,.F.);
#4877=EDGE_CURVE('',#4850,#4868,#4882,.T.);
#4882=LINE('',#4851,#4884);
#4884=VECTOR('',#4885,0.079375);
#4885=DIRECTION('',(0.0,0.0,1.0));
#4876=ORIENTED_EDGE('',*,*,#4877,.F.);
#4886=STYLED_ITEM('',(#34),#4887);
#4887=ADVANCED_FACE('',(#4893),#4888,.T.);
#4888=PLANE('',#4889);
#4889=AXIS2_PLACEMENT_3D('',#4890,#4891,#4892);
#4890=CARTESIAN_POINT('',(-3.454,-2.256,0.318));
#4891=DIRECTION('',(0.0,0.0,1.0));
#4892=DIRECTION('',(0.,1.,0.));
#4893=FACE_OUTER_BOUND('',#4894,.T.);
#4894=EDGE_LOOP('',(#4895,#4905,#4915,#4925));
#4895=ORIENTED_EDGE('',*,*,#4867,.T.);
#4908=CARTESIAN_POINT('',(-4.058,-1.554,0.318));
#4907=VERTEX_POINT('',#4908);
#4906=EDGE_CURVE('',#4907,#4858,#4911,.T.);
#4911=LINE('',#4908,#4913);
#4913=VECTOR('',#4914,0.60343152994313);
#4914=DIRECTION('',(1.0,0.0,0.0));
#4905=ORIENTED_EDGE('',*,*,#4906,.F.);
#4918=CARTESIAN_POINT('',(-4.058,-2.256,0.318));
#4917=VERTEX_POINT('',#4918);
#4916=EDGE_CURVE('',#4917,#4907,#4921,.T.);
#4921=LINE('',#4918,#4923);
#4923=VECTOR('',#4924,0.70205598865347);
#4924=DIRECTION('',(0.0,1.0,0.0));
#4915=ORIENTED_EDGE('',*,*,#4916,.F.);
#4926=EDGE_CURVE('',#4868,#4917,#4931,.T.);
#4931=LINE('',#4869,#4933);
#4933=VECTOR('',#4934,0.603431529943131);
#4934=DIRECTION('',(-1.0,0.0,0.0));
#4925=ORIENTED_EDGE('',*,*,#4926,.F.);
#4935=STYLED_ITEM('',(#34),#4936);
#4936=ADVANCED_FACE('',(#4942),#4937,.T.);
#4937=PLANE('',#4938);
#4938=AXIS2_PLACEMENT_3D('',#4939,#4940,#4941);
#4939=CARTESIAN_POINT('',(-3.454,-1.554,0.238));
#4940=DIRECTION('',(0.0,0.0,-1.0));
#4941=DIRECTION('',(0.,1.,0.));
#4942=FACE_OUTER_BOUND('',#4943,.T.);
#4943=EDGE_LOOP('',(#4944,#4954,#4964,#4974));
#4944=ORIENTED_EDGE('',*,*,#4847,.T.);
#4957=CARTESIAN_POINT('',(-4.058,-2.256,0.238));
#4956=VERTEX_POINT('',#4957);
#4955=EDGE_CURVE('',#4956,#4850,#4960,.T.);
#4960=LINE('',#4957,#4962);
#4962=VECTOR('',#4963,0.603431529943131);
#4963=DIRECTION('',(1.0,0.0,0.0));
#4954=ORIENTED_EDGE('',*,*,#4955,.F.);
#4967=CARTESIAN_POINT('',(-4.058,-1.554,0.238));
#4966=VERTEX_POINT('',#4967);
#4965=EDGE_CURVE('',#4966,#4956,#4970,.T.);
#4970=LINE('',#4967,#4972);
#4972=VECTOR('',#4973,0.70205598865347);
#4973=DIRECTION('',(0.0,-1.0,0.0));
#4964=ORIENTED_EDGE('',*,*,#4965,.F.);
#4975=EDGE_CURVE('',#4848,#4966,#4980,.T.);
#4980=LINE('',#4849,#4982);
#4982=VECTOR('',#4983,0.60343152994313);
#4983=DIRECTION('',(-1.0,0.0,0.0));
#4974=ORIENTED_EDGE('',*,*,#4975,.F.);
#4984=STYLED_ITEM('',(#34),#4985);
#4985=ADVANCED_FACE('',(#4991),#4986,.T.);
#4986=PLANE('',#4987);
#4987=AXIS2_PLACEMENT_3D('',#4988,#4989,#4990);
#4988=CARTESIAN_POINT('',(-4.228,-1.554,0.138));
#4989=DIRECTION('',(-0.966,0.0,0.259));
#4990=DIRECTION('',(0.,0.,1.));
#4991=FACE_OUTER_BOUND('',#4992,.T.);
#4992=EDGE_LOOP('',(#4993,#5003,#5013,#5023));
#4996=CARTESIAN_POINT('',(-4.228,-2.256,0.138));
#4995=VERTEX_POINT('',#4996);
#4998=CARTESIAN_POINT('',(-4.228,-1.554,0.138));
#4997=VERTEX_POINT('',#4998);
#4994=EDGE_CURVE('',#4995,#4997,#4999,.T.);
#4999=LINE('',#4996,#5001);
#5001=VECTOR('',#5002,0.702055988954794);
#5002=DIRECTION('',(0.0,1.0,0.0));
#4993=ORIENTED_EDGE('',*,*,#4994,.F.);
#5006=CARTESIAN_POINT('',(-4.211,-2.256,0.2));
#5005=VERTEX_POINT('',#5006);
#5004=EDGE_CURVE('',#5005,#4995,#5009,.T.);
#5009=LINE('',#5006,#5011);
#5011=VECTOR('',#5012,0.0638046201988475);
#5012=DIRECTION('',(-0.259,0.0,-0.966));
#5003=ORIENTED_EDGE('',*,*,#5004,.F.);
#5016=CARTESIAN_POINT('',(-4.211,-1.554,0.2));
#5015=VERTEX_POINT('',#5016);
#5014=EDGE_CURVE('',#5015,#5005,#5019,.T.);
#5019=LINE('',#5016,#5021);
#5021=VECTOR('',#5022,0.702055988917149);
#5022=DIRECTION('',(0.0,-1.0,0.0));
#5013=ORIENTED_EDGE('',*,*,#5014,.F.);
#5024=EDGE_CURVE('',#4997,#5015,#5029,.T.);
#5029=LINE('',#4998,#5031);
#5031=VECTOR('',#5032,0.0638046201988475);
#5032=DIRECTION('',(0.259,0.0,0.966));
#5023=ORIENTED_EDGE('',*,*,#5024,.F.);
#5033=STYLED_ITEM('',(#34),#5034);
#5034=ADVANCED_FACE('',(#5040),#5035,.T.);
#5035=PLANE('',#5036);
#5036=AXIS2_PLACEMENT_3D('',#5037,#5038,#5039);
#5037=CARTESIAN_POINT('',(-4.151,-2.256,0.118));
#5038=DIRECTION('',(0.966,0.0,-0.259));
#5039=DIRECTION('',(0.,0.,1.));
#5040=FACE_OUTER_BOUND('',#5041,.T.);
#5041=EDGE_LOOP('',(#5042,#5052,#5062,#5072));
#5045=CARTESIAN_POINT('',(-4.151,-1.554,0.118));
#5044=VERTEX_POINT('',#5045);
#5047=CARTESIAN_POINT('',(-4.151,-2.256,0.118));
#5046=VERTEX_POINT('',#5047);
#5043=EDGE_CURVE('',#5044,#5046,#5048,.T.);
#5048=LINE('',#5045,#5050);
#5050=VECTOR('',#5051,0.702055988797257);
#5051=DIRECTION('',(0.0,-1.0,0.0));
#5042=ORIENTED_EDGE('',*,*,#5043,.F.);
#5055=CARTESIAN_POINT('',(-4.135,-1.554,0.179));
#5054=VERTEX_POINT('',#5055);
#5053=EDGE_CURVE('',#5054,#5044,#5058,.T.);
#5058=LINE('',#5055,#5060);
#5060=VECTOR('',#5061,0.063804620201212);
#5061=DIRECTION('',(-0.259,0.0,-0.966));
#5052=ORIENTED_EDGE('',*,*,#5053,.F.);
#5065=CARTESIAN_POINT('',(-4.135,-2.256,0.179));
#5064=VERTEX_POINT('',#5065);
#5063=EDGE_CURVE('',#5064,#5054,#5068,.T.);
#5068=LINE('',#5065,#5070);
#5070=VECTOR('',#5071,0.702055988768467);
#5071=DIRECTION('',(0.0,1.0,0.0));
#5062=ORIENTED_EDGE('',*,*,#5063,.F.);
#5073=EDGE_CURVE('',#5046,#5064,#5078,.T.);
#5078=LINE('',#5047,#5080);
#5080=VECTOR('',#5081,0.0638046202012121);
#5081=DIRECTION('',(0.259,0.0,0.966));
#5072=ORIENTED_EDGE('',*,*,#5073,.F.);
#5082=STYLED_ITEM('',(#34),#5083);
#5083=ADVANCED_FACE('',(#5089),#5084,.T.);
#5084=PLANE('',#5085);
#5085=AXIS2_PLACEMENT_3D('',#5086,#5087,#5088);
#5086=CARTESIAN_POINT('',(-4.908,-1.554,0.079));
#5087=DIRECTION('',(0.0,0.0,1.0));
#5088=DIRECTION('',(0.,1.,0.));
#5089=FACE_OUTER_BOUND('',#5090,.T.);
#5090=EDGE_LOOP('',(#5091,#5101,#5111,#5121));
#5094=CARTESIAN_POINT('',(-4.908,-2.256,0.079));
#5093=VERTEX_POINT('',#5094);
#5096=CARTESIAN_POINT('',(-4.908,-1.554,0.079));
#5095=VERTEX_POINT('',#5096);
#5092=EDGE_CURVE('',#5093,#5095,#5097,.T.);
#5097=LINE('',#5094,#5099);
#5099=VECTOR('',#5100,0.702056);
#5100=DIRECTION('',(0.0,1.0,0.0));
#5091=ORIENTED_EDGE('',*,*,#5092,.F.);
#5104=CARTESIAN_POINT('',(-4.304,-2.256,0.079));
#5103=VERTEX_POINT('',#5104);
#5102=EDGE_CURVE('',#5103,#5093,#5107,.T.);
#5107=LINE('',#5104,#5109);
#5109=VECTOR('',#5110,0.603431524614586);
#5110=DIRECTION('',(-1.0,0.0,0.0));
#5101=ORIENTED_EDGE('',*,*,#5102,.F.);
#5114=CARTESIAN_POINT('',(-4.304,-1.554,0.079));
#5113=VERTEX_POINT('',#5114);
#5112=EDGE_CURVE('',#5113,#5103,#5117,.T.);
#5117=LINE('',#5114,#5119);
#5119=VECTOR('',#5120,0.702055989163484);
#5120=DIRECTION('',(0.0,-1.0,0.0));
#5111=ORIENTED_EDGE('',*,*,#5112,.F.);
#5122=EDGE_CURVE('',#5095,#5113,#5127,.T.);
#5127=LINE('',#5096,#5129);
#5129=VECTOR('',#5130,0.603431524614585);
#5130=DIRECTION('',(1.0,0.0,0.0));
#5121=ORIENTED_EDGE('',*,*,#5122,.F.);
#5131=STYLED_ITEM('',(#34),#5132);
#5132=ADVANCED_FACE('',(#5138),#5133,.T.);
#5133=PLANE('',#5134);
#5134=AXIS2_PLACEMENT_3D('',#5135,#5136,#5137);
#5135=CARTESIAN_POINT('',(-4.304,-1.554,0.0));
#5136=DIRECTION('',(0.0,0.0,-1.0));
#5137=DIRECTION('',(0.,1.,0.));
#5138=FACE_OUTER_BOUND('',#5139,.T.);
#5139=EDGE_LOOP('',(#5140,#5150,#5160,#5170));
#5143=CARTESIAN_POINT('',(-4.304,-2.256,0.0));
#5142=VERTEX_POINT('',#5143);
#5145=CARTESIAN_POINT('',(-4.304,-1.554,0.0));
#5144=VERTEX_POINT('',#5145);
#5141=EDGE_CURVE('',#5142,#5144,#5146,.T.);
#5146=LINE('',#5143,#5148);
#5148=VECTOR('',#5149,0.702055989163484);
#5149=DIRECTION('',(0.0,1.0,0.0));
#5140=ORIENTED_EDGE('',*,*,#5141,.F.);
#5153=CARTESIAN_POINT('',(-4.908,-2.256,0.0));
#5152=VERTEX_POINT('',#5153);
#5151=EDGE_CURVE('',#5152,#5142,#5156,.T.);
#5156=LINE('',#5153,#5158);
#5158=VECTOR('',#5159,0.603431524614586);
#5159=DIRECTION('',(1.0,0.0,0.0));
#5150=ORIENTED_EDGE('',*,*,#5151,.F.);
#5163=CARTESIAN_POINT('',(-4.908,-1.554,0.0));
#5162=VERTEX_POINT('',#5163);
#5161=EDGE_CURVE('',#5162,#5152,#5166,.T.);
#5166=LINE('',#5163,#5168);
#5168=VECTOR('',#5169,0.702056);
#5169=DIRECTION('',(0.0,-1.0,0.0));
#5160=ORIENTED_EDGE('',*,*,#5161,.F.);
#5171=EDGE_CURVE('',#5144,#5162,#5176,.T.);
#5176=LINE('',#5145,#5178);
#5178=VECTOR('',#5179,0.603431524614585);
#5179=DIRECTION('',(-1.0,0.0,0.0));
#5170=ORIENTED_EDGE('',*,*,#5171,.F.);
#5180=STYLED_ITEM('',(#34),#5181);
#5181=ADVANCED_FACE('',(#5187),#5182,.T.);
#5182=PLANE('',#5183);
#5183=AXIS2_PLACEMENT_3D('',#5184,#5185,#5186);
#5184=CARTESIAN_POINT('',(-4.908,-1.554,0.0));
#5185=DIRECTION('',(-1.0,0.0,0.0));
#5186=DIRECTION('',(0.,0.,1.));
#5187=FACE_OUTER_BOUND('',#5188,.T.);
#5188=EDGE_LOOP('',(#5189,#5199,#5209,#5219));
#5189=ORIENTED_EDGE('',*,*,#5161,.T.);
#5200=EDGE_CURVE('',#5093,#5152,#5205,.T.);
#5205=LINE('',#5094,#5207);
#5207=VECTOR('',#5208,0.079375);
#5208=DIRECTION('',(0.0,0.0,-1.0));
#5199=ORIENTED_EDGE('',*,*,#5200,.F.);
#5209=ORIENTED_EDGE('',*,*,#5092,.T.);
#5220=EDGE_CURVE('',#5162,#5095,#5225,.T.);
#5225=LINE('',#5163,#5227);
#5227=VECTOR('',#5228,0.079375);
#5228=DIRECTION('',(0.0,0.0,1.0));
#5219=ORIENTED_EDGE('',*,*,#5220,.F.);
#5229=STYLED_ITEM($,(#34),#5230);
#5230=ADVANCED_FACE($,(#5236),#5231,.T.);
#5231=CYLINDRICAL_SURFACE($,#5232,0.15875);
#5232=AXIS2_PLACEMENT_3D($,#5233,#5234,#5235);
#5233=CARTESIAN_POINT('',(-4.058,-2.256,0.159));
#5234=DIRECTION('',(0.0,-1.0,0.0));
#5235=DIRECTION('',(0.,0.,1.));
#5236=FACE_OUTER_BOUND($,#5237,.T.);
#5237=EDGE_LOOP($,(#5249,#5259,#5270,#5238));
#5249=ORIENTED_EDGE('',*,*,#4916,.T.);
#5260=EDGE_CURVE($,#5015,#4907,#5265,.T.);
#5265=CIRCLE($,#5266,0.15875);
#5267=CARTESIAN_POINT('',(-4.058,-1.554,0.159));
#5266=AXIS2_PLACEMENT_3D($,#5267,#5268,#5269);
#5268=DIRECTION('',(0.0,1.0,0.0));
#5269=DIRECTION('',(0.793,0.0,0.609));
#5259=ORIENTED_EDGE('',*,*,#5260,.F.);
#5270=ORIENTED_EDGE('',*,*,#5014,.T.);
#5239=EDGE_CURVE($,#4917,#5005,#5244,.T.);
#5244=CIRCLE($,#5245,0.15875);
#5246=CARTESIAN_POINT('',(-4.058,-2.256,0.159));
#5245=AXIS2_PLACEMENT_3D($,#5246,#5247,#5248);
#5247=DIRECTION('',(0.0,-1.0,0.0));
#5248=DIRECTION('',(-0.793,0.0,-0.609));
#5238=ORIENTED_EDGE('',*,*,#5239,.F.);
#5280=STYLED_ITEM($,(#34),#5281);
#5281=ADVANCED_FACE($,(#5287),#5282,.F.);
#5282=CYLINDRICAL_SURFACE($,#5283,0.079375);
#5283=AXIS2_PLACEMENT_3D($,#5284,#5285,#5286);
#5284=CARTESIAN_POINT('',(-4.058,-1.554,0.159));
#5285=DIRECTION('',(0.0,-1.0,0.0));
#5286=DIRECTION('',(0.,0.,-1.));
#5287=FACE_OUTER_BOUND($,#5288,.T.);
#5288=EDGE_LOOP($,(#5300,#5310,#5321,#5289));
#5300=ORIENTED_EDGE('',*,*,#4965,.T.);
#5311=EDGE_CURVE($,#5064,#4956,#5316,.T.);
#5316=CIRCLE($,#5317,0.079375);
#5317=AXIS2_PLACEMENT_3D($,#5246,#5319,#5320);
#5319=DIRECTION('',(0.0,1.0,0.0));
#5320=DIRECTION('',(0.793,0.0,0.609));
#5310=ORIENTED_EDGE('',*,*,#5311,.F.);
#5321=ORIENTED_EDGE('',*,*,#5063,.T.);
#5290=EDGE_CURVE($,#4966,#5054,#5295,.T.);
#5295=CIRCLE($,#5296,0.079375);
#5296=AXIS2_PLACEMENT_3D($,#5267,#5298,#5299);
#5298=DIRECTION('',(0.0,-1.0,0.0));
#5299=DIRECTION('',(-0.793,0.0,-0.609));
#5289=ORIENTED_EDGE('',*,*,#5290,.F.);
#5331=STYLED_ITEM($,(#34),#5332);
#5332=ADVANCED_FACE($,(#5338),#5333,.F.);
#5333=CYLINDRICAL_SURFACE($,#5334,0.079375);
#5334=AXIS2_PLACEMENT_3D($,#5335,#5336,#5337);
#5335=CARTESIAN_POINT('',(-4.304,-1.554,0.159));
#5336=DIRECTION('',(0.0,-1.0,0.0));
#5337=DIRECTION('',(0.,0.,1.));
#5338=FACE_OUTER_BOUND($,#5339,.T.);
#5339=EDGE_LOOP($,(#5351,#5361,#5372,#5340));
#5351=ORIENTED_EDGE('',*,*,#5112,.T.);
#5362=EDGE_CURVE($,#4995,#5103,#5367,.T.);
#5367=CIRCLE($,#5368,0.079375);
#5369=CARTESIAN_POINT('',(-4.304,-2.256,0.159));
#5368=AXIS2_PLACEMENT_3D($,#5369,#5370,#5371);
#5370=DIRECTION('',(0.0,1.0,0.0));
#5371=DIRECTION('',(-0.793,0.0,-0.609));
#5361=ORIENTED_EDGE('',*,*,#5362,.F.);
#5372=ORIENTED_EDGE('',*,*,#4994,.T.);
#5341=EDGE_CURVE($,#5113,#4997,#5346,.T.);
#5346=CIRCLE($,#5347,0.079375);
#5348=CARTESIAN_POINT('',(-4.304,-1.554,0.159));
#5347=AXIS2_PLACEMENT_3D($,#5348,#5349,#5350);
#5349=DIRECTION('',(0.0,-1.0,0.0));
#5350=DIRECTION('',(0.793,0.0,0.609));
#5340=ORIENTED_EDGE('',*,*,#5341,.F.);
#5382=STYLED_ITEM($,(#34),#5383);
#5383=ADVANCED_FACE($,(#5389),#5384,.T.);
#5384=CYLINDRICAL_SURFACE($,#5385,0.15875);
#5385=AXIS2_PLACEMENT_3D($,#5386,#5387,#5388);
#5386=CARTESIAN_POINT('',(-4.304,-1.554,0.159));
#5387=DIRECTION('',(0.0,-1.0,0.0));
#5388=DIRECTION('',(0.,0.,-1.));
#5389=FACE_OUTER_BOUND($,#5390,.T.);
#5390=EDGE_LOOP($,(#5402,#5412,#5423,#5391));
#5402=ORIENTED_EDGE('',*,*,#5141,.T.);
#5413=EDGE_CURVE($,#5044,#5144,#5418,.T.);
#5418=CIRCLE($,#5419,0.15875);
#5419=AXIS2_PLACEMENT_3D($,#5348,#5421,#5422);
#5421=DIRECTION('',(0.0,1.0,0.0));
#5422=DIRECTION('',(-0.793,0.0,-0.609));
#5412=ORIENTED_EDGE('',*,*,#5413,.F.);
#5423=ORIENTED_EDGE('',*,*,#5043,.T.);
#5392=EDGE_CURVE($,#5142,#5046,#5397,.T.);
#5397=CIRCLE($,#5398,0.15875);
#5398=AXIS2_PLACEMENT_3D($,#5369,#5400,#5401);
#5400=DIRECTION('',(0.0,-1.0,0.0));
#5401=DIRECTION('',(0.793,0.0,0.609));
#5391=ORIENTED_EDGE('',*,*,#5392,.F.);
#5433=STYLED_ITEM('color',(#34),#5434);
#5434=ADVANCED_FACE($,(#5440),#5435,.T.);
#5435=PLANE($,#5436);
#5436=AXIS2_PLACEMENT_3D($,#5437,#5438,#5439);
#5437=CARTESIAN_POINT('',(-3.454,-1.554,0.238));
#5438=DIRECTION('',(0.0,1.0,0.0));
#5439=DIRECTION('',(1.,0.,0.));
#5440=FACE_OUTER_BOUND($,#5441,.T.);
#5441=EDGE_LOOP($,(#5444, #5454, #5464, #5527, #5538, #5474, #5485, #5495, #5505, #5515, #5548, #5558));
#5444=ORIENTED_EDGE('',*,*,#4906,.T.);
#5454=ORIENTED_EDGE('',*,*,#4857,.T.);
#5464=ORIENTED_EDGE('',*,*,#4975,.T.);
#5527=ORIENTED_EDGE('',*,*,#5290,.T.);
#5538=ORIENTED_EDGE('',*,*,#5053,.T.);
#5474=ORIENTED_EDGE('',*,*,#5413,.T.);
#5485=ORIENTED_EDGE('',*,*,#5171,.T.);
#5495=ORIENTED_EDGE('',*,*,#5220,.T.);
#5505=ORIENTED_EDGE('',*,*,#5122,.T.);
#5515=ORIENTED_EDGE('',*,*,#5341,.T.);
#5548=ORIENTED_EDGE('',*,*,#5024,.T.);
#5558=ORIENTED_EDGE('',*,*,#5260,.T.);
#5569=STYLED_ITEM('color',(#34),#5570);
#5570=ADVANCED_FACE($,(#5576),#5571,.T.);
#5571=PLANE($,#5572);
#5572=AXIS2_PLACEMENT_3D($,#5573,#5574,#5575);
#5573=CARTESIAN_POINT('',(-4.304,-2.256,0.079));
#5574=DIRECTION('',(0.0,-1.0,0.0));
#5575=DIRECTION('',(1.,0.,0.));
#5576=FACE_OUTER_BOUND($,#5577,.T.);
#5577=EDGE_LOOP($,(#5580, #5590, #5600, #5663, #5674, #5610, #5621, #5631, #5641, #5651, #5684, #5694));
#5580=ORIENTED_EDGE('',*,*,#4955,.T.);
#5590=ORIENTED_EDGE('',*,*,#4877,.T.);
#5600=ORIENTED_EDGE('',*,*,#4926,.T.);
#5663=ORIENTED_EDGE('',*,*,#5239,.T.);
#5674=ORIENTED_EDGE('',*,*,#5004,.T.);
#5610=ORIENTED_EDGE('',*,*,#5362,.T.);
#5621=ORIENTED_EDGE('',*,*,#5102,.T.);
#5631=ORIENTED_EDGE('',*,*,#5200,.T.);
#5641=ORIENTED_EDGE('',*,*,#5151,.T.);
#5651=ORIENTED_EDGE('',*,*,#5392,.T.);
#5684=ORIENTED_EDGE('',*,*,#5073,.T.);
#5694=ORIENTED_EDGE('',*,*,#5311,.T.);
#5705=MANIFOLD_SOLID_BREP($,#5706);
#5706=CLOSED_SHELL('',(#5708,#5757,#5806,#5855,#5904,#5953,#6002,#6051,#6100,#6151,#6202,#6253,#6304,#6440));
#5707=STYLED_ITEM('',(#34),#5708);
#5708=ADVANCED_FACE('',(#5714),#5709,.T.);
#5709=PLANE('',#5710);
#5710=AXIS2_PLACEMENT_3D('',#5711,#5712,#5713);
#5711=CARTESIAN_POINT('',(-3.454,-3.526,0.238));
#5712=DIRECTION('',(1.0,0.0,0.0));
#5713=DIRECTION('',(0.,0.,1.));
#5714=FACE_OUTER_BOUND('',#5715,.T.);
#5715=EDGE_LOOP('',(#5716,#5726,#5736,#5746));
#5719=CARTESIAN_POINT('',(-3.454,-2.824,0.238));
#5718=VERTEX_POINT('',#5719);
#5721=CARTESIAN_POINT('',(-3.454,-3.526,0.238));
#5720=VERTEX_POINT('',#5721);
#5717=EDGE_CURVE('',#5718,#5720,#5722,.T.);
#5722=LINE('',#5719,#5724);
#5724=VECTOR('',#5725,0.702055988260175);
#5725=DIRECTION('',(0.0,-1.0,0.0));
#5716=ORIENTED_EDGE('',*,*,#5717,.F.);
#5729=CARTESIAN_POINT('',(-3.454,-2.824,0.318));
#5728=VERTEX_POINT('',#5729);
#5727=EDGE_CURVE('',#5728,#5718,#5732,.T.);
#5732=LINE('',#5729,#5734);
#5734=VECTOR('',#5735,0.079375);
#5735=DIRECTION('',(0.0,0.0,-1.0));
#5726=ORIENTED_EDGE('',*,*,#5727,.F.);
#5739=CARTESIAN_POINT('',(-3.454,-3.526,0.318));
#5738=VERTEX_POINT('',#5739);
#5737=EDGE_CURVE('',#5738,#5728,#5742,.T.);
#5742=LINE('',#5739,#5744);
#5744=VECTOR('',#5745,0.702055988260175);
#5745=DIRECTION('',(0.0,1.0,0.0));
#5736=ORIENTED_EDGE('',*,*,#5737,.F.);
#5747=EDGE_CURVE('',#5720,#5738,#5752,.T.);
#5752=LINE('',#5721,#5754);
#5754=VECTOR('',#5755,0.079375);
#5755=DIRECTION('',(0.0,0.0,1.0));
#5746=ORIENTED_EDGE('',*,*,#5747,.F.);
#5756=STYLED_ITEM('',(#34),#5757);
#5757=ADVANCED_FACE('',(#5763),#5758,.T.);
#5758=PLANE('',#5759);
#5759=AXIS2_PLACEMENT_3D('',#5760,#5761,#5762);
#5760=CARTESIAN_POINT('',(-3.454,-3.526,0.318));
#5761=DIRECTION('',(0.0,0.0,1.0));
#5762=DIRECTION('',(0.,1.,0.));
#5763=FACE_OUTER_BOUND('',#5764,.T.);
#5764=EDGE_LOOP('',(#5765,#5775,#5785,#5795));
#5765=ORIENTED_EDGE('',*,*,#5737,.T.);
#5778=CARTESIAN_POINT('',(-4.058,-2.824,0.318));
#5777=VERTEX_POINT('',#5778);
#5776=EDGE_CURVE('',#5777,#5728,#5781,.T.);
#5781=LINE('',#5778,#5783);
#5783=VECTOR('',#5784,0.60343152994313);
#5784=DIRECTION('',(1.0,0.0,0.0));
#5775=ORIENTED_EDGE('',*,*,#5776,.F.);
#5788=CARTESIAN_POINT('',(-4.058,-3.526,0.318));
#5787=VERTEX_POINT('',#5788);
#5786=EDGE_CURVE('',#5787,#5777,#5791,.T.);
#5791=LINE('',#5788,#5793);
#5793=VECTOR('',#5794,0.702055988653471);
#5794=DIRECTION('',(0.0,1.0,0.0));
#5785=ORIENTED_EDGE('',*,*,#5786,.F.);
#5796=EDGE_CURVE('',#5738,#5787,#5801,.T.);
#5801=LINE('',#5739,#5803);
#5803=VECTOR('',#5804,0.603431529943131);
#5804=DIRECTION('',(-1.0,0.0,0.0));
#5795=ORIENTED_EDGE('',*,*,#5796,.F.);
#5805=STYLED_ITEM('',(#34),#5806);
#5806=ADVANCED_FACE('',(#5812),#5807,.T.);
#5807=PLANE('',#5808);
#5808=AXIS2_PLACEMENT_3D('',#5809,#5810,#5811);
#5809=CARTESIAN_POINT('',(-3.454,-2.824,0.238));
#5810=DIRECTION('',(0.0,0.0,-1.0));
#5811=DIRECTION('',(0.,1.,0.));
#5812=FACE_OUTER_BOUND('',#5813,.T.);
#5813=EDGE_LOOP('',(#5814,#5824,#5834,#5844));
#5814=ORIENTED_EDGE('',*,*,#5717,.T.);
#5827=CARTESIAN_POINT('',(-4.058,-3.526,0.238));
#5826=VERTEX_POINT('',#5827);
#5825=EDGE_CURVE('',#5826,#5720,#5830,.T.);
#5830=LINE('',#5827,#5832);
#5832=VECTOR('',#5833,0.603431529943131);
#5833=DIRECTION('',(1.0,0.0,0.0));
#5824=ORIENTED_EDGE('',*,*,#5825,.F.);
#5837=CARTESIAN_POINT('',(-4.058,-2.824,0.238));
#5836=VERTEX_POINT('',#5837);
#5835=EDGE_CURVE('',#5836,#5826,#5840,.T.);
#5840=LINE('',#5837,#5842);
#5842=VECTOR('',#5843,0.702055988653471);
#5843=DIRECTION('',(0.0,-1.0,0.0));
#5834=ORIENTED_EDGE('',*,*,#5835,.F.);
#5845=EDGE_CURVE('',#5718,#5836,#5850,.T.);
#5850=LINE('',#5719,#5852);
#5852=VECTOR('',#5853,0.60343152994313);
#5853=DIRECTION('',(-1.0,0.0,0.0));
#5844=ORIENTED_EDGE('',*,*,#5845,.F.);
#5854=STYLED_ITEM('',(#34),#5855);
#5855=ADVANCED_FACE('',(#5861),#5856,.T.);
#5856=PLANE('',#5857);
#5857=AXIS2_PLACEMENT_3D('',#5858,#5859,#5860);
#5858=CARTESIAN_POINT('',(-4.228,-2.824,0.138));
#5859=DIRECTION('',(-0.966,0.0,0.259));
#5860=DIRECTION('',(0.,0.,1.));
#5861=FACE_OUTER_BOUND('',#5862,.T.);
#5862=EDGE_LOOP('',(#5863,#5873,#5883,#5893));
#5866=CARTESIAN_POINT('',(-4.228,-3.526,0.138));
#5865=VERTEX_POINT('',#5866);
#5868=CARTESIAN_POINT('',(-4.228,-2.824,0.138));
#5867=VERTEX_POINT('',#5868);
#5864=EDGE_CURVE('',#5865,#5867,#5869,.T.);
#5869=LINE('',#5866,#5871);
#5871=VECTOR('',#5872,0.702055988954794);
#5872=DIRECTION('',(0.0,1.0,0.0));
#5863=ORIENTED_EDGE('',*,*,#5864,.F.);
#5876=CARTESIAN_POINT('',(-4.211,-3.526,0.2));
#5875=VERTEX_POINT('',#5876);
#5874=EDGE_CURVE('',#5875,#5865,#5879,.T.);
#5879=LINE('',#5876,#5881);
#5881=VECTOR('',#5882,0.0638046201988475);
#5882=DIRECTION('',(-0.259,0.0,-0.966));
#5873=ORIENTED_EDGE('',*,*,#5874,.F.);
#5886=CARTESIAN_POINT('',(-4.211,-2.824,0.2));
#5885=VERTEX_POINT('',#5886);
#5884=EDGE_CURVE('',#5885,#5875,#5889,.T.);
#5889=LINE('',#5886,#5891);
#5891=VECTOR('',#5892,0.702055988917149);
#5892=DIRECTION('',(0.0,-1.0,0.0));
#5883=ORIENTED_EDGE('',*,*,#5884,.F.);
#5894=EDGE_CURVE('',#5867,#5885,#5899,.T.);
#5899=LINE('',#5868,#5901);
#5901=VECTOR('',#5902,0.0638046201988475);
#5902=DIRECTION('',(0.259,0.0,0.966));
#5893=ORIENTED_EDGE('',*,*,#5894,.F.);
#5903=STYLED_ITEM('',(#34),#5904);
#5904=ADVANCED_FACE('',(#5910),#5905,.T.);
#5905=PLANE('',#5906);
#5906=AXIS2_PLACEMENT_3D('',#5907,#5908,#5909);
#5907=CARTESIAN_POINT('',(-4.151,-3.526,0.118));
#5908=DIRECTION('',(0.966,0.0,-0.259));
#5909=DIRECTION('',(0.,0.,1.));
#5910=FACE_OUTER_BOUND('',#5911,.T.);
#5911=EDGE_LOOP('',(#5912,#5922,#5932,#5942));
#5915=CARTESIAN_POINT('',(-4.151,-2.824,0.118));
#5914=VERTEX_POINT('',#5915);
#5917=CARTESIAN_POINT('',(-4.151,-3.526,0.118));
#5916=VERTEX_POINT('',#5917);
#5913=EDGE_CURVE('',#5914,#5916,#5918,.T.);
#5918=LINE('',#5915,#5920);
#5920=VECTOR('',#5921,0.702055988797257);
#5921=DIRECTION('',(0.0,-1.0,0.0));
#5912=ORIENTED_EDGE('',*,*,#5913,.F.);
#5925=CARTESIAN_POINT('',(-4.135,-2.824,0.179));
#5924=VERTEX_POINT('',#5925);
#5923=EDGE_CURVE('',#5924,#5914,#5928,.T.);
#5928=LINE('',#5925,#5930);
#5930=VECTOR('',#5931,0.063804620201212);
#5931=DIRECTION('',(-0.259,0.0,-0.966));
#5922=ORIENTED_EDGE('',*,*,#5923,.F.);
#5935=CARTESIAN_POINT('',(-4.135,-3.526,0.179));
#5934=VERTEX_POINT('',#5935);
#5933=EDGE_CURVE('',#5934,#5924,#5938,.T.);
#5938=LINE('',#5935,#5940);
#5940=VECTOR('',#5941,0.702055988768467);
#5941=DIRECTION('',(0.0,1.0,0.0));
#5932=ORIENTED_EDGE('',*,*,#5933,.F.);
#5943=EDGE_CURVE('',#5916,#5934,#5948,.T.);
#5948=LINE('',#5917,#5950);
#5950=VECTOR('',#5951,0.0638046202012121);
#5951=DIRECTION('',(0.259,0.0,0.966));
#5942=ORIENTED_EDGE('',*,*,#5943,.F.);
#5952=STYLED_ITEM('',(#34),#5953);
#5953=ADVANCED_FACE('',(#5959),#5954,.T.);
#5954=PLANE('',#5955);
#5955=AXIS2_PLACEMENT_3D('',#5956,#5957,#5958);
#5956=CARTESIAN_POINT('',(-4.908,-2.824,0.079));
#5957=DIRECTION('',(0.0,0.0,1.0));
#5958=DIRECTION('',(0.,1.,0.));
#5959=FACE_OUTER_BOUND('',#5960,.T.);
#5960=EDGE_LOOP('',(#5961,#5971,#5981,#5991));
#5964=CARTESIAN_POINT('',(-4.908,-3.526,0.079));
#5963=VERTEX_POINT('',#5964);
#5966=CARTESIAN_POINT('',(-4.908,-2.824,0.079));
#5965=VERTEX_POINT('',#5966);
#5962=EDGE_CURVE('',#5963,#5965,#5967,.T.);
#5967=LINE('',#5964,#5969);
#5969=VECTOR('',#5970,0.702056);
#5970=DIRECTION('',(0.0,1.0,0.0));
#5961=ORIENTED_EDGE('',*,*,#5962,.F.);
#5974=CARTESIAN_POINT('',(-4.304,-3.526,0.079));
#5973=VERTEX_POINT('',#5974);
#5972=EDGE_CURVE('',#5973,#5963,#5977,.T.);
#5977=LINE('',#5974,#5979);
#5979=VECTOR('',#5980,0.603431524614586);
#5980=DIRECTION('',(-1.0,0.0,0.0));
#5971=ORIENTED_EDGE('',*,*,#5972,.F.);
#5984=CARTESIAN_POINT('',(-4.304,-2.824,0.079));
#5983=VERTEX_POINT('',#5984);
#5982=EDGE_CURVE('',#5983,#5973,#5987,.T.);
#5987=LINE('',#5984,#5989);
#5989=VECTOR('',#5990,0.702055989163485);
#5990=DIRECTION('',(0.0,-1.0,0.0));
#5981=ORIENTED_EDGE('',*,*,#5982,.F.);
#5992=EDGE_CURVE('',#5965,#5983,#5997,.T.);
#5997=LINE('',#5966,#5999);
#5999=VECTOR('',#6000,0.603431524614585);
#6000=DIRECTION('',(1.0,0.0,0.0));
#5991=ORIENTED_EDGE('',*,*,#5992,.F.);
#6001=STYLED_ITEM('',(#34),#6002);
#6002=ADVANCED_FACE('',(#6008),#6003,.T.);
#6003=PLANE('',#6004);
#6004=AXIS2_PLACEMENT_3D('',#6005,#6006,#6007);
#6005=CARTESIAN_POINT('',(-4.304,-2.824,0.0));
#6006=DIRECTION('',(0.0,0.0,-1.0));
#6007=DIRECTION('',(0.,1.,0.));
#6008=FACE_OUTER_BOUND('',#6009,.T.);
#6009=EDGE_LOOP('',(#6010,#6020,#6030,#6040));
#6013=CARTESIAN_POINT('',(-4.304,-3.526,0.0));
#6012=VERTEX_POINT('',#6013);
#6015=CARTESIAN_POINT('',(-4.304,-2.824,0.0));
#6014=VERTEX_POINT('',#6015);
#6011=EDGE_CURVE('',#6012,#6014,#6016,.T.);
#6016=LINE('',#6013,#6018);
#6018=VECTOR('',#6019,0.702055989163485);
#6019=DIRECTION('',(0.0,1.0,0.0));
#6010=ORIENTED_EDGE('',*,*,#6011,.F.);
#6023=CARTESIAN_POINT('',(-4.908,-3.526,0.0));
#6022=VERTEX_POINT('',#6023);
#6021=EDGE_CURVE('',#6022,#6012,#6026,.T.);
#6026=LINE('',#6023,#6028);
#6028=VECTOR('',#6029,0.603431524614586);
#6029=DIRECTION('',(1.0,0.0,0.0));
#6020=ORIENTED_EDGE('',*,*,#6021,.F.);
#6033=CARTESIAN_POINT('',(-4.908,-2.824,0.0));
#6032=VERTEX_POINT('',#6033);
#6031=EDGE_CURVE('',#6032,#6022,#6036,.T.);
#6036=LINE('',#6033,#6038);
#6038=VECTOR('',#6039,0.702056);
#6039=DIRECTION('',(0.0,-1.0,0.0));
#6030=ORIENTED_EDGE('',*,*,#6031,.F.);
#6041=EDGE_CURVE('',#6014,#6032,#6046,.T.);
#6046=LINE('',#6015,#6048);
#6048=VECTOR('',#6049,0.603431524614585);
#6049=DIRECTION('',(-1.0,0.0,0.0));
#6040=ORIENTED_EDGE('',*,*,#6041,.F.);
#6050=STYLED_ITEM('',(#34),#6051);
#6051=ADVANCED_FACE('',(#6057),#6052,.T.);
#6052=PLANE('',#6053);
#6053=AXIS2_PLACEMENT_3D('',#6054,#6055,#6056);
#6054=CARTESIAN_POINT('',(-4.908,-2.824,0.0));
#6055=DIRECTION('',(-1.0,0.0,0.0));
#6056=DIRECTION('',(0.,0.,1.));
#6057=FACE_OUTER_BOUND('',#6058,.T.);
#6058=EDGE_LOOP('',(#6059,#6069,#6079,#6089));
#6059=ORIENTED_EDGE('',*,*,#6031,.T.);
#6070=EDGE_CURVE('',#5963,#6022,#6075,.T.);
#6075=LINE('',#5964,#6077);
#6077=VECTOR('',#6078,0.079375);
#6078=DIRECTION('',(0.0,0.0,-1.0));
#6069=ORIENTED_EDGE('',*,*,#6070,.F.);
#6079=ORIENTED_EDGE('',*,*,#5962,.T.);
#6090=EDGE_CURVE('',#6032,#5965,#6095,.T.);
#6095=LINE('',#6033,#6097);
#6097=VECTOR('',#6098,0.079375);
#6098=DIRECTION('',(0.0,0.0,1.0));
#6089=ORIENTED_EDGE('',*,*,#6090,.F.);
#6099=STYLED_ITEM($,(#34),#6100);
#6100=ADVANCED_FACE($,(#6106),#6101,.T.);
#6101=CYLINDRICAL_SURFACE($,#6102,0.15875);
#6102=AXIS2_PLACEMENT_3D($,#6103,#6104,#6105);
#6103=CARTESIAN_POINT('',(-4.058,-3.526,0.159));
#6104=DIRECTION('',(0.0,-1.0,0.0));
#6105=DIRECTION('',(0.,0.,1.));
#6106=FACE_OUTER_BOUND($,#6107,.T.);
#6107=EDGE_LOOP($,(#6119,#6129,#6140,#6108));
#6119=ORIENTED_EDGE('',*,*,#5786,.T.);
#6130=EDGE_CURVE($,#5885,#5777,#6135,.T.);
#6135=CIRCLE($,#6136,0.15875);
#6137=CARTESIAN_POINT('',(-4.058,-2.824,0.159));
#6136=AXIS2_PLACEMENT_3D($,#6137,#6138,#6139);
#6138=DIRECTION('',(0.0,1.0,0.0));
#6139=DIRECTION('',(0.793,0.0,0.609));
#6129=ORIENTED_EDGE('',*,*,#6130,.F.);
#6140=ORIENTED_EDGE('',*,*,#5884,.T.);
#6109=EDGE_CURVE($,#5787,#5875,#6114,.T.);
#6114=CIRCLE($,#6115,0.15875);
#6116=CARTESIAN_POINT('',(-4.058,-3.526,0.159));
#6115=AXIS2_PLACEMENT_3D($,#6116,#6117,#6118);
#6117=DIRECTION('',(0.0,-1.0,0.0));
#6118=DIRECTION('',(-0.793,0.0,-0.609));
#6108=ORIENTED_EDGE('',*,*,#6109,.F.);
#6150=STYLED_ITEM($,(#34),#6151);
#6151=ADVANCED_FACE($,(#6157),#6152,.F.);
#6152=CYLINDRICAL_SURFACE($,#6153,0.079375);
#6153=AXIS2_PLACEMENT_3D($,#6154,#6155,#6156);
#6154=CARTESIAN_POINT('',(-4.058,-2.824,0.159));
#6155=DIRECTION('',(0.0,-1.0,0.0));
#6156=DIRECTION('',(0.,0.,-1.));
#6157=FACE_OUTER_BOUND($,#6158,.T.);
#6158=EDGE_LOOP($,(#6170,#6180,#6191,#6159));
#6170=ORIENTED_EDGE('',*,*,#5835,.T.);
#6181=EDGE_CURVE($,#5934,#5826,#6186,.T.);
#6186=CIRCLE($,#6187,0.079375);
#6187=AXIS2_PLACEMENT_3D($,#6116,#6189,#6190);
#6189=DIRECTION('',(0.0,1.0,0.0));
#6190=DIRECTION('',(0.793,0.0,0.609));
#6180=ORIENTED_EDGE('',*,*,#6181,.F.);
#6191=ORIENTED_EDGE('',*,*,#5933,.T.);
#6160=EDGE_CURVE($,#5836,#5924,#6165,.T.);
#6165=CIRCLE($,#6166,0.079375);
#6166=AXIS2_PLACEMENT_3D($,#6137,#6168,#6169);
#6168=DIRECTION('',(0.0,-1.0,0.0));
#6169=DIRECTION('',(-0.793,0.0,-0.609));
#6159=ORIENTED_EDGE('',*,*,#6160,.F.);
#6201=STYLED_ITEM($,(#34),#6202);
#6202=ADVANCED_FACE($,(#6208),#6203,.F.);
#6203=CYLINDRICAL_SURFACE($,#6204,0.079375);
#6204=AXIS2_PLACEMENT_3D($,#6205,#6206,#6207);
#6205=CARTESIAN_POINT('',(-4.304,-2.824,0.159));
#6206=DIRECTION('',(0.0,-1.0,0.0));
#6207=DIRECTION('',(0.,0.,1.));
#6208=FACE_OUTER_BOUND($,#6209,.T.);
#6209=EDGE_LOOP($,(#6221,#6231,#6242,#6210));
#6221=ORIENTED_EDGE('',*,*,#5982,.T.);
#6232=EDGE_CURVE($,#5865,#5973,#6237,.T.);
#6237=CIRCLE($,#6238,0.079375);
#6239=CARTESIAN_POINT('',(-4.304,-3.526,0.159));
#6238=AXIS2_PLACEMENT_3D($,#6239,#6240,#6241);
#6240=DIRECTION('',(0.0,1.0,0.0));
#6241=DIRECTION('',(-0.793,0.0,-0.609));
#6231=ORIENTED_EDGE('',*,*,#6232,.F.);
#6242=ORIENTED_EDGE('',*,*,#5864,.T.);
#6211=EDGE_CURVE($,#5983,#5867,#6216,.T.);
#6216=CIRCLE($,#6217,0.079375);
#6218=CARTESIAN_POINT('',(-4.304,-2.824,0.159));
#6217=AXIS2_PLACEMENT_3D($,#6218,#6219,#6220);
#6219=DIRECTION('',(0.0,-1.0,0.0));
#6220=DIRECTION('',(0.793,0.0,0.609));
#6210=ORIENTED_EDGE('',*,*,#6211,.F.);
#6252=STYLED_ITEM($,(#34),#6253);
#6253=ADVANCED_FACE($,(#6259),#6254,.T.);
#6254=CYLINDRICAL_SURFACE($,#6255,0.15875);
#6255=AXIS2_PLACEMENT_3D($,#6256,#6257,#6258);
#6256=CARTESIAN_POINT('',(-4.304,-2.824,0.159));
#6257=DIRECTION('',(0.0,-1.0,0.0));
#6258=DIRECTION('',(0.,0.,-1.));
#6259=FACE_OUTER_BOUND($,#6260,.T.);
#6260=EDGE_LOOP($,(#6272,#6282,#6293,#6261));
#6272=ORIENTED_EDGE('',*,*,#6011,.T.);
#6283=EDGE_CURVE($,#5914,#6014,#6288,.T.);
#6288=CIRCLE($,#6289,0.15875);
#6289=AXIS2_PLACEMENT_3D($,#6218,#6291,#6292);
#6291=DIRECTION('',(0.0,1.0,0.0));
#6292=DIRECTION('',(-0.793,0.0,-0.609));
#6282=ORIENTED_EDGE('',*,*,#6283,.F.);
#6293=ORIENTED_EDGE('',*,*,#5913,.T.);
#6262=EDGE_CURVE($,#6012,#5916,#6267,.T.);
#6267=CIRCLE($,#6268,0.15875);
#6268=AXIS2_PLACEMENT_3D($,#6239,#6270,#6271);
#6270=DIRECTION('',(0.0,-1.0,0.0));
#6271=DIRECTION('',(0.793,0.0,0.609));
#6261=ORIENTED_EDGE('',*,*,#6262,.F.);
#6303=STYLED_ITEM('color',(#34),#6304);
#6304=ADVANCED_FACE($,(#6310),#6305,.T.);
#6305=PLANE($,#6306);
#6306=AXIS2_PLACEMENT_3D($,#6307,#6308,#6309);
#6307=CARTESIAN_POINT('',(-3.454,-2.824,0.238));
#6308=DIRECTION('',(0.0,1.0,0.0));
#6309=DIRECTION('',(1.,0.,0.));
#6310=FACE_OUTER_BOUND($,#6311,.T.);
#6311=EDGE_LOOP($,(#6314, #6324, #6334, #6397, #6408, #6344, #6355, #6365, #6375, #6385, #6418, #6428));
#6314=ORIENTED_EDGE('',*,*,#5776,.T.);
#6324=ORIENTED_EDGE('',*,*,#5727,.T.);
#6334=ORIENTED_EDGE('',*,*,#5845,.T.);
#6397=ORIENTED_EDGE('',*,*,#6160,.T.);
#6408=ORIENTED_EDGE('',*,*,#5923,.T.);
#6344=ORIENTED_EDGE('',*,*,#6283,.T.);
#6355=ORIENTED_EDGE('',*,*,#6041,.T.);
#6365=ORIENTED_EDGE('',*,*,#6090,.T.);
#6375=ORIENTED_EDGE('',*,*,#5992,.T.);
#6385=ORIENTED_EDGE('',*,*,#6211,.T.);
#6418=ORIENTED_EDGE('',*,*,#5894,.T.);
#6428=ORIENTED_EDGE('',*,*,#6130,.T.);
#6439=STYLED_ITEM('color',(#34),#6440);
#6440=ADVANCED_FACE($,(#6446),#6441,.T.);
#6441=PLANE($,#6442);
#6442=AXIS2_PLACEMENT_3D($,#6443,#6444,#6445);
#6443=CARTESIAN_POINT('',(-4.304,-3.526,0.079));
#6444=DIRECTION('',(0.0,-1.0,0.0));
#6445=DIRECTION('',(1.,0.,0.));
#6446=FACE_OUTER_BOUND($,#6447,.T.);
#6447=EDGE_LOOP($,(#6450, #6460, #6470, #6533, #6544, #6480, #6491, #6501, #6511, #6521, #6554, #6564));
#6450=ORIENTED_EDGE('',*,*,#5825,.T.);
#6460=ORIENTED_EDGE('',*,*,#5747,.T.);
#6470=ORIENTED_EDGE('',*,*,#5796,.T.);
#6533=ORIENTED_EDGE('',*,*,#6109,.T.);
#6544=ORIENTED_EDGE('',*,*,#5874,.T.);
#6480=ORIENTED_EDGE('',*,*,#6232,.T.);
#6491=ORIENTED_EDGE('',*,*,#5972,.T.);
#6501=ORIENTED_EDGE('',*,*,#6070,.T.);
#6511=ORIENTED_EDGE('',*,*,#6021,.T.);
#6521=ORIENTED_EDGE('',*,*,#6262,.T.);
#6554=ORIENTED_EDGE('',*,*,#5943,.T.);
#6564=ORIENTED_EDGE('',*,*,#6181,.T.);
#6575=MANIFOLD_SOLID_BREP($,#6576);
#6576=CLOSED_SHELL('',(#6578,#6627,#6676,#6725,#6774,#6823,#6872,#6921,#6970,#7021,#7072,#7123,#7174,#7310));
#6577=STYLED_ITEM('',(#34),#6578);
#6578=ADVANCED_FACE('',(#6584),#6579,.T.);
#6579=PLANE('',#6580);
#6580=AXIS2_PLACEMENT_3D('',#6581,#6582,#6583);
#6581=CARTESIAN_POINT('',(-3.454,-4.796,0.238));
#6582=DIRECTION('',(1.0,0.0,0.0));
#6583=DIRECTION('',(0.,0.,1.));
#6584=FACE_OUTER_BOUND('',#6585,.T.);
#6585=EDGE_LOOP('',(#6586,#6596,#6606,#6616));
#6589=CARTESIAN_POINT('',(-3.454,-4.094,0.238));
#6588=VERTEX_POINT('',#6589);
#6591=CARTESIAN_POINT('',(-3.454,-4.796,0.238));
#6590=VERTEX_POINT('',#6591);
#6587=EDGE_CURVE('',#6588,#6590,#6592,.T.);
#6592=LINE('',#6589,#6594);
#6594=VECTOR('',#6595,0.702055988260175);
#6595=DIRECTION('',(0.0,-1.0,0.0));
#6586=ORIENTED_EDGE('',*,*,#6587,.F.);
#6599=CARTESIAN_POINT('',(-3.454,-4.094,0.318));
#6598=VERTEX_POINT('',#6599);
#6597=EDGE_CURVE('',#6598,#6588,#6602,.T.);
#6602=LINE('',#6599,#6604);
#6604=VECTOR('',#6605,0.079375);
#6605=DIRECTION('',(0.0,0.0,-1.0));
#6596=ORIENTED_EDGE('',*,*,#6597,.F.);
#6609=CARTESIAN_POINT('',(-3.454,-4.796,0.318));
#6608=VERTEX_POINT('',#6609);
#6607=EDGE_CURVE('',#6608,#6598,#6612,.T.);
#6612=LINE('',#6609,#6614);
#6614=VECTOR('',#6615,0.702055988260175);
#6615=DIRECTION('',(0.0,1.0,0.0));
#6606=ORIENTED_EDGE('',*,*,#6607,.F.);
#6617=EDGE_CURVE('',#6590,#6608,#6622,.T.);
#6622=LINE('',#6591,#6624);
#6624=VECTOR('',#6625,0.079375);
#6625=DIRECTION('',(0.0,0.0,1.0));
#6616=ORIENTED_EDGE('',*,*,#6617,.F.);
#6626=STYLED_ITEM('',(#34),#6627);
#6627=ADVANCED_FACE('',(#6633),#6628,.T.);
#6628=PLANE('',#6629);
#6629=AXIS2_PLACEMENT_3D('',#6630,#6631,#6632);
#6630=CARTESIAN_POINT('',(-3.454,-4.796,0.318));
#6631=DIRECTION('',(0.0,0.0,1.0));
#6632=DIRECTION('',(0.,1.,0.));
#6633=FACE_OUTER_BOUND('',#6634,.T.);
#6634=EDGE_LOOP('',(#6635,#6645,#6655,#6665));
#6635=ORIENTED_EDGE('',*,*,#6607,.T.);
#6648=CARTESIAN_POINT('',(-4.058,-4.094,0.318));
#6647=VERTEX_POINT('',#6648);
#6646=EDGE_CURVE('',#6647,#6598,#6651,.T.);
#6651=LINE('',#6648,#6653);
#6653=VECTOR('',#6654,0.60343152994313);
#6654=DIRECTION('',(1.0,0.0,0.0));
#6645=ORIENTED_EDGE('',*,*,#6646,.F.);
#6658=CARTESIAN_POINT('',(-4.058,-4.796,0.318));
#6657=VERTEX_POINT('',#6658);
#6656=EDGE_CURVE('',#6657,#6647,#6661,.T.);
#6661=LINE('',#6658,#6663);
#6663=VECTOR('',#6664,0.702055988653471);
#6664=DIRECTION('',(0.0,1.0,0.0));
#6655=ORIENTED_EDGE('',*,*,#6656,.F.);
#6666=EDGE_CURVE('',#6608,#6657,#6671,.T.);
#6671=LINE('',#6609,#6673);
#6673=VECTOR('',#6674,0.603431529943131);
#6674=DIRECTION('',(-1.0,0.0,0.0));
#6665=ORIENTED_EDGE('',*,*,#6666,.F.);
#6675=STYLED_ITEM('',(#34),#6676);
#6676=ADVANCED_FACE('',(#6682),#6677,.T.);
#6677=PLANE('',#6678);
#6678=AXIS2_PLACEMENT_3D('',#6679,#6680,#6681);
#6679=CARTESIAN_POINT('',(-3.454,-4.094,0.238));
#6680=DIRECTION('',(0.0,0.0,-1.0));
#6681=DIRECTION('',(0.,1.,0.));
#6682=FACE_OUTER_BOUND('',#6683,.T.);
#6683=EDGE_LOOP('',(#6684,#6694,#6704,#6714));
#6684=ORIENTED_EDGE('',*,*,#6587,.T.);
#6697=CARTESIAN_POINT('',(-4.058,-4.796,0.238));
#6696=VERTEX_POINT('',#6697);
#6695=EDGE_CURVE('',#6696,#6590,#6700,.T.);
#6700=LINE('',#6697,#6702);
#6702=VECTOR('',#6703,0.603431529943131);
#6703=DIRECTION('',(1.0,0.0,0.0));
#6694=ORIENTED_EDGE('',*,*,#6695,.F.);
#6707=CARTESIAN_POINT('',(-4.058,-4.094,0.238));
#6706=VERTEX_POINT('',#6707);
#6705=EDGE_CURVE('',#6706,#6696,#6710,.T.);
#6710=LINE('',#6707,#6712);
#6712=VECTOR('',#6713,0.702055988653471);
#6713=DIRECTION('',(0.0,-1.0,0.0));
#6704=ORIENTED_EDGE('',*,*,#6705,.F.);
#6715=EDGE_CURVE('',#6588,#6706,#6720,.T.);
#6720=LINE('',#6589,#6722);
#6722=VECTOR('',#6723,0.60343152994313);
#6723=DIRECTION('',(-1.0,0.0,0.0));
#6714=ORIENTED_EDGE('',*,*,#6715,.F.);
#6724=STYLED_ITEM('',(#34),#6725);
#6725=ADVANCED_FACE('',(#6731),#6726,.T.);
#6726=PLANE('',#6727);
#6727=AXIS2_PLACEMENT_3D('',#6728,#6729,#6730);
#6728=CARTESIAN_POINT('',(-4.228,-4.094,0.138));
#6729=DIRECTION('',(-0.966,0.0,0.259));
#6730=DIRECTION('',(0.,0.,1.));
#6731=FACE_OUTER_BOUND('',#6732,.T.);
#6732=EDGE_LOOP('',(#6733,#6743,#6753,#6763));
#6736=CARTESIAN_POINT('',(-4.228,-4.796,0.138));
#6735=VERTEX_POINT('',#6736);
#6738=CARTESIAN_POINT('',(-4.228,-4.094,0.138));
#6737=VERTEX_POINT('',#6738);
#6734=EDGE_CURVE('',#6735,#6737,#6739,.T.);
#6739=LINE('',#6736,#6741);
#6741=VECTOR('',#6742,0.702055988954794);
#6742=DIRECTION('',(0.0,1.0,0.0));
#6733=ORIENTED_EDGE('',*,*,#6734,.F.);
#6746=CARTESIAN_POINT('',(-4.211,-4.796,0.2));
#6745=VERTEX_POINT('',#6746);
#6744=EDGE_CURVE('',#6745,#6735,#6749,.T.);
#6749=LINE('',#6746,#6751);
#6751=VECTOR('',#6752,0.0638046201988475);
#6752=DIRECTION('',(-0.259,0.0,-0.966));
#6743=ORIENTED_EDGE('',*,*,#6744,.F.);
#6756=CARTESIAN_POINT('',(-4.211,-4.094,0.2));
#6755=VERTEX_POINT('',#6756);
#6754=EDGE_CURVE('',#6755,#6745,#6759,.T.);
#6759=LINE('',#6756,#6761);
#6761=VECTOR('',#6762,0.702055988917149);
#6762=DIRECTION('',(0.0,-1.0,0.0));
#6753=ORIENTED_EDGE('',*,*,#6754,.F.);
#6764=EDGE_CURVE('',#6737,#6755,#6769,.T.);
#6769=LINE('',#6738,#6771);
#6771=VECTOR('',#6772,0.0638046201988475);
#6772=DIRECTION('',(0.259,0.0,0.966));
#6763=ORIENTED_EDGE('',*,*,#6764,.F.);
#6773=STYLED_ITEM('',(#34),#6774);
#6774=ADVANCED_FACE('',(#6780),#6775,.T.);
#6775=PLANE('',#6776);
#6776=AXIS2_PLACEMENT_3D('',#6777,#6778,#6779);
#6777=CARTESIAN_POINT('',(-4.151,-4.796,0.118));
#6778=DIRECTION('',(0.966,0.0,-0.259));
#6779=DIRECTION('',(0.,0.,1.));
#6780=FACE_OUTER_BOUND('',#6781,.T.);
#6781=EDGE_LOOP('',(#6782,#6792,#6802,#6812));
#6785=CARTESIAN_POINT('',(-4.151,-4.094,0.118));
#6784=VERTEX_POINT('',#6785);
#6787=CARTESIAN_POINT('',(-4.151,-4.796,0.118));
#6786=VERTEX_POINT('',#6787);
#6783=EDGE_CURVE('',#6784,#6786,#6788,.T.);
#6788=LINE('',#6785,#6790);
#6790=VECTOR('',#6791,0.702055988797257);
#6791=DIRECTION('',(0.0,-1.0,0.0));
#6782=ORIENTED_EDGE('',*,*,#6783,.F.);
#6795=CARTESIAN_POINT('',(-4.135,-4.094,0.179));
#6794=VERTEX_POINT('',#6795);
#6793=EDGE_CURVE('',#6794,#6784,#6798,.T.);
#6798=LINE('',#6795,#6800);
#6800=VECTOR('',#6801,0.063804620201212);
#6801=DIRECTION('',(-0.259,0.0,-0.966));
#6792=ORIENTED_EDGE('',*,*,#6793,.F.);
#6805=CARTESIAN_POINT('',(-4.135,-4.796,0.179));
#6804=VERTEX_POINT('',#6805);
#6803=EDGE_CURVE('',#6804,#6794,#6808,.T.);
#6808=LINE('',#6805,#6810);
#6810=VECTOR('',#6811,0.702055988768467);
#6811=DIRECTION('',(0.0,1.0,0.0));
#6802=ORIENTED_EDGE('',*,*,#6803,.F.);
#6813=EDGE_CURVE('',#6786,#6804,#6818,.T.);
#6818=LINE('',#6787,#6820);
#6820=VECTOR('',#6821,0.0638046202012121);
#6821=DIRECTION('',(0.259,0.0,0.966));
#6812=ORIENTED_EDGE('',*,*,#6813,.F.);
#6822=STYLED_ITEM('',(#34),#6823);
#6823=ADVANCED_FACE('',(#6829),#6824,.T.);
#6824=PLANE('',#6825);
#6825=AXIS2_PLACEMENT_3D('',#6826,#6827,#6828);
#6826=CARTESIAN_POINT('',(-4.908,-4.094,0.079));
#6827=DIRECTION('',(0.0,0.0,1.0));
#6828=DIRECTION('',(0.,1.,0.));
#6829=FACE_OUTER_BOUND('',#6830,.T.);
#6830=EDGE_LOOP('',(#6831,#6841,#6851,#6861));
#6834=CARTESIAN_POINT('',(-4.908,-4.796,0.079));
#6833=VERTEX_POINT('',#6834);
#6836=CARTESIAN_POINT('',(-4.908,-4.094,0.079));
#6835=VERTEX_POINT('',#6836);
#6832=EDGE_CURVE('',#6833,#6835,#6837,.T.);
#6837=LINE('',#6834,#6839);
#6839=VECTOR('',#6840,0.702056);
#6840=DIRECTION('',(0.0,1.0,0.0));
#6831=ORIENTED_EDGE('',*,*,#6832,.F.);
#6844=CARTESIAN_POINT('',(-4.304,-4.796,0.079));
#6843=VERTEX_POINT('',#6844);
#6842=EDGE_CURVE('',#6843,#6833,#6847,.T.);
#6847=LINE('',#6844,#6849);
#6849=VECTOR('',#6850,0.603431524614586);
#6850=DIRECTION('',(-1.0,0.0,0.0));
#6841=ORIENTED_EDGE('',*,*,#6842,.F.);
#6854=CARTESIAN_POINT('',(-4.304,-4.094,0.079));
#6853=VERTEX_POINT('',#6854);
#6852=EDGE_CURVE('',#6853,#6843,#6857,.T.);
#6857=LINE('',#6854,#6859);
#6859=VECTOR('',#6860,0.702055989163484);
#6860=DIRECTION('',(0.0,-1.0,0.0));
#6851=ORIENTED_EDGE('',*,*,#6852,.F.);
#6862=EDGE_CURVE('',#6835,#6853,#6867,.T.);
#6867=LINE('',#6836,#6869);
#6869=VECTOR('',#6870,0.603431524614585);
#6870=DIRECTION('',(1.0,0.0,0.0));
#6861=ORIENTED_EDGE('',*,*,#6862,.F.);
#6871=STYLED_ITEM('',(#34),#6872);
#6872=ADVANCED_FACE('',(#6878),#6873,.T.);
#6873=PLANE('',#6874);
#6874=AXIS2_PLACEMENT_3D('',#6875,#6876,#6877);
#6875=CARTESIAN_POINT('',(-4.304,-4.094,0.0));
#6876=DIRECTION('',(0.0,0.0,-1.0));
#6877=DIRECTION('',(0.,1.,0.));
#6878=FACE_OUTER_BOUND('',#6879,.T.);
#6879=EDGE_LOOP('',(#6880,#6890,#6900,#6910));
#6883=CARTESIAN_POINT('',(-4.304,-4.796,0.0));
#6882=VERTEX_POINT('',#6883);
#6885=CARTESIAN_POINT('',(-4.304,-4.094,0.0));
#6884=VERTEX_POINT('',#6885);
#6881=EDGE_CURVE('',#6882,#6884,#6886,.T.);
#6886=LINE('',#6883,#6888);
#6888=VECTOR('',#6889,0.702055989163484);
#6889=DIRECTION('',(0.0,1.0,0.0));
#6880=ORIENTED_EDGE('',*,*,#6881,.F.);
#6893=CARTESIAN_POINT('',(-4.908,-4.796,0.0));
#6892=VERTEX_POINT('',#6893);
#6891=EDGE_CURVE('',#6892,#6882,#6896,.T.);
#6896=LINE('',#6893,#6898);
#6898=VECTOR('',#6899,0.603431524614586);
#6899=DIRECTION('',(1.0,0.0,0.0));
#6890=ORIENTED_EDGE('',*,*,#6891,.F.);
#6903=CARTESIAN_POINT('',(-4.908,-4.094,0.0));
#6902=VERTEX_POINT('',#6903);
#6901=EDGE_CURVE('',#6902,#6892,#6906,.T.);
#6906=LINE('',#6903,#6908);
#6908=VECTOR('',#6909,0.702056);
#6909=DIRECTION('',(0.0,-1.0,0.0));
#6900=ORIENTED_EDGE('',*,*,#6901,.F.);
#6911=EDGE_CURVE('',#6884,#6902,#6916,.T.);
#6916=LINE('',#6885,#6918);
#6918=VECTOR('',#6919,0.603431524614585);
#6919=DIRECTION('',(-1.0,0.0,0.0));
#6910=ORIENTED_EDGE('',*,*,#6911,.F.);
#6920=STYLED_ITEM('',(#34),#6921);
#6921=ADVANCED_FACE('',(#6927),#6922,.T.);
#6922=PLANE('',#6923);
#6923=AXIS2_PLACEMENT_3D('',#6924,#6925,#6926);
#6924=CARTESIAN_POINT('',(-4.908,-4.094,0.0));
#6925=DIRECTION('',(-1.0,0.0,0.0));
#6926=DIRECTION('',(0.,0.,1.));
#6927=FACE_OUTER_BOUND('',#6928,.T.);
#6928=EDGE_LOOP('',(#6929,#6939,#6949,#6959));
#6929=ORIENTED_EDGE('',*,*,#6901,.T.);
#6940=EDGE_CURVE('',#6833,#6892,#6945,.T.);
#6945=LINE('',#6834,#6947);
#6947=VECTOR('',#6948,0.079375);
#6948=DIRECTION('',(0.0,0.0,-1.0));
#6939=ORIENTED_EDGE('',*,*,#6940,.F.);
#6949=ORIENTED_EDGE('',*,*,#6832,.T.);
#6960=EDGE_CURVE('',#6902,#6835,#6965,.T.);
#6965=LINE('',#6903,#6967);
#6967=VECTOR('',#6968,0.079375);
#6968=DIRECTION('',(0.0,0.0,1.0));
#6959=ORIENTED_EDGE('',*,*,#6960,.F.);
#6969=STYLED_ITEM($,(#34),#6970);
#6970=ADVANCED_FACE($,(#6976),#6971,.T.);
#6971=CYLINDRICAL_SURFACE($,#6972,0.15875);
#6972=AXIS2_PLACEMENT_3D($,#6973,#6974,#6975);
#6973=CARTESIAN_POINT('',(-4.058,-4.796,0.159));
#6974=DIRECTION('',(0.0,-1.0,0.0));
#6975=DIRECTION('',(0.,0.,1.));
#6976=FACE_OUTER_BOUND($,#6977,.T.);
#6977=EDGE_LOOP($,(#6989,#6999,#7010,#6978));
#6989=ORIENTED_EDGE('',*,*,#6656,.T.);
#7000=EDGE_CURVE($,#6755,#6647,#7005,.T.);
#7005=CIRCLE($,#7006,0.15875);
#7007=CARTESIAN_POINT('',(-4.058,-4.094,0.159));
#7006=AXIS2_PLACEMENT_3D($,#7007,#7008,#7009);
#7008=DIRECTION('',(0.0,1.0,0.0));
#7009=DIRECTION('',(0.793,0.0,0.609));
#6999=ORIENTED_EDGE('',*,*,#7000,.F.);
#7010=ORIENTED_EDGE('',*,*,#6754,.T.);
#6979=EDGE_CURVE($,#6657,#6745,#6984,.T.);
#6984=CIRCLE($,#6985,0.15875);
#6986=CARTESIAN_POINT('',(-4.058,-4.796,0.159));
#6985=AXIS2_PLACEMENT_3D($,#6986,#6987,#6988);
#6987=DIRECTION('',(0.0,-1.0,0.0));
#6988=DIRECTION('',(-0.793,0.0,-0.609));
#6978=ORIENTED_EDGE('',*,*,#6979,.F.);
#7020=STYLED_ITEM($,(#34),#7021);
#7021=ADVANCED_FACE($,(#7027),#7022,.F.);
#7022=CYLINDRICAL_SURFACE($,#7023,0.079375);
#7023=AXIS2_PLACEMENT_3D($,#7024,#7025,#7026);
#7024=CARTESIAN_POINT('',(-4.058,-4.094,0.159));
#7025=DIRECTION('',(0.0,-1.0,0.0));
#7026=DIRECTION('',(0.,0.,-1.));
#7027=FACE_OUTER_BOUND($,#7028,.T.);
#7028=EDGE_LOOP($,(#7040,#7050,#7061,#7029));
#7040=ORIENTED_EDGE('',*,*,#6705,.T.);
#7051=EDGE_CURVE($,#6804,#6696,#7056,.T.);
#7056=CIRCLE($,#7057,0.079375);
#7057=AXIS2_PLACEMENT_3D($,#6986,#7059,#7060);
#7059=DIRECTION('',(0.0,1.0,0.0));
#7060=DIRECTION('',(0.793,0.0,0.609));
#7050=ORIENTED_EDGE('',*,*,#7051,.F.);
#7061=ORIENTED_EDGE('',*,*,#6803,.T.);
#7030=EDGE_CURVE($,#6706,#6794,#7035,.T.);
#7035=CIRCLE($,#7036,0.079375);
#7036=AXIS2_PLACEMENT_3D($,#7007,#7038,#7039);
#7038=DIRECTION('',(0.0,-1.0,0.0));
#7039=DIRECTION('',(-0.793,0.0,-0.609));
#7029=ORIENTED_EDGE('',*,*,#7030,.F.);
#7071=STYLED_ITEM($,(#34),#7072);
#7072=ADVANCED_FACE($,(#7078),#7073,.F.);
#7073=CYLINDRICAL_SURFACE($,#7074,0.079375);
#7074=AXIS2_PLACEMENT_3D($,#7075,#7076,#7077);
#7075=CARTESIAN_POINT('',(-4.304,-4.094,0.159));
#7076=DIRECTION('',(0.0,-1.0,0.0));
#7077=DIRECTION('',(0.,0.,1.));
#7078=FACE_OUTER_BOUND($,#7079,.T.);
#7079=EDGE_LOOP($,(#7091,#7101,#7112,#7080));
#7091=ORIENTED_EDGE('',*,*,#6852,.T.);
#7102=EDGE_CURVE($,#6735,#6843,#7107,.T.);
#7107=CIRCLE($,#7108,0.079375);
#7109=CARTESIAN_POINT('',(-4.304,-4.796,0.159));
#7108=AXIS2_PLACEMENT_3D($,#7109,#7110,#7111);
#7110=DIRECTION('',(0.0,1.0,0.0));
#7111=DIRECTION('',(-0.793,0.0,-0.609));
#7101=ORIENTED_EDGE('',*,*,#7102,.F.);
#7112=ORIENTED_EDGE('',*,*,#6734,.T.);
#7081=EDGE_CURVE($,#6853,#6737,#7086,.T.);
#7086=CIRCLE($,#7087,0.079375);
#7088=CARTESIAN_POINT('',(-4.304,-4.094,0.159));
#7087=AXIS2_PLACEMENT_3D($,#7088,#7089,#7090);
#7089=DIRECTION('',(0.0,-1.0,0.0));
#7090=DIRECTION('',(0.793,0.0,0.609));
#7080=ORIENTED_EDGE('',*,*,#7081,.F.);
#7122=STYLED_ITEM($,(#34),#7123);
#7123=ADVANCED_FACE($,(#7129),#7124,.T.);
#7124=CYLINDRICAL_SURFACE($,#7125,0.15875);
#7125=AXIS2_PLACEMENT_3D($,#7126,#7127,#7128);
#7126=CARTESIAN_POINT('',(-4.304,-4.094,0.159));
#7127=DIRECTION('',(0.0,-1.0,0.0));
#7128=DIRECTION('',(0.,0.,-1.));
#7129=FACE_OUTER_BOUND($,#7130,.T.);
#7130=EDGE_LOOP($,(#7142,#7152,#7163,#7131));
#7142=ORIENTED_EDGE('',*,*,#6881,.T.);
#7153=EDGE_CURVE($,#6784,#6884,#7158,.T.);
#7158=CIRCLE($,#7159,0.15875);
#7159=AXIS2_PLACEMENT_3D($,#7088,#7161,#7162);
#7161=DIRECTION('',(0.0,1.0,0.0));
#7162=DIRECTION('',(-0.793,0.0,-0.609));
#7152=ORIENTED_EDGE('',*,*,#7153,.F.);
#7163=ORIENTED_EDGE('',*,*,#6783,.T.);
#7132=EDGE_CURVE($,#6882,#6786,#7137,.T.);
#7137=CIRCLE($,#7138,0.15875);
#7138=AXIS2_PLACEMENT_3D($,#7109,#7140,#7141);
#7140=DIRECTION('',(0.0,-1.0,0.0));
#7141=DIRECTION('',(0.793,0.0,0.609));
#7131=ORIENTED_EDGE('',*,*,#7132,.F.);
#7173=STYLED_ITEM('color',(#34),#7174);
#7174=ADVANCED_FACE($,(#7180),#7175,.T.);
#7175=PLANE($,#7176);
#7176=AXIS2_PLACEMENT_3D($,#7177,#7178,#7179);
#7177=CARTESIAN_POINT('',(-3.454,-4.094,0.238));
#7178=DIRECTION('',(0.0,1.0,0.0));
#7179=DIRECTION('',(1.,0.,0.));
#7180=FACE_OUTER_BOUND($,#7181,.T.);
#7181=EDGE_LOOP($,(#7184, #7194, #7204, #7267, #7278, #7214, #7225, #7235, #7245, #7255, #7288, #7298));
#7184=ORIENTED_EDGE('',*,*,#6646,.T.);
#7194=ORIENTED_EDGE('',*,*,#6597,.T.);
#7204=ORIENTED_EDGE('',*,*,#6715,.T.);
#7267=ORIENTED_EDGE('',*,*,#7030,.T.);
#7278=ORIENTED_EDGE('',*,*,#6793,.T.);
#7214=ORIENTED_EDGE('',*,*,#7153,.T.);
#7225=ORIENTED_EDGE('',*,*,#6911,.T.);
#7235=ORIENTED_EDGE('',*,*,#6960,.T.);
#7245=ORIENTED_EDGE('',*,*,#6862,.T.);
#7255=ORIENTED_EDGE('',*,*,#7081,.T.);
#7288=ORIENTED_EDGE('',*,*,#6764,.T.);
#7298=ORIENTED_EDGE('',*,*,#7000,.T.);
#7309=STYLED_ITEM('color',(#34),#7310);
#7310=ADVANCED_FACE($,(#7316),#7311,.T.);
#7311=PLANE($,#7312);
#7312=AXIS2_PLACEMENT_3D($,#7313,#7314,#7315);
#7313=CARTESIAN_POINT('',(-4.304,-4.796,0.079));
#7314=DIRECTION('',(0.0,-1.0,0.0));
#7315=DIRECTION('',(1.,0.,0.));
#7316=FACE_OUTER_BOUND($,#7317,.T.);
#7317=EDGE_LOOP($,(#7320, #7330, #7340, #7403, #7414, #7350, #7361, #7371, #7381, #7391, #7424, #7434));
#7320=ORIENTED_EDGE('',*,*,#6695,.T.);
#7330=ORIENTED_EDGE('',*,*,#6617,.T.);
#7340=ORIENTED_EDGE('',*,*,#6666,.T.);
#7403=ORIENTED_EDGE('',*,*,#6979,.T.);
#7414=ORIENTED_EDGE('',*,*,#6744,.T.);
#7350=ORIENTED_EDGE('',*,*,#7102,.T.);
#7361=ORIENTED_EDGE('',*,*,#6842,.T.);
#7371=ORIENTED_EDGE('',*,*,#6940,.T.);
#7381=ORIENTED_EDGE('',*,*,#6891,.T.);
#7391=ORIENTED_EDGE('',*,*,#7132,.T.);
#7424=ORIENTED_EDGE('',*,*,#6813,.T.);
#7434=ORIENTED_EDGE('',*,*,#7051,.T.);
#7445=MANIFOLD_SOLID_BREP($,#7446);
#7446=CLOSED_SHELL('',(#7448,#7497,#7546,#7595,#7644,#7693,#7742,#7791,#7840,#7891,#7942,#7993,#8044,#8180));
#7447=STYLED_ITEM('',(#34),#7448);
#7448=ADVANCED_FACE('',(#7454),#7449,.T.);
#7449=PLANE('',#7450);
#7450=AXIS2_PLACEMENT_3D('',#7451,#7452,#7453);
#7451=CARTESIAN_POINT('',(3.454,-4.094,0.238));
#7452=DIRECTION('',(-1.0,0.0,0.0));
#7453=DIRECTION('',(0.,0.,1.));
#7454=FACE_OUTER_BOUND('',#7455,.T.);
#7455=EDGE_LOOP('',(#7456,#7466,#7476,#7486));
#7459=CARTESIAN_POINT('',(3.454,-4.796,0.238));
#7458=VERTEX_POINT('',#7459);
#7461=CARTESIAN_POINT('',(3.454,-4.094,0.238));
#7460=VERTEX_POINT('',#7461);
#7457=EDGE_CURVE('',#7458,#7460,#7462,.T.);
#7462=LINE('',#7459,#7464);
#7464=VECTOR('',#7465,0.702055988260172);
#7465=DIRECTION('',(0.0,1.0,0.0));
#7456=ORIENTED_EDGE('',*,*,#7457,.F.);
#7469=CARTESIAN_POINT('',(3.454,-4.796,0.318));
#7468=VERTEX_POINT('',#7469);
#7467=EDGE_CURVE('',#7468,#7458,#7472,.T.);
#7472=LINE('',#7469,#7474);
#7474=VECTOR('',#7475,0.079375);
#7475=DIRECTION('',(0.0,0.0,-1.0));
#7466=ORIENTED_EDGE('',*,*,#7467,.F.);
#7479=CARTESIAN_POINT('',(3.454,-4.094,0.318));
#7478=VERTEX_POINT('',#7479);
#7477=EDGE_CURVE('',#7478,#7468,#7482,.T.);
#7482=LINE('',#7479,#7484);
#7484=VECTOR('',#7485,0.702055988260172);
#7485=DIRECTION('',(0.0,-1.0,0.0));
#7476=ORIENTED_EDGE('',*,*,#7477,.F.);
#7487=EDGE_CURVE('',#7460,#7478,#7492,.T.);
#7492=LINE('',#7461,#7494);
#7494=VECTOR('',#7495,0.079375);
#7495=DIRECTION('',(0.0,0.0,1.0));
#7486=ORIENTED_EDGE('',*,*,#7487,.F.);
#7496=STYLED_ITEM('',(#34),#7497);
#7497=ADVANCED_FACE('',(#7503),#7498,.T.);
#7498=PLANE('',#7499);
#7499=AXIS2_PLACEMENT_3D('',#7500,#7501,#7502);
#7500=CARTESIAN_POINT('',(3.454,-4.094,0.318));
#7501=DIRECTION('',(0.0,0.0,1.0));
#7502=DIRECTION('',(0.,1.,0.));
#7503=FACE_OUTER_BOUND('',#7504,.T.);
#7504=EDGE_LOOP('',(#7505,#7515,#7525,#7535));
#7505=ORIENTED_EDGE('',*,*,#7477,.T.);
#7518=CARTESIAN_POINT('',(4.058,-4.796,0.318));
#7517=VERTEX_POINT('',#7518);
#7516=EDGE_CURVE('',#7517,#7468,#7521,.T.);
#7521=LINE('',#7518,#7523);
#7523=VECTOR('',#7524,0.603431529943131);
#7524=DIRECTION('',(-1.0,0.0,0.0));
#7515=ORIENTED_EDGE('',*,*,#7516,.F.);
#7528=CARTESIAN_POINT('',(4.058,-4.094,0.318));
#7527=VERTEX_POINT('',#7528);
#7526=EDGE_CURVE('',#7527,#7517,#7531,.T.);
#7531=LINE('',#7528,#7533);
#7533=VECTOR('',#7534,0.702055988653471);
#7534=DIRECTION('',(0.0,-1.0,0.0));
#7525=ORIENTED_EDGE('',*,*,#7526,.F.);
#7536=EDGE_CURVE('',#7478,#7527,#7541,.T.);
#7541=LINE('',#7479,#7543);
#7543=VECTOR('',#7544,0.603431529943131);
#7544=DIRECTION('',(1.0,0.0,0.0));
#7535=ORIENTED_EDGE('',*,*,#7536,.F.);
#7545=STYLED_ITEM('',(#34),#7546);
#7546=ADVANCED_FACE('',(#7552),#7547,.T.);
#7547=PLANE('',#7548);
#7548=AXIS2_PLACEMENT_3D('',#7549,#7550,#7551);
#7549=CARTESIAN_POINT('',(3.454,-4.796,0.238));
#7550=DIRECTION('',(0.0,0.0,-1.0));
#7551=DIRECTION('',(0.,1.,0.));
#7552=FACE_OUTER_BOUND('',#7553,.T.);
#7553=EDGE_LOOP('',(#7554,#7564,#7574,#7584));
#7554=ORIENTED_EDGE('',*,*,#7457,.T.);
#7567=CARTESIAN_POINT('',(4.058,-4.094,0.238));
#7566=VERTEX_POINT('',#7567);
#7565=EDGE_CURVE('',#7566,#7460,#7570,.T.);
#7570=LINE('',#7567,#7572);
#7572=VECTOR('',#7573,0.603431529943131);
#7573=DIRECTION('',(-1.0,0.0,0.0));
#7564=ORIENTED_EDGE('',*,*,#7565,.F.);
#7577=CARTESIAN_POINT('',(4.058,-4.796,0.238));
#7576=VERTEX_POINT('',#7577);
#7575=EDGE_CURVE('',#7576,#7566,#7580,.T.);
#7580=LINE('',#7577,#7582);
#7582=VECTOR('',#7583,0.702055988653471);
#7583=DIRECTION('',(0.0,1.0,0.0));
#7574=ORIENTED_EDGE('',*,*,#7575,.F.);
#7585=EDGE_CURVE('',#7458,#7576,#7590,.T.);
#7590=LINE('',#7459,#7592);
#7592=VECTOR('',#7593,0.603431529943131);
#7593=DIRECTION('',(1.0,0.0,0.0));
#7584=ORIENTED_EDGE('',*,*,#7585,.F.);
#7594=STYLED_ITEM('',(#34),#7595);
#7595=ADVANCED_FACE('',(#7601),#7596,.T.);
#7596=PLANE('',#7597);
#7597=AXIS2_PLACEMENT_3D('',#7598,#7599,#7600);
#7598=CARTESIAN_POINT('',(4.228,-4.796,0.138));
#7599=DIRECTION('',(0.966,0.0,0.259));
#7600=DIRECTION('',(0.,0.,1.));
#7601=FACE_OUTER_BOUND('',#7602,.T.);
#7602=EDGE_LOOP('',(#7603,#7613,#7623,#7633));
#7606=CARTESIAN_POINT('',(4.228,-4.094,0.138));
#7605=VERTEX_POINT('',#7606);
#7608=CARTESIAN_POINT('',(4.228,-4.796,0.138));
#7607=VERTEX_POINT('',#7608);
#7604=EDGE_CURVE('',#7605,#7607,#7609,.T.);
#7609=LINE('',#7606,#7611);
#7611=VECTOR('',#7612,0.702055988954795);
#7612=DIRECTION('',(0.0,-1.0,0.0));
#7603=ORIENTED_EDGE('',*,*,#7604,.F.);
#7616=CARTESIAN_POINT('',(4.211,-4.094,0.2));
#7615=VERTEX_POINT('',#7616);
#7614=EDGE_CURVE('',#7615,#7605,#7619,.T.);
#7619=LINE('',#7616,#7621);
#7621=VECTOR('',#7622,0.0638046201988475);
#7622=DIRECTION('',(0.259,0.0,-0.966));
#7613=ORIENTED_EDGE('',*,*,#7614,.F.);
#7626=CARTESIAN_POINT('',(4.211,-4.796,0.2));
#7625=VERTEX_POINT('',#7626);
#7624=EDGE_CURVE('',#7625,#7615,#7629,.T.);
#7629=LINE('',#7626,#7631);
#7631=VECTOR('',#7632,0.702055988917149);
#7632=DIRECTION('',(0.0,1.0,0.0));
#7623=ORIENTED_EDGE('',*,*,#7624,.F.);
#7634=EDGE_CURVE('',#7607,#7625,#7639,.T.);
#7639=LINE('',#7608,#7641);
#7641=VECTOR('',#7642,0.0638046201988475);
#7642=DIRECTION('',(-0.259,0.0,0.966));
#7633=ORIENTED_EDGE('',*,*,#7634,.F.);
#7643=STYLED_ITEM('',(#34),#7644);
#7644=ADVANCED_FACE('',(#7650),#7645,.T.);
#7645=PLANE('',#7646);
#7646=AXIS2_PLACEMENT_3D('',#7647,#7648,#7649);
#7647=CARTESIAN_POINT('',(4.151,-4.094,0.118));
#7648=DIRECTION('',(-0.966,0.0,-0.259));
#7649=DIRECTION('',(0.,0.,1.));
#7650=FACE_OUTER_BOUND('',#7651,.T.);
#7651=EDGE_LOOP('',(#7652,#7662,#7672,#7682));
#7655=CARTESIAN_POINT('',(4.151,-4.796,0.118));
#7654=VERTEX_POINT('',#7655);
#7657=CARTESIAN_POINT('',(4.151,-4.094,0.118));
#7656=VERTEX_POINT('',#7657);
#7653=EDGE_CURVE('',#7654,#7656,#7658,.T.);
#7658=LINE('',#7655,#7660);
#7660=VECTOR('',#7661,0.702055988797257);
#7661=DIRECTION('',(0.0,1.0,0.0));
#7652=ORIENTED_EDGE('',*,*,#7653,.F.);
#7665=CARTESIAN_POINT('',(4.135,-4.796,0.179));
#7664=VERTEX_POINT('',#7665);
#7663=EDGE_CURVE('',#7664,#7654,#7668,.T.);
#7668=LINE('',#7665,#7670);
#7670=VECTOR('',#7671,0.0638046202012119);
#7671=DIRECTION('',(0.259,0.0,-0.966));
#7662=ORIENTED_EDGE('',*,*,#7663,.F.);
#7675=CARTESIAN_POINT('',(4.135,-4.094,0.179));
#7674=VERTEX_POINT('',#7675);
#7673=EDGE_CURVE('',#7674,#7664,#7678,.T.);
#7678=LINE('',#7675,#7680);
#7680=VECTOR('',#7681,0.702055988768467);
#7681=DIRECTION('',(0.0,-1.0,0.0));
#7672=ORIENTED_EDGE('',*,*,#7673,.F.);
#7683=EDGE_CURVE('',#7656,#7674,#7688,.T.);
#7688=LINE('',#7657,#7690);
#7690=VECTOR('',#7691,0.0638046202012121);
#7691=DIRECTION('',(-0.259,0.0,0.966));
#7682=ORIENTED_EDGE('',*,*,#7683,.F.);
#7692=STYLED_ITEM('',(#34),#7693);
#7693=ADVANCED_FACE('',(#7699),#7694,.T.);
#7694=PLANE('',#7695);
#7695=AXIS2_PLACEMENT_3D('',#7696,#7697,#7698);
#7696=CARTESIAN_POINT('',(4.908,-4.796,0.079));
#7697=DIRECTION('',(0.0,0.0,1.0));
#7698=DIRECTION('',(0.,1.,0.));
#7699=FACE_OUTER_BOUND('',#7700,.T.);
#7700=EDGE_LOOP('',(#7701,#7711,#7721,#7731));
#7704=CARTESIAN_POINT('',(4.908,-4.094,0.079));
#7703=VERTEX_POINT('',#7704);
#7706=CARTESIAN_POINT('',(4.908,-4.796,0.079));
#7705=VERTEX_POINT('',#7706);
#7702=EDGE_CURVE('',#7703,#7705,#7707,.T.);
#7707=LINE('',#7704,#7709);
#7709=VECTOR('',#7710,0.702056);
#7710=DIRECTION('',(0.0,-1.0,0.0));
#7701=ORIENTED_EDGE('',*,*,#7702,.F.);
#7714=CARTESIAN_POINT('',(4.304,-4.094,0.079));
#7713=VERTEX_POINT('',#7714);
#7712=EDGE_CURVE('',#7713,#7703,#7717,.T.);
#7717=LINE('',#7714,#7719);
#7719=VECTOR('',#7720,0.603431524614585);
#7720=DIRECTION('',(1.0,0.0,0.0));
#7711=ORIENTED_EDGE('',*,*,#7712,.F.);
#7724=CARTESIAN_POINT('',(4.304,-4.796,0.079));
#7723=VERTEX_POINT('',#7724);
#7722=EDGE_CURVE('',#7723,#7713,#7727,.T.);
#7727=LINE('',#7724,#7729);
#7729=VECTOR('',#7730,0.702055989163484);
#7730=DIRECTION('',(0.0,1.0,0.0));
#7721=ORIENTED_EDGE('',*,*,#7722,.F.);
#7732=EDGE_CURVE('',#7705,#7723,#7737,.T.);
#7737=LINE('',#7706,#7739);
#7739=VECTOR('',#7740,0.603431524614585);
#7740=DIRECTION('',(-1.0,0.0,0.0));
#7731=ORIENTED_EDGE('',*,*,#7732,.F.);
#7741=STYLED_ITEM('',(#34),#7742);
#7742=ADVANCED_FACE('',(#7748),#7743,.T.);
#7743=PLANE('',#7744);
#7744=AXIS2_PLACEMENT_3D('',#7745,#7746,#7747);
#7745=CARTESIAN_POINT('',(4.304,-4.796,0.0));
#7746=DIRECTION('',(0.0,0.0,-1.0));
#7747=DIRECTION('',(0.,1.,0.));
#7748=FACE_OUTER_BOUND('',#7749,.T.);
#7749=EDGE_LOOP('',(#7750,#7760,#7770,#7780));
#7753=CARTESIAN_POINT('',(4.304,-4.094,0.0));
#7752=VERTEX_POINT('',#7753);
#7755=CARTESIAN_POINT('',(4.304,-4.796,0.0));
#7754=VERTEX_POINT('',#7755);
#7751=EDGE_CURVE('',#7752,#7754,#7756,.T.);
#7756=LINE('',#7753,#7758);
#7758=VECTOR('',#7759,0.702055989163484);
#7759=DIRECTION('',(0.0,-1.0,0.0));
#7750=ORIENTED_EDGE('',*,*,#7751,.F.);
#7763=CARTESIAN_POINT('',(4.908,-4.094,0.0));
#7762=VERTEX_POINT('',#7763);
#7761=EDGE_CURVE('',#7762,#7752,#7766,.T.);
#7766=LINE('',#7763,#7768);
#7768=VECTOR('',#7769,0.603431524614585);
#7769=DIRECTION('',(-1.0,0.0,0.0));
#7760=ORIENTED_EDGE('',*,*,#7761,.F.);
#7773=CARTESIAN_POINT('',(4.908,-4.796,0.0));
#7772=VERTEX_POINT('',#7773);
#7771=EDGE_CURVE('',#7772,#7762,#7776,.T.);
#7776=LINE('',#7773,#7778);
#7778=VECTOR('',#7779,0.702056);
#7779=DIRECTION('',(0.0,1.0,0.0));
#7770=ORIENTED_EDGE('',*,*,#7771,.F.);
#7781=EDGE_CURVE('',#7754,#7772,#7786,.T.);
#7786=LINE('',#7755,#7788);
#7788=VECTOR('',#7789,0.603431524614585);
#7789=DIRECTION('',(1.0,0.0,0.0));
#7780=ORIENTED_EDGE('',*,*,#7781,.F.);
#7790=STYLED_ITEM('',(#34),#7791);
#7791=ADVANCED_FACE('',(#7797),#7792,.T.);
#7792=PLANE('',#7793);
#7793=AXIS2_PLACEMENT_3D('',#7794,#7795,#7796);
#7794=CARTESIAN_POINT('',(4.908,-4.796,0.0));
#7795=DIRECTION('',(1.0,0.0,0.0));
#7796=DIRECTION('',(0.,0.,1.));
#7797=FACE_OUTER_BOUND('',#7798,.T.);
#7798=EDGE_LOOP('',(#7799,#7809,#7819,#7829));
#7799=ORIENTED_EDGE('',*,*,#7771,.T.);
#7810=EDGE_CURVE('',#7703,#7762,#7815,.T.);
#7815=LINE('',#7704,#7817);
#7817=VECTOR('',#7818,0.079375);
#7818=DIRECTION('',(0.0,0.0,-1.0));
#7809=ORIENTED_EDGE('',*,*,#7810,.F.);
#7819=ORIENTED_EDGE('',*,*,#7702,.T.);
#7830=EDGE_CURVE('',#7772,#7705,#7835,.T.);
#7835=LINE('',#7773,#7837);
#7837=VECTOR('',#7838,0.079375);
#7838=DIRECTION('',(0.0,0.0,1.0));
#7829=ORIENTED_EDGE('',*,*,#7830,.F.);
#7839=STYLED_ITEM($,(#34),#7840);
#7840=ADVANCED_FACE($,(#7846),#7841,.T.);
#7841=CYLINDRICAL_SURFACE($,#7842,0.15875);
#7842=AXIS2_PLACEMENT_3D($,#7843,#7844,#7845);
#7843=CARTESIAN_POINT('',(4.058,-4.094,0.159));
#7844=DIRECTION('',(0.0,1.0,0.0));
#7845=DIRECTION('',(0.,0.,1.));
#7846=FACE_OUTER_BOUND($,#7847,.T.);
#7847=EDGE_LOOP($,(#7859,#7869,#7880,#7848));
#7859=ORIENTED_EDGE('',*,*,#7526,.T.);
#7870=EDGE_CURVE($,#7625,#7517,#7875,.T.);
#7875=CIRCLE($,#7876,0.15875);
#7877=CARTESIAN_POINT('',(4.058,-4.796,0.159));
#7876=AXIS2_PLACEMENT_3D($,#7877,#7878,#7879);
#7878=DIRECTION('',(0.0,-1.0,0.0));
#7879=DIRECTION('',(-0.793,0.0,0.609));
#7869=ORIENTED_EDGE('',*,*,#7870,.F.);
#7880=ORIENTED_EDGE('',*,*,#7624,.T.);
#7849=EDGE_CURVE($,#7527,#7615,#7854,.T.);
#7854=CIRCLE($,#7855,0.15875);
#7856=CARTESIAN_POINT('',(4.058,-4.094,0.159));
#7855=AXIS2_PLACEMENT_3D($,#7856,#7857,#7858);
#7857=DIRECTION('',(0.0,1.0,0.0));
#7858=DIRECTION('',(0.793,0.0,-0.609));
#7848=ORIENTED_EDGE('',*,*,#7849,.F.);
#7890=STYLED_ITEM($,(#34),#7891);
#7891=ADVANCED_FACE($,(#7897),#7892,.F.);
#7892=CYLINDRICAL_SURFACE($,#7893,0.079375);
#7893=AXIS2_PLACEMENT_3D($,#7894,#7895,#7896);
#7894=CARTESIAN_POINT('',(4.058,-4.796,0.159));
#7895=DIRECTION('',(0.0,1.0,0.0));
#7896=DIRECTION('',(0.,0.,-1.));
#7897=FACE_OUTER_BOUND($,#7898,.T.);
#7898=EDGE_LOOP($,(#7910,#7920,#7931,#7899));
#7910=ORIENTED_EDGE('',*,*,#7575,.T.);
#7921=EDGE_CURVE($,#7674,#7566,#7926,.T.);
#7926=CIRCLE($,#7927,0.079375);
#7927=AXIS2_PLACEMENT_3D($,#7856,#7929,#7930);
#7929=DIRECTION('',(0.0,-1.0,0.0));
#7930=DIRECTION('',(-0.793,0.0,0.609));
#7920=ORIENTED_EDGE('',*,*,#7921,.F.);
#7931=ORIENTED_EDGE('',*,*,#7673,.T.);
#7900=EDGE_CURVE($,#7576,#7664,#7905,.T.);
#7905=CIRCLE($,#7906,0.079375);
#7906=AXIS2_PLACEMENT_3D($,#7877,#7908,#7909);
#7908=DIRECTION('',(0.0,1.0,0.0));
#7909=DIRECTION('',(0.793,0.0,-0.609));
#7899=ORIENTED_EDGE('',*,*,#7900,.F.);
#7941=STYLED_ITEM($,(#34),#7942);
#7942=ADVANCED_FACE($,(#7948),#7943,.F.);
#7943=CYLINDRICAL_SURFACE($,#7944,0.079375);
#7944=AXIS2_PLACEMENT_3D($,#7945,#7946,#7947);
#7945=CARTESIAN_POINT('',(4.304,-4.796,0.159));
#7946=DIRECTION('',(0.0,1.0,0.0));
#7947=DIRECTION('',(0.,0.,1.));
#7948=FACE_OUTER_BOUND($,#7949,.T.);
#7949=EDGE_LOOP($,(#7961,#7971,#7982,#7950));
#7961=ORIENTED_EDGE('',*,*,#7722,.T.);
#7972=EDGE_CURVE($,#7605,#7713,#7977,.T.);
#7977=CIRCLE($,#7978,0.079375);
#7979=CARTESIAN_POINT('',(4.304,-4.094,0.159));
#7978=AXIS2_PLACEMENT_3D($,#7979,#7980,#7981);
#7980=DIRECTION('',(0.0,-1.0,0.0));
#7981=DIRECTION('',(0.793,0.0,-0.609));
#7971=ORIENTED_EDGE('',*,*,#7972,.F.);
#7982=ORIENTED_EDGE('',*,*,#7604,.T.);
#7951=EDGE_CURVE($,#7723,#7607,#7956,.T.);
#7956=CIRCLE($,#7957,0.079375);
#7958=CARTESIAN_POINT('',(4.304,-4.796,0.159));
#7957=AXIS2_PLACEMENT_3D($,#7958,#7959,#7960);
#7959=DIRECTION('',(0.0,1.0,0.0));
#7960=DIRECTION('',(-0.793,0.0,0.609));
#7950=ORIENTED_EDGE('',*,*,#7951,.F.);
#7992=STYLED_ITEM($,(#34),#7993);
#7993=ADVANCED_FACE($,(#7999),#7994,.T.);
#7994=CYLINDRICAL_SURFACE($,#7995,0.15875);
#7995=AXIS2_PLACEMENT_3D($,#7996,#7997,#7998);
#7996=CARTESIAN_POINT('',(4.304,-4.796,0.159));
#7997=DIRECTION('',(0.0,1.0,0.0));
#7998=DIRECTION('',(0.,0.,-1.));
#7999=FACE_OUTER_BOUND($,#8000,.T.);
#8000=EDGE_LOOP($,(#8012,#8022,#8033,#8001));
#8012=ORIENTED_EDGE('',*,*,#7751,.T.);
#8023=EDGE_CURVE($,#7654,#7754,#8028,.T.);
#8028=CIRCLE($,#8029,0.15875);
#8029=AXIS2_PLACEMENT_3D($,#7958,#8031,#8032);
#8031=DIRECTION('',(0.0,-1.0,0.0));
#8032=DIRECTION('',(0.793,0.0,-0.609));
#8022=ORIENTED_EDGE('',*,*,#8023,.F.);
#8033=ORIENTED_EDGE('',*,*,#7653,.T.);
#8002=EDGE_CURVE($,#7752,#7656,#8007,.T.);
#8007=CIRCLE($,#8008,0.15875);
#8008=AXIS2_PLACEMENT_3D($,#7979,#8010,#8011);
#8010=DIRECTION('',(0.0,1.0,0.0));
#8011=DIRECTION('',(-0.793,0.0,0.609));
#8001=ORIENTED_EDGE('',*,*,#8002,.F.);
#8043=STYLED_ITEM('color',(#34),#8044);
#8044=ADVANCED_FACE($,(#8050),#8045,.T.);
#8045=PLANE($,#8046);
#8046=AXIS2_PLACEMENT_3D($,#8047,#8048,#8049);
#8047=CARTESIAN_POINT('',(3.454,-4.796,0.238));
#8048=DIRECTION('',(0.0,-1.0,0.0));
#8049=DIRECTION('',(1.,0.,0.));
#8050=FACE_OUTER_BOUND($,#8051,.T.);
#8051=EDGE_LOOP($,(#8054, #8064, #8074, #8137, #8148, #8084, #8095, #8105, #8115, #8125, #8158, #8168));
#8054=ORIENTED_EDGE('',*,*,#7516,.T.);
#8064=ORIENTED_EDGE('',*,*,#7467,.T.);
#8074=ORIENTED_EDGE('',*,*,#7585,.T.);
#8137=ORIENTED_EDGE('',*,*,#7900,.T.);
#8148=ORIENTED_EDGE('',*,*,#7663,.T.);
#8084=ORIENTED_EDGE('',*,*,#8023,.T.);
#8095=ORIENTED_EDGE('',*,*,#7781,.T.);
#8105=ORIENTED_EDGE('',*,*,#7830,.T.);
#8115=ORIENTED_EDGE('',*,*,#7732,.T.);
#8125=ORIENTED_EDGE('',*,*,#7951,.T.);
#8158=ORIENTED_EDGE('',*,*,#7634,.T.);
#8168=ORIENTED_EDGE('',*,*,#7870,.T.);
#8179=STYLED_ITEM('color',(#34),#8180);
#8180=ADVANCED_FACE($,(#8186),#8181,.T.);
#8181=PLANE($,#8182);
#8182=AXIS2_PLACEMENT_3D($,#8183,#8184,#8185);
#8183=CARTESIAN_POINT('',(4.304,-4.094,0.079));
#8184=DIRECTION('',(0.0,1.0,0.0));
#8185=DIRECTION('',(1.,0.,0.));
#8186=FACE_OUTER_BOUND($,#8187,.T.);
#8187=EDGE_LOOP($,(#8190, #8200, #8210, #8273, #8284, #8220, #8231, #8241, #8251, #8261, #8294, #8304));
#8190=ORIENTED_EDGE('',*,*,#7565,.T.);
#8200=ORIENTED_EDGE('',*,*,#7487,.T.);
#8210=ORIENTED_EDGE('',*,*,#7536,.T.);
#8273=ORIENTED_EDGE('',*,*,#7849,.T.);
#8284=ORIENTED_EDGE('',*,*,#7614,.T.);
#8220=ORIENTED_EDGE('',*,*,#7972,.T.);
#8231=ORIENTED_EDGE('',*,*,#7712,.T.);
#8241=ORIENTED_EDGE('',*,*,#7810,.T.);
#8251=ORIENTED_EDGE('',*,*,#7761,.T.);
#8261=ORIENTED_EDGE('',*,*,#8002,.T.);
#8294=ORIENTED_EDGE('',*,*,#7683,.T.);
#8304=ORIENTED_EDGE('',*,*,#7921,.T.);
#8315=MANIFOLD_SOLID_BREP($,#8316);
#8316=CLOSED_SHELL('',(#8318,#8367,#8416,#8465,#8514,#8563,#8612,#8661,#8710,#8761,#8812,#8863,#8914,#9050));
#8317=STYLED_ITEM('',(#34),#8318);
#8318=ADVANCED_FACE('',(#8324),#8319,.T.);
#8319=PLANE('',#8320);
#8320=AXIS2_PLACEMENT_3D('',#8321,#8322,#8323);
#8321=CARTESIAN_POINT('',(3.454,-2.824,0.238));
#8322=DIRECTION('',(-1.0,0.0,0.0));
#8323=DIRECTION('',(0.,0.,1.));
#8324=FACE_OUTER_BOUND('',#8325,.T.);
#8325=EDGE_LOOP('',(#8326,#8336,#8346,#8356));
#8329=CARTESIAN_POINT('',(3.454,-3.526,0.238));
#8328=VERTEX_POINT('',#8329);
#8331=CARTESIAN_POINT('',(3.454,-2.824,0.238));
#8330=VERTEX_POINT('',#8331);
#8327=EDGE_CURVE('',#8328,#8330,#8332,.T.);
#8332=LINE('',#8329,#8334);
#8334=VECTOR('',#8335,0.702055988260172);
#8335=DIRECTION('',(0.0,1.0,0.0));
#8326=ORIENTED_EDGE('',*,*,#8327,.F.);
#8339=CARTESIAN_POINT('',(3.454,-3.526,0.318));
#8338=VERTEX_POINT('',#8339);
#8337=EDGE_CURVE('',#8338,#8328,#8342,.T.);
#8342=LINE('',#8339,#8344);
#8344=VECTOR('',#8345,0.079375);
#8345=DIRECTION('',(0.0,0.0,-1.0));
#8336=ORIENTED_EDGE('',*,*,#8337,.F.);
#8349=CARTESIAN_POINT('',(3.454,-2.824,0.318));
#8348=VERTEX_POINT('',#8349);
#8347=EDGE_CURVE('',#8348,#8338,#8352,.T.);
#8352=LINE('',#8349,#8354);
#8354=VECTOR('',#8355,0.702055988260172);
#8355=DIRECTION('',(0.0,-1.0,0.0));
#8346=ORIENTED_EDGE('',*,*,#8347,.F.);
#8357=EDGE_CURVE('',#8330,#8348,#8362,.T.);
#8362=LINE('',#8331,#8364);
#8364=VECTOR('',#8365,0.079375);
#8365=DIRECTION('',(0.0,0.0,1.0));
#8356=ORIENTED_EDGE('',*,*,#8357,.F.);
#8366=STYLED_ITEM('',(#34),#8367);
#8367=ADVANCED_FACE('',(#8373),#8368,.T.);
#8368=PLANE('',#8369);
#8369=AXIS2_PLACEMENT_3D('',#8370,#8371,#8372);
#8370=CARTESIAN_POINT('',(3.454,-2.824,0.318));
#8371=DIRECTION('',(0.0,0.0,1.0));
#8372=DIRECTION('',(0.,1.,0.));
#8373=FACE_OUTER_BOUND('',#8374,.T.);
#8374=EDGE_LOOP('',(#8375,#8385,#8395,#8405));
#8375=ORIENTED_EDGE('',*,*,#8347,.T.);
#8388=CARTESIAN_POINT('',(4.058,-3.526,0.318));
#8387=VERTEX_POINT('',#8388);
#8386=EDGE_CURVE('',#8387,#8338,#8391,.T.);
#8391=LINE('',#8388,#8393);
#8393=VECTOR('',#8394,0.603431529943131);
#8394=DIRECTION('',(-1.0,0.0,0.0));
#8385=ORIENTED_EDGE('',*,*,#8386,.F.);
#8398=CARTESIAN_POINT('',(4.058,-2.824,0.318));
#8397=VERTEX_POINT('',#8398);
#8396=EDGE_CURVE('',#8397,#8387,#8401,.T.);
#8401=LINE('',#8398,#8403);
#8403=VECTOR('',#8404,0.702055988653472);
#8404=DIRECTION('',(0.0,-1.0,0.0));
#8395=ORIENTED_EDGE('',*,*,#8396,.F.);
#8406=EDGE_CURVE('',#8348,#8397,#8411,.T.);
#8411=LINE('',#8349,#8413);
#8413=VECTOR('',#8414,0.603431529943131);
#8414=DIRECTION('',(1.0,0.0,0.0));
#8405=ORIENTED_EDGE('',*,*,#8406,.F.);
#8415=STYLED_ITEM('',(#34),#8416);
#8416=ADVANCED_FACE('',(#8422),#8417,.T.);
#8417=PLANE('',#8418);
#8418=AXIS2_PLACEMENT_3D('',#8419,#8420,#8421);
#8419=CARTESIAN_POINT('',(3.454,-3.526,0.238));
#8420=DIRECTION('',(0.0,0.0,-1.0));
#8421=DIRECTION('',(0.,1.,0.));
#8422=FACE_OUTER_BOUND('',#8423,.T.);
#8423=EDGE_LOOP('',(#8424,#8434,#8444,#8454));
#8424=ORIENTED_EDGE('',*,*,#8327,.T.);
#8437=CARTESIAN_POINT('',(4.058,-2.824,0.238));
#8436=VERTEX_POINT('',#8437);
#8435=EDGE_CURVE('',#8436,#8330,#8440,.T.);
#8440=LINE('',#8437,#8442);
#8442=VECTOR('',#8443,0.603431529943131);
#8443=DIRECTION('',(-1.0,0.0,0.0));
#8434=ORIENTED_EDGE('',*,*,#8435,.F.);
#8447=CARTESIAN_POINT('',(4.058,-3.526,0.238));
#8446=VERTEX_POINT('',#8447);
#8445=EDGE_CURVE('',#8446,#8436,#8450,.T.);
#8450=LINE('',#8447,#8452);
#8452=VECTOR('',#8453,0.702055988653472);
#8453=DIRECTION('',(0.0,1.0,0.0));
#8444=ORIENTED_EDGE('',*,*,#8445,.F.);
#8455=EDGE_CURVE('',#8328,#8446,#8460,.T.);
#8460=LINE('',#8329,#8462);
#8462=VECTOR('',#8463,0.603431529943131);
#8463=DIRECTION('',(1.0,0.0,0.0));
#8454=ORIENTED_EDGE('',*,*,#8455,.F.);
#8464=STYLED_ITEM('',(#34),#8465);
#8465=ADVANCED_FACE('',(#8471),#8466,.T.);
#8466=PLANE('',#8467);
#8467=AXIS2_PLACEMENT_3D('',#8468,#8469,#8470);
#8468=CARTESIAN_POINT('',(4.228,-3.526,0.138));
#8469=DIRECTION('',(0.966,0.0,0.259));
#8470=DIRECTION('',(0.,0.,1.));
#8471=FACE_OUTER_BOUND('',#8472,.T.);
#8472=EDGE_LOOP('',(#8473,#8483,#8493,#8503));
#8476=CARTESIAN_POINT('',(4.228,-2.824,0.138));
#8475=VERTEX_POINT('',#8476);
#8478=CARTESIAN_POINT('',(4.228,-3.526,0.138));
#8477=VERTEX_POINT('',#8478);
#8474=EDGE_CURVE('',#8475,#8477,#8479,.T.);
#8479=LINE('',#8476,#8481);
#8481=VECTOR('',#8482,0.702055988954795);
#8482=DIRECTION('',(0.0,-1.0,0.0));
#8473=ORIENTED_EDGE('',*,*,#8474,.F.);
#8486=CARTESIAN_POINT('',(4.211,-2.824,0.2));
#8485=VERTEX_POINT('',#8486);
#8484=EDGE_CURVE('',#8485,#8475,#8489,.T.);
#8489=LINE('',#8486,#8491);
#8491=VECTOR('',#8492,0.0638046201988475);
#8492=DIRECTION('',(0.259,0.0,-0.966));
#8483=ORIENTED_EDGE('',*,*,#8484,.F.);
#8496=CARTESIAN_POINT('',(4.211,-3.526,0.2));
#8495=VERTEX_POINT('',#8496);
#8494=EDGE_CURVE('',#8495,#8485,#8499,.T.);
#8499=LINE('',#8496,#8501);
#8501=VECTOR('',#8502,0.702055988917149);
#8502=DIRECTION('',(0.0,1.0,0.0));
#8493=ORIENTED_EDGE('',*,*,#8494,.F.);
#8504=EDGE_CURVE('',#8477,#8495,#8509,.T.);
#8509=LINE('',#8478,#8511);
#8511=VECTOR('',#8512,0.0638046201988475);
#8512=DIRECTION('',(-0.259,0.0,0.966));
#8503=ORIENTED_EDGE('',*,*,#8504,.F.);
#8513=STYLED_ITEM('',(#34),#8514);
#8514=ADVANCED_FACE('',(#8520),#8515,.T.);
#8515=PLANE('',#8516);
#8516=AXIS2_PLACEMENT_3D('',#8517,#8518,#8519);
#8517=CARTESIAN_POINT('',(4.151,-2.824,0.118));
#8518=DIRECTION('',(-0.966,0.0,-0.259));
#8519=DIRECTION('',(0.,0.,1.));
#8520=FACE_OUTER_BOUND('',#8521,.T.);
#8521=EDGE_LOOP('',(#8522,#8532,#8542,#8552));
#8525=CARTESIAN_POINT('',(4.151,-3.526,0.118));
#8524=VERTEX_POINT('',#8525);
#8527=CARTESIAN_POINT('',(4.151,-2.824,0.118));
#8526=VERTEX_POINT('',#8527);
#8523=EDGE_CURVE('',#8524,#8526,#8528,.T.);
#8528=LINE('',#8525,#8530);
#8530=VECTOR('',#8531,0.702055988797257);
#8531=DIRECTION('',(0.0,1.0,0.0));
#8522=ORIENTED_EDGE('',*,*,#8523,.F.);
#8535=CARTESIAN_POINT('',(4.135,-3.526,0.179));
#8534=VERTEX_POINT('',#8535);
#8533=EDGE_CURVE('',#8534,#8524,#8538,.T.);
#8538=LINE('',#8535,#8540);
#8540=VECTOR('',#8541,0.0638046202012119);
#8541=DIRECTION('',(0.259,0.0,-0.966));
#8532=ORIENTED_EDGE('',*,*,#8533,.F.);
#8545=CARTESIAN_POINT('',(4.135,-2.824,0.179));
#8544=VERTEX_POINT('',#8545);
#8543=EDGE_CURVE('',#8544,#8534,#8548,.T.);
#8548=LINE('',#8545,#8550);
#8550=VECTOR('',#8551,0.702055988768467);
#8551=DIRECTION('',(0.0,-1.0,0.0));
#8542=ORIENTED_EDGE('',*,*,#8543,.F.);
#8553=EDGE_CURVE('',#8526,#8544,#8558,.T.);
#8558=LINE('',#8527,#8560);
#8560=VECTOR('',#8561,0.0638046202012121);
#8561=DIRECTION('',(-0.259,0.0,0.966));
#8552=ORIENTED_EDGE('',*,*,#8553,.F.);
#8562=STYLED_ITEM('',(#34),#8563);
#8563=ADVANCED_FACE('',(#8569),#8564,.T.);
#8564=PLANE('',#8565);
#8565=AXIS2_PLACEMENT_3D('',#8566,#8567,#8568);
#8566=CARTESIAN_POINT('',(4.908,-3.526,0.079));
#8567=DIRECTION('',(0.0,0.0,1.0));
#8568=DIRECTION('',(0.,1.,0.));
#8569=FACE_OUTER_BOUND('',#8570,.T.);
#8570=EDGE_LOOP('',(#8571,#8581,#8591,#8601));
#8574=CARTESIAN_POINT('',(4.908,-2.824,0.079));
#8573=VERTEX_POINT('',#8574);
#8576=CARTESIAN_POINT('',(4.908,-3.526,0.079));
#8575=VERTEX_POINT('',#8576);
#8572=EDGE_CURVE('',#8573,#8575,#8577,.T.);
#8577=LINE('',#8574,#8579);
#8579=VECTOR('',#8580,0.702056);
#8580=DIRECTION('',(0.0,-1.0,0.0));
#8571=ORIENTED_EDGE('',*,*,#8572,.F.);
#8584=CARTESIAN_POINT('',(4.304,-2.824,0.079));
#8583=VERTEX_POINT('',#8584);
#8582=EDGE_CURVE('',#8583,#8573,#8587,.T.);
#8587=LINE('',#8584,#8589);
#8589=VECTOR('',#8590,0.603431524614585);
#8590=DIRECTION('',(1.0,0.0,0.0));
#8581=ORIENTED_EDGE('',*,*,#8582,.F.);
#8594=CARTESIAN_POINT('',(4.304,-3.526,0.079));
#8593=VERTEX_POINT('',#8594);
#8592=EDGE_CURVE('',#8593,#8583,#8597,.T.);
#8597=LINE('',#8594,#8599);
#8599=VECTOR('',#8600,0.702055989163485);
#8600=DIRECTION('',(0.0,1.0,0.0));
#8591=ORIENTED_EDGE('',*,*,#8592,.F.);
#8602=EDGE_CURVE('',#8575,#8593,#8607,.T.);
#8607=LINE('',#8576,#8609);
#8609=VECTOR('',#8610,0.603431524614585);
#8610=DIRECTION('',(-1.0,0.0,0.0));
#8601=ORIENTED_EDGE('',*,*,#8602,.F.);
#8611=STYLED_ITEM('',(#34),#8612);
#8612=ADVANCED_FACE('',(#8618),#8613,.T.);
#8613=PLANE('',#8614);
#8614=AXIS2_PLACEMENT_3D('',#8615,#8616,#8617);
#8615=CARTESIAN_POINT('',(4.304,-3.526,0.0));
#8616=DIRECTION('',(0.0,0.0,-1.0));
#8617=DIRECTION('',(0.,1.,0.));
#8618=FACE_OUTER_BOUND('',#8619,.T.);
#8619=EDGE_LOOP('',(#8620,#8630,#8640,#8650));
#8623=CARTESIAN_POINT('',(4.304,-2.824,0.0));
#8622=VERTEX_POINT('',#8623);
#8625=CARTESIAN_POINT('',(4.304,-3.526,0.0));
#8624=VERTEX_POINT('',#8625);
#8621=EDGE_CURVE('',#8622,#8624,#8626,.T.);
#8626=LINE('',#8623,#8628);
#8628=VECTOR('',#8629,0.702055989163485);
#8629=DIRECTION('',(0.0,-1.0,0.0));
#8620=ORIENTED_EDGE('',*,*,#8621,.F.);
#8633=CARTESIAN_POINT('',(4.908,-2.824,0.0));
#8632=VERTEX_POINT('',#8633);
#8631=EDGE_CURVE('',#8632,#8622,#8636,.T.);
#8636=LINE('',#8633,#8638);
#8638=VECTOR('',#8639,0.603431524614585);
#8639=DIRECTION('',(-1.0,0.0,0.0));
#8630=ORIENTED_EDGE('',*,*,#8631,.F.);
#8643=CARTESIAN_POINT('',(4.908,-3.526,0.0));
#8642=VERTEX_POINT('',#8643);
#8641=EDGE_CURVE('',#8642,#8632,#8646,.T.);
#8646=LINE('',#8643,#8648);
#8648=VECTOR('',#8649,0.702056);
#8649=DIRECTION('',(0.0,1.0,0.0));
#8640=ORIENTED_EDGE('',*,*,#8641,.F.);
#8651=EDGE_CURVE('',#8624,#8642,#8656,.T.);
#8656=LINE('',#8625,#8658);
#8658=VECTOR('',#8659,0.603431524614585);
#8659=DIRECTION('',(1.0,0.0,0.0));
#8650=ORIENTED_EDGE('',*,*,#8651,.F.);
#8660=STYLED_ITEM('',(#34),#8661);
#8661=ADVANCED_FACE('',(#8667),#8662,.T.);
#8662=PLANE('',#8663);
#8663=AXIS2_PLACEMENT_3D('',#8664,#8665,#8666);
#8664=CARTESIAN_POINT('',(4.908,-3.526,0.0));
#8665=DIRECTION('',(1.0,0.0,0.0));
#8666=DIRECTION('',(0.,0.,1.));
#8667=FACE_OUTER_BOUND('',#8668,.T.);
#8668=EDGE_LOOP('',(#8669,#8679,#8689,#8699));
#8669=ORIENTED_EDGE('',*,*,#8641,.T.);
#8680=EDGE_CURVE('',#8573,#8632,#8685,.T.);
#8685=LINE('',#8574,#8687);
#8687=VECTOR('',#8688,0.079375);
#8688=DIRECTION('',(0.0,0.0,-1.0));
#8679=ORIENTED_EDGE('',*,*,#8680,.F.);
#8689=ORIENTED_EDGE('',*,*,#8572,.T.);
#8700=EDGE_CURVE('',#8642,#8575,#8705,.T.);
#8705=LINE('',#8643,#8707);
#8707=VECTOR('',#8708,0.079375);
#8708=DIRECTION('',(0.0,0.0,1.0));
#8699=ORIENTED_EDGE('',*,*,#8700,.F.);
#8709=STYLED_ITEM($,(#34),#8710);
#8710=ADVANCED_FACE($,(#8716),#8711,.T.);
#8711=CYLINDRICAL_SURFACE($,#8712,0.15875);
#8712=AXIS2_PLACEMENT_3D($,#8713,#8714,#8715);
#8713=CARTESIAN_POINT('',(4.058,-2.824,0.159));
#8714=DIRECTION('',(0.0,1.0,0.0));
#8715=DIRECTION('',(0.,0.,1.));
#8716=FACE_OUTER_BOUND($,#8717,.T.);
#8717=EDGE_LOOP($,(#8729,#8739,#8750,#8718));
#8729=ORIENTED_EDGE('',*,*,#8396,.T.);
#8740=EDGE_CURVE($,#8495,#8387,#8745,.T.);
#8745=CIRCLE($,#8746,0.15875);
#8747=CARTESIAN_POINT('',(4.058,-3.526,0.159));
#8746=AXIS2_PLACEMENT_3D($,#8747,#8748,#8749);
#8748=DIRECTION('',(0.0,-1.0,0.0));
#8749=DIRECTION('',(-0.793,0.0,0.609));
#8739=ORIENTED_EDGE('',*,*,#8740,.F.);
#8750=ORIENTED_EDGE('',*,*,#8494,.T.);
#8719=EDGE_CURVE($,#8397,#8485,#8724,.T.);
#8724=CIRCLE($,#8725,0.15875);
#8726=CARTESIAN_POINT('',(4.058,-2.824,0.159));
#8725=AXIS2_PLACEMENT_3D($,#8726,#8727,#8728);
#8727=DIRECTION('',(0.0,1.0,0.0));
#8728=DIRECTION('',(0.793,0.0,-0.609));
#8718=ORIENTED_EDGE('',*,*,#8719,.F.);
#8760=STYLED_ITEM($,(#34),#8761);
#8761=ADVANCED_FACE($,(#8767),#8762,.F.);
#8762=CYLINDRICAL_SURFACE($,#8763,0.079375);
#8763=AXIS2_PLACEMENT_3D($,#8764,#8765,#8766);
#8764=CARTESIAN_POINT('',(4.058,-3.526,0.159));
#8765=DIRECTION('',(0.0,1.0,0.0));
#8766=DIRECTION('',(0.,0.,-1.));
#8767=FACE_OUTER_BOUND($,#8768,.T.);
#8768=EDGE_LOOP($,(#8780,#8790,#8801,#8769));
#8780=ORIENTED_EDGE('',*,*,#8445,.T.);
#8791=EDGE_CURVE($,#8544,#8436,#8796,.T.);
#8796=CIRCLE($,#8797,0.079375);
#8797=AXIS2_PLACEMENT_3D($,#8726,#8799,#8800);
#8799=DIRECTION('',(0.0,-1.0,0.0));
#8800=DIRECTION('',(-0.793,0.0,0.609));
#8790=ORIENTED_EDGE('',*,*,#8791,.F.);
#8801=ORIENTED_EDGE('',*,*,#8543,.T.);
#8770=EDGE_CURVE($,#8446,#8534,#8775,.T.);
#8775=CIRCLE($,#8776,0.079375);
#8776=AXIS2_PLACEMENT_3D($,#8747,#8778,#8779);
#8778=DIRECTION('',(0.0,1.0,0.0));
#8779=DIRECTION('',(0.793,0.0,-0.609));
#8769=ORIENTED_EDGE('',*,*,#8770,.F.);
#8811=STYLED_ITEM($,(#34),#8812);
#8812=ADVANCED_FACE($,(#8818),#8813,.F.);
#8813=CYLINDRICAL_SURFACE($,#8814,0.079375);
#8814=AXIS2_PLACEMENT_3D($,#8815,#8816,#8817);
#8815=CARTESIAN_POINT('',(4.304,-3.526,0.159));
#8816=DIRECTION('',(0.0,1.0,0.0));
#8817=DIRECTION('',(0.,0.,1.));
#8818=FACE_OUTER_BOUND($,#8819,.T.);
#8819=EDGE_LOOP($,(#8831,#8841,#8852,#8820));
#8831=ORIENTED_EDGE('',*,*,#8592,.T.);
#8842=EDGE_CURVE($,#8475,#8583,#8847,.T.);
#8847=CIRCLE($,#8848,0.079375);
#8849=CARTESIAN_POINT('',(4.304,-2.824,0.159));
#8848=AXIS2_PLACEMENT_3D($,#8849,#8850,#8851);
#8850=DIRECTION('',(0.0,-1.0,0.0));
#8851=DIRECTION('',(0.793,0.0,-0.609));
#8841=ORIENTED_EDGE('',*,*,#8842,.F.);
#8852=ORIENTED_EDGE('',*,*,#8474,.T.);
#8821=EDGE_CURVE($,#8593,#8477,#8826,.T.);
#8826=CIRCLE($,#8827,0.079375);
#8828=CARTESIAN_POINT('',(4.304,-3.526,0.159));
#8827=AXIS2_PLACEMENT_3D($,#8828,#8829,#8830);
#8829=DIRECTION('',(0.0,1.0,0.0));
#8830=DIRECTION('',(-0.793,0.0,0.609));
#8820=ORIENTED_EDGE('',*,*,#8821,.F.);
#8862=STYLED_ITEM($,(#34),#8863);
#8863=ADVANCED_FACE($,(#8869),#8864,.T.);
#8864=CYLINDRICAL_SURFACE($,#8865,0.15875);
#8865=AXIS2_PLACEMENT_3D($,#8866,#8867,#8868);
#8866=CARTESIAN_POINT('',(4.304,-3.526,0.159));
#8867=DIRECTION('',(0.0,1.0,0.0));
#8868=DIRECTION('',(0.,0.,-1.));
#8869=FACE_OUTER_BOUND($,#8870,.T.);
#8870=EDGE_LOOP($,(#8882,#8892,#8903,#8871));
#8882=ORIENTED_EDGE('',*,*,#8621,.T.);
#8893=EDGE_CURVE($,#8524,#8624,#8898,.T.);
#8898=CIRCLE($,#8899,0.15875);
#8899=AXIS2_PLACEMENT_3D($,#8828,#8901,#8902);
#8901=DIRECTION('',(0.0,-1.0,0.0));
#8902=DIRECTION('',(0.793,0.0,-0.609));
#8892=ORIENTED_EDGE('',*,*,#8893,.F.);
#8903=ORIENTED_EDGE('',*,*,#8523,.T.);
#8872=EDGE_CURVE($,#8622,#8526,#8877,.T.);
#8877=CIRCLE($,#8878,0.15875);
#8878=AXIS2_PLACEMENT_3D($,#8849,#8880,#8881);
#8880=DIRECTION('',(0.0,1.0,0.0));
#8881=DIRECTION('',(-0.793,0.0,0.609));
#8871=ORIENTED_EDGE('',*,*,#8872,.F.);
#8913=STYLED_ITEM('color',(#34),#8914);
#8914=ADVANCED_FACE($,(#8920),#8915,.T.);
#8915=PLANE($,#8916);
#8916=AXIS2_PLACEMENT_3D($,#8917,#8918,#8919);
#8917=CARTESIAN_POINT('',(3.454,-3.526,0.238));
#8918=DIRECTION('',(0.0,-1.0,0.0));
#8919=DIRECTION('',(1.,0.,0.));
#8920=FACE_OUTER_BOUND($,#8921,.T.);
#8921=EDGE_LOOP($,(#8924, #8934, #8944, #9007, #9018, #8954, #8965, #8975, #8985, #8995, #9028, #9038));
#8924=ORIENTED_EDGE('',*,*,#8386,.T.);
#8934=ORIENTED_EDGE('',*,*,#8337,.T.);
#8944=ORIENTED_EDGE('',*,*,#8455,.T.);
#9007=ORIENTED_EDGE('',*,*,#8770,.T.);
#9018=ORIENTED_EDGE('',*,*,#8533,.T.);
#8954=ORIENTED_EDGE('',*,*,#8893,.T.);
#8965=ORIENTED_EDGE('',*,*,#8651,.T.);
#8975=ORIENTED_EDGE('',*,*,#8700,.T.);
#8985=ORIENTED_EDGE('',*,*,#8602,.T.);
#8995=ORIENTED_EDGE('',*,*,#8821,.T.);
#9028=ORIENTED_EDGE('',*,*,#8504,.T.);
#9038=ORIENTED_EDGE('',*,*,#8740,.T.);
#9049=STYLED_ITEM('color',(#34),#9050);
#9050=ADVANCED_FACE($,(#9056),#9051,.T.);
#9051=PLANE($,#9052);
#9052=AXIS2_PLACEMENT_3D($,#9053,#9054,#9055);
#9053=CARTESIAN_POINT('',(4.304,-2.824,0.079));
#9054=DIRECTION('',(0.0,1.0,0.0));
#9055=DIRECTION('',(1.,0.,0.));
#9056=FACE_OUTER_BOUND($,#9057,.T.);
#9057=EDGE_LOOP($,(#9060, #9070, #9080, #9143, #9154, #9090, #9101, #9111, #9121, #9131, #9164, #9174));
#9060=ORIENTED_EDGE('',*,*,#8435,.T.);
#9070=ORIENTED_EDGE('',*,*,#8357,.T.);
#9080=ORIENTED_EDGE('',*,*,#8406,.T.);
#9143=ORIENTED_EDGE('',*,*,#8719,.T.);
#9154=ORIENTED_EDGE('',*,*,#8484,.T.);
#9090=ORIENTED_EDGE('',*,*,#8842,.T.);
#9101=ORIENTED_EDGE('',*,*,#8582,.T.);
#9111=ORIENTED_EDGE('',*,*,#8680,.T.);
#9121=ORIENTED_EDGE('',*,*,#8631,.T.);
#9131=ORIENTED_EDGE('',*,*,#8872,.T.);
#9164=ORIENTED_EDGE('',*,*,#8553,.T.);
#9174=ORIENTED_EDGE('',*,*,#8791,.T.);
#9185=MANIFOLD_SOLID_BREP($,#9186);
#9186=CLOSED_SHELL('',(#9188,#9237,#9286,#9335,#9384,#9433,#9482,#9531,#9580,#9631,#9682,#9733,#9784,#9920));
#9187=STYLED_ITEM('',(#34),#9188);
#9188=ADVANCED_FACE('',(#9194),#9189,.T.);
#9189=PLANE('',#9190);
#9190=AXIS2_PLACEMENT_3D('',#9191,#9192,#9193);
#9191=CARTESIAN_POINT('',(3.454,-1.554,0.238));
#9192=DIRECTION('',(-1.0,0.0,0.0));
#9193=DIRECTION('',(0.,0.,1.));
#9194=FACE_OUTER_BOUND('',#9195,.T.);
#9195=EDGE_LOOP('',(#9196,#9206,#9216,#9226));
#9199=CARTESIAN_POINT('',(3.454,-2.256,0.238));
#9198=VERTEX_POINT('',#9199);
#9201=CARTESIAN_POINT('',(3.454,-1.554,0.238));
#9200=VERTEX_POINT('',#9201);
#9197=EDGE_CURVE('',#9198,#9200,#9202,.T.);
#9202=LINE('',#9199,#9204);
#9204=VECTOR('',#9205,0.702055988260172);
#9205=DIRECTION('',(0.0,1.0,0.0));
#9196=ORIENTED_EDGE('',*,*,#9197,.F.);
#9209=CARTESIAN_POINT('',(3.454,-2.256,0.318));
#9208=VERTEX_POINT('',#9209);
#9207=EDGE_CURVE('',#9208,#9198,#9212,.T.);
#9212=LINE('',#9209,#9214);
#9214=VECTOR('',#9215,0.079375);
#9215=DIRECTION('',(0.0,0.0,-1.0));
#9206=ORIENTED_EDGE('',*,*,#9207,.F.);
#9219=CARTESIAN_POINT('',(3.454,-1.554,0.318));
#9218=VERTEX_POINT('',#9219);
#9217=EDGE_CURVE('',#9218,#9208,#9222,.T.);
#9222=LINE('',#9219,#9224);
#9224=VECTOR('',#9225,0.702055988260172);
#9225=DIRECTION('',(0.0,-1.0,0.0));
#9216=ORIENTED_EDGE('',*,*,#9217,.F.);
#9227=EDGE_CURVE('',#9200,#9218,#9232,.T.);
#9232=LINE('',#9201,#9234);
#9234=VECTOR('',#9235,0.079375);
#9235=DIRECTION('',(0.0,0.0,1.0));
#9226=ORIENTED_EDGE('',*,*,#9227,.F.);
#9236=STYLED_ITEM('',(#34),#9237);
#9237=ADVANCED_FACE('',(#9243),#9238,.T.);
#9238=PLANE('',#9239);
#9239=AXIS2_PLACEMENT_3D('',#9240,#9241,#9242);
#9240=CARTESIAN_POINT('',(3.454,-1.554,0.318));
#9241=DIRECTION('',(0.0,0.0,1.0));
#9242=DIRECTION('',(0.,1.,0.));
#9243=FACE_OUTER_BOUND('',#9244,.T.);
#9244=EDGE_LOOP('',(#9245,#9255,#9265,#9275));
#9245=ORIENTED_EDGE('',*,*,#9217,.T.);
#9258=CARTESIAN_POINT('',(4.058,-2.256,0.318));
#9257=VERTEX_POINT('',#9258);
#9256=EDGE_CURVE('',#9257,#9208,#9261,.T.);
#9261=LINE('',#9258,#9263);
#9263=VECTOR('',#9264,0.603431529943131);
#9264=DIRECTION('',(-1.0,0.0,0.0));
#9255=ORIENTED_EDGE('',*,*,#9256,.F.);
#9268=CARTESIAN_POINT('',(4.058,-1.554,0.318));
#9267=VERTEX_POINT('',#9268);
#9266=EDGE_CURVE('',#9267,#9257,#9271,.T.);
#9271=LINE('',#9268,#9273);
#9273=VECTOR('',#9274,0.702055988653471);
#9274=DIRECTION('',(0.0,-1.0,0.0));
#9265=ORIENTED_EDGE('',*,*,#9266,.F.);
#9276=EDGE_CURVE('',#9218,#9267,#9281,.T.);
#9281=LINE('',#9219,#9283);
#9283=VECTOR('',#9284,0.603431529943131);
#9284=DIRECTION('',(1.0,0.0,0.0));
#9275=ORIENTED_EDGE('',*,*,#9276,.F.);
#9285=STYLED_ITEM('',(#34),#9286);
#9286=ADVANCED_FACE('',(#9292),#9287,.T.);
#9287=PLANE('',#9288);
#9288=AXIS2_PLACEMENT_3D('',#9289,#9290,#9291);
#9289=CARTESIAN_POINT('',(3.454,-2.256,0.238));
#9290=DIRECTION('',(0.0,0.0,-1.0));
#9291=DIRECTION('',(0.,1.,0.));
#9292=FACE_OUTER_BOUND('',#9293,.T.);
#9293=EDGE_LOOP('',(#9294,#9304,#9314,#9324));
#9294=ORIENTED_EDGE('',*,*,#9197,.T.);
#9307=CARTESIAN_POINT('',(4.058,-1.554,0.238));
#9306=VERTEX_POINT('',#9307);
#9305=EDGE_CURVE('',#9306,#9200,#9310,.T.);
#9310=LINE('',#9307,#9312);
#9312=VECTOR('',#9313,0.603431529943131);
#9313=DIRECTION('',(-1.0,0.0,0.0));
#9304=ORIENTED_EDGE('',*,*,#9305,.F.);
#9317=CARTESIAN_POINT('',(4.058,-2.256,0.238));
#9316=VERTEX_POINT('',#9317);
#9315=EDGE_CURVE('',#9316,#9306,#9320,.T.);
#9320=LINE('',#9317,#9322);
#9322=VECTOR('',#9323,0.702055988653471);
#9323=DIRECTION('',(0.0,1.0,0.0));
#9314=ORIENTED_EDGE('',*,*,#9315,.F.);
#9325=EDGE_CURVE('',#9198,#9316,#9330,.T.);
#9330=LINE('',#9199,#9332);
#9332=VECTOR('',#9333,0.603431529943131);
#9333=DIRECTION('',(1.0,0.0,0.0));
#9324=ORIENTED_EDGE('',*,*,#9325,.F.);
#9334=STYLED_ITEM('',(#34),#9335);
#9335=ADVANCED_FACE('',(#9341),#9336,.T.);
#9336=PLANE('',#9337);
#9337=AXIS2_PLACEMENT_3D('',#9338,#9339,#9340);
#9338=CARTESIAN_POINT('',(4.228,-2.256,0.138));
#9339=DIRECTION('',(0.966,0.0,0.259));
#9340=DIRECTION('',(0.,0.,1.));
#9341=FACE_OUTER_BOUND('',#9342,.T.);
#9342=EDGE_LOOP('',(#9343,#9353,#9363,#9373));
#9346=CARTESIAN_POINT('',(4.228,-1.554,0.138));
#9345=VERTEX_POINT('',#9346);
#9348=CARTESIAN_POINT('',(4.228,-2.256,0.138));
#9347=VERTEX_POINT('',#9348);
#9344=EDGE_CURVE('',#9345,#9347,#9349,.T.);
#9349=LINE('',#9346,#9351);
#9351=VECTOR('',#9352,0.702055988954794);
#9352=DIRECTION('',(0.0,-1.0,0.0));
#9343=ORIENTED_EDGE('',*,*,#9344,.F.);
#9356=CARTESIAN_POINT('',(4.211,-1.554,0.2));
#9355=VERTEX_POINT('',#9356);
#9354=EDGE_CURVE('',#9355,#9345,#9359,.T.);
#9359=LINE('',#9356,#9361);
#9361=VECTOR('',#9362,0.0638046201988475);
#9362=DIRECTION('',(0.259,0.0,-0.966));
#9353=ORIENTED_EDGE('',*,*,#9354,.F.);
#9366=CARTESIAN_POINT('',(4.211,-2.256,0.2));
#9365=VERTEX_POINT('',#9366);
#9364=EDGE_CURVE('',#9365,#9355,#9369,.T.);
#9369=LINE('',#9366,#9371);
#9371=VECTOR('',#9372,0.702055988917149);
#9372=DIRECTION('',(0.0,1.0,0.0));
#9363=ORIENTED_EDGE('',*,*,#9364,.F.);
#9374=EDGE_CURVE('',#9347,#9365,#9379,.T.);
#9379=LINE('',#9348,#9381);
#9381=VECTOR('',#9382,0.0638046201988475);
#9382=DIRECTION('',(-0.259,0.0,0.966));
#9373=ORIENTED_EDGE('',*,*,#9374,.F.);
#9383=STYLED_ITEM('',(#34),#9384);
#9384=ADVANCED_FACE('',(#9390),#9385,.T.);
#9385=PLANE('',#9386);
#9386=AXIS2_PLACEMENT_3D('',#9387,#9388,#9389);
#9387=CARTESIAN_POINT('',(4.151,-1.554,0.118));
#9388=DIRECTION('',(-0.966,0.0,-0.259));
#9389=DIRECTION('',(0.,0.,1.));
#9390=FACE_OUTER_BOUND('',#9391,.T.);
#9391=EDGE_LOOP('',(#9392,#9402,#9412,#9422));
#9395=CARTESIAN_POINT('',(4.151,-2.256,0.118));
#9394=VERTEX_POINT('',#9395);
#9397=CARTESIAN_POINT('',(4.151,-1.554,0.118));
#9396=VERTEX_POINT('',#9397);
#9393=EDGE_CURVE('',#9394,#9396,#9398,.T.);
#9398=LINE('',#9395,#9400);
#9400=VECTOR('',#9401,0.702055988797257);
#9401=DIRECTION('',(0.0,1.0,0.0));
#9392=ORIENTED_EDGE('',*,*,#9393,.F.);
#9405=CARTESIAN_POINT('',(4.135,-2.256,0.179));
#9404=VERTEX_POINT('',#9405);
#9403=EDGE_CURVE('',#9404,#9394,#9408,.T.);
#9408=LINE('',#9405,#9410);
#9410=VECTOR('',#9411,0.0638046202012119);
#9411=DIRECTION('',(0.259,0.0,-0.966));
#9402=ORIENTED_EDGE('',*,*,#9403,.F.);
#9415=CARTESIAN_POINT('',(4.135,-1.554,0.179));
#9414=VERTEX_POINT('',#9415);
#9413=EDGE_CURVE('',#9414,#9404,#9418,.T.);
#9418=LINE('',#9415,#9420);
#9420=VECTOR('',#9421,0.702055988768467);
#9421=DIRECTION('',(0.0,-1.0,0.0));
#9412=ORIENTED_EDGE('',*,*,#9413,.F.);
#9423=EDGE_CURVE('',#9396,#9414,#9428,.T.);
#9428=LINE('',#9397,#9430);
#9430=VECTOR('',#9431,0.0638046202012121);
#9431=DIRECTION('',(-0.259,0.0,0.966));
#9422=ORIENTED_EDGE('',*,*,#9423,.F.);
#9432=STYLED_ITEM('',(#34),#9433);
#9433=ADVANCED_FACE('',(#9439),#9434,.T.);
#9434=PLANE('',#9435);
#9435=AXIS2_PLACEMENT_3D('',#9436,#9437,#9438);
#9436=CARTESIAN_POINT('',(4.908,-2.256,0.079));
#9437=DIRECTION('',(0.0,0.0,1.0));
#9438=DIRECTION('',(0.,1.,0.));
#9439=FACE_OUTER_BOUND('',#9440,.T.);
#9440=EDGE_LOOP('',(#9441,#9451,#9461,#9471));
#9444=CARTESIAN_POINT('',(4.908,-1.554,0.079));
#9443=VERTEX_POINT('',#9444);
#9446=CARTESIAN_POINT('',(4.908,-2.256,0.079));
#9445=VERTEX_POINT('',#9446);
#9442=EDGE_CURVE('',#9443,#9445,#9447,.T.);
#9447=LINE('',#9444,#9449);
#9449=VECTOR('',#9450,0.702056);
#9450=DIRECTION('',(0.0,-1.0,0.0));
#9441=ORIENTED_EDGE('',*,*,#9442,.F.);
#9454=CARTESIAN_POINT('',(4.304,-1.554,0.079));
#9453=VERTEX_POINT('',#9454);
#9452=EDGE_CURVE('',#9453,#9443,#9457,.T.);
#9457=LINE('',#9454,#9459);
#9459=VECTOR('',#9460,0.603431524614585);
#9460=DIRECTION('',(1.0,0.0,0.0));
#9451=ORIENTED_EDGE('',*,*,#9452,.F.);
#9464=CARTESIAN_POINT('',(4.304,-2.256,0.079));
#9463=VERTEX_POINT('',#9464);
#9462=EDGE_CURVE('',#9463,#9453,#9467,.T.);
#9467=LINE('',#9464,#9469);
#9469=VECTOR('',#9470,0.702055989163484);
#9470=DIRECTION('',(0.0,1.0,0.0));
#9461=ORIENTED_EDGE('',*,*,#9462,.F.);
#9472=EDGE_CURVE('',#9445,#9463,#9477,.T.);
#9477=LINE('',#9446,#9479);
#9479=VECTOR('',#9480,0.603431524614585);
#9480=DIRECTION('',(-1.0,0.0,0.0));
#9471=ORIENTED_EDGE('',*,*,#9472,.F.);
#9481=STYLED_ITEM('',(#34),#9482);
#9482=ADVANCED_FACE('',(#9488),#9483,.T.);
#9483=PLANE('',#9484);
#9484=AXIS2_PLACEMENT_3D('',#9485,#9486,#9487);
#9485=CARTESIAN_POINT('',(4.304,-2.256,0.0));
#9486=DIRECTION('',(0.0,0.0,-1.0));
#9487=DIRECTION('',(0.,1.,0.));
#9488=FACE_OUTER_BOUND('',#9489,.T.);
#9489=EDGE_LOOP('',(#9490,#9500,#9510,#9520));
#9493=CARTESIAN_POINT('',(4.304,-1.554,0.0));
#9492=VERTEX_POINT('',#9493);
#9495=CARTESIAN_POINT('',(4.304,-2.256,0.0));
#9494=VERTEX_POINT('',#9495);
#9491=EDGE_CURVE('',#9492,#9494,#9496,.T.);
#9496=LINE('',#9493,#9498);
#9498=VECTOR('',#9499,0.702055989163484);
#9499=DIRECTION('',(0.0,-1.0,0.0));
#9490=ORIENTED_EDGE('',*,*,#9491,.F.);
#9503=CARTESIAN_POINT('',(4.908,-1.554,0.0));
#9502=VERTEX_POINT('',#9503);
#9501=EDGE_CURVE('',#9502,#9492,#9506,.T.);
#9506=LINE('',#9503,#9508);
#9508=VECTOR('',#9509,0.603431524614585);
#9509=DIRECTION('',(-1.0,0.0,0.0));
#9500=ORIENTED_EDGE('',*,*,#9501,.F.);
#9513=CARTESIAN_POINT('',(4.908,-2.256,0.0));
#9512=VERTEX_POINT('',#9513);
#9511=EDGE_CURVE('',#9512,#9502,#9516,.T.);
#9516=LINE('',#9513,#9518);
#9518=VECTOR('',#9519,0.702056);
#9519=DIRECTION('',(0.0,1.0,0.0));
#9510=ORIENTED_EDGE('',*,*,#9511,.F.);
#9521=EDGE_CURVE('',#9494,#9512,#9526,.T.);
#9526=LINE('',#9495,#9528);
#9528=VECTOR('',#9529,0.603431524614585);
#9529=DIRECTION('',(1.0,0.0,0.0));
#9520=ORIENTED_EDGE('',*,*,#9521,.F.);
#9530=STYLED_ITEM('',(#34),#9531);
#9531=ADVANCED_FACE('',(#9537),#9532,.T.);
#9532=PLANE('',#9533);
#9533=AXIS2_PLACEMENT_3D('',#9534,#9535,#9536);
#9534=CARTESIAN_POINT('',(4.908,-2.256,0.0));
#9535=DIRECTION('',(1.0,0.0,0.0));
#9536=DIRECTION('',(0.,0.,1.));
#9537=FACE_OUTER_BOUND('',#9538,.T.);
#9538=EDGE_LOOP('',(#9539,#9549,#9559,#9569));
#9539=ORIENTED_EDGE('',*,*,#9511,.T.);
#9550=EDGE_CURVE('',#9443,#9502,#9555,.T.);
#9555=LINE('',#9444,#9557);
#9557=VECTOR('',#9558,0.079375);
#9558=DIRECTION('',(0.0,0.0,-1.0));
#9549=ORIENTED_EDGE('',*,*,#9550,.F.);
#9559=ORIENTED_EDGE('',*,*,#9442,.T.);
#9570=EDGE_CURVE('',#9512,#9445,#9575,.T.);
#9575=LINE('',#9513,#9577);
#9577=VECTOR('',#9578,0.079375);
#9578=DIRECTION('',(0.0,0.0,1.0));
#9569=ORIENTED_EDGE('',*,*,#9570,.F.);
#9579=STYLED_ITEM($,(#34),#9580);
#9580=ADVANCED_FACE($,(#9586),#9581,.T.);
#9581=CYLINDRICAL_SURFACE($,#9582,0.15875);
#9582=AXIS2_PLACEMENT_3D($,#9583,#9584,#9585);
#9583=CARTESIAN_POINT('',(4.058,-1.554,0.159));
#9584=DIRECTION('',(0.0,1.0,0.0));
#9585=DIRECTION('',(0.,0.,1.));
#9586=FACE_OUTER_BOUND($,#9587,.T.);
#9587=EDGE_LOOP($,(#9599,#9609,#9620,#9588));
#9599=ORIENTED_EDGE('',*,*,#9266,.T.);
#9610=EDGE_CURVE($,#9365,#9257,#9615,.T.);
#9615=CIRCLE($,#9616,0.15875);
#9617=CARTESIAN_POINT('',(4.058,-2.256,0.159));
#9616=AXIS2_PLACEMENT_3D($,#9617,#9618,#9619);
#9618=DIRECTION('',(0.0,-1.0,0.0));
#9619=DIRECTION('',(-0.793,0.0,0.609));
#9609=ORIENTED_EDGE('',*,*,#9610,.F.);
#9620=ORIENTED_EDGE('',*,*,#9364,.T.);
#9589=EDGE_CURVE($,#9267,#9355,#9594,.T.);
#9594=CIRCLE($,#9595,0.15875);
#9596=CARTESIAN_POINT('',(4.058,-1.554,0.159));
#9595=AXIS2_PLACEMENT_3D($,#9596,#9597,#9598);
#9597=DIRECTION('',(0.0,1.0,0.0));
#9598=DIRECTION('',(0.793,0.0,-0.609));
#9588=ORIENTED_EDGE('',*,*,#9589,.F.);
#9630=STYLED_ITEM($,(#34),#9631);
#9631=ADVANCED_FACE($,(#9637),#9632,.F.);
#9632=CYLINDRICAL_SURFACE($,#9633,0.079375);
#9633=AXIS2_PLACEMENT_3D($,#9634,#9635,#9636);
#9634=CARTESIAN_POINT('',(4.058,-2.256,0.159));
#9635=DIRECTION('',(0.0,1.0,0.0));
#9636=DIRECTION('',(0.,0.,-1.));
#9637=FACE_OUTER_BOUND($,#9638,.T.);
#9638=EDGE_LOOP($,(#9650,#9660,#9671,#9639));
#9650=ORIENTED_EDGE('',*,*,#9315,.T.);
#9661=EDGE_CURVE($,#9414,#9306,#9666,.T.);
#9666=CIRCLE($,#9667,0.079375);
#9667=AXIS2_PLACEMENT_3D($,#9596,#9669,#9670);
#9669=DIRECTION('',(0.0,-1.0,0.0));
#9670=DIRECTION('',(-0.793,0.0,0.609));
#9660=ORIENTED_EDGE('',*,*,#9661,.F.);
#9671=ORIENTED_EDGE('',*,*,#9413,.T.);
#9640=EDGE_CURVE($,#9316,#9404,#9645,.T.);
#9645=CIRCLE($,#9646,0.079375);
#9646=AXIS2_PLACEMENT_3D($,#9617,#9648,#9649);
#9648=DIRECTION('',(0.0,1.0,0.0));
#9649=DIRECTION('',(0.793,0.0,-0.609));
#9639=ORIENTED_EDGE('',*,*,#9640,.F.);
#9681=STYLED_ITEM($,(#34),#9682);
#9682=ADVANCED_FACE($,(#9688),#9683,.F.);
#9683=CYLINDRICAL_SURFACE($,#9684,0.079375);
#9684=AXIS2_PLACEMENT_3D($,#9685,#9686,#9687);
#9685=CARTESIAN_POINT('',(4.304,-2.256,0.159));
#9686=DIRECTION('',(0.0,1.0,0.0));
#9687=DIRECTION('',(0.,0.,1.));
#9688=FACE_OUTER_BOUND($,#9689,.T.);
#9689=EDGE_LOOP($,(#9701,#9711,#9722,#9690));
#9701=ORIENTED_EDGE('',*,*,#9462,.T.);
#9712=EDGE_CURVE($,#9345,#9453,#9717,.T.);
#9717=CIRCLE($,#9718,0.079375);
#9719=CARTESIAN_POINT('',(4.304,-1.554,0.159));
#9718=AXIS2_PLACEMENT_3D($,#9719,#9720,#9721);
#9720=DIRECTION('',(0.0,-1.0,0.0));
#9721=DIRECTION('',(0.793,0.0,-0.609));
#9711=ORIENTED_EDGE('',*,*,#9712,.F.);
#9722=ORIENTED_EDGE('',*,*,#9344,.T.);
#9691=EDGE_CURVE($,#9463,#9347,#9696,.T.);
#9696=CIRCLE($,#9697,0.079375);
#9698=CARTESIAN_POINT('',(4.304,-2.256,0.159));
#9697=AXIS2_PLACEMENT_3D($,#9698,#9699,#9700);
#9699=DIRECTION('',(0.0,1.0,0.0));
#9700=DIRECTION('',(-0.793,0.0,0.609));
#9690=ORIENTED_EDGE('',*,*,#9691,.F.);
#9732=STYLED_ITEM($,(#34),#9733);
#9733=ADVANCED_FACE($,(#9739),#9734,.T.);
#9734=CYLINDRICAL_SURFACE($,#9735,0.15875);
#9735=AXIS2_PLACEMENT_3D($,#9736,#9737,#9738);
#9736=CARTESIAN_POINT('',(4.304,-2.256,0.159));
#9737=DIRECTION('',(0.0,1.0,0.0));
#9738=DIRECTION('',(0.,0.,-1.));
#9739=FACE_OUTER_BOUND($,#9740,.T.);
#9740=EDGE_LOOP($,(#9752,#9762,#9773,#9741));
#9752=ORIENTED_EDGE('',*,*,#9491,.T.);
#9763=EDGE_CURVE($,#9394,#9494,#9768,.T.);
#9768=CIRCLE($,#9769,0.15875);
#9769=AXIS2_PLACEMENT_3D($,#9698,#9771,#9772);
#9771=DIRECTION('',(0.0,-1.0,0.0));
#9772=DIRECTION('',(0.793,0.0,-0.609));
#9762=ORIENTED_EDGE('',*,*,#9763,.F.);
#9773=ORIENTED_EDGE('',*,*,#9393,.T.);
#9742=EDGE_CURVE($,#9492,#9396,#9747,.T.);
#9747=CIRCLE($,#9748,0.15875);
#9748=AXIS2_PLACEMENT_3D($,#9719,#9750,#9751);
#9750=DIRECTION('',(0.0,1.0,0.0));
#9751=DIRECTION('',(-0.793,0.0,0.609));
#9741=ORIENTED_EDGE('',*,*,#9742,.F.);
#9783=STYLED_ITEM('color',(#34),#9784);
#9784=ADVANCED_FACE($,(#9790),#9785,.T.);
#9785=PLANE($,#9786);
#9786=AXIS2_PLACEMENT_3D($,#9787,#9788,#9789);
#9787=CARTESIAN_POINT('',(3.454,-2.256,0.238));
#9788=DIRECTION('',(0.0,-1.0,0.0));
#9789=DIRECTION('',(1.,0.,0.));
#9790=FACE_OUTER_BOUND($,#9791,.T.);
#9791=EDGE_LOOP($,(#9794, #9804, #9814, #9877, #9888, #9824, #9835, #9845, #9855, #9865, #9898, #9908));
#9794=ORIENTED_EDGE('',*,*,#9256,.T.);
#9804=ORIENTED_EDGE('',*,*,#9207,.T.);
#9814=ORIENTED_EDGE('',*,*,#9325,.T.);
#9877=ORIENTED_EDGE('',*,*,#9640,.T.);
#9888=ORIENTED_EDGE('',*,*,#9403,.T.);
#9824=ORIENTED_EDGE('',*,*,#9763,.T.);
#9835=ORIENTED_EDGE('',*,*,#9521,.T.);
#9845=ORIENTED_EDGE('',*,*,#9570,.T.);
#9855=ORIENTED_EDGE('',*,*,#9472,.T.);
#9865=ORIENTED_EDGE('',*,*,#9691,.T.);
#9898=ORIENTED_EDGE('',*,*,#9374,.T.);
#9908=ORIENTED_EDGE('',*,*,#9610,.T.);
#9919=STYLED_ITEM('color',(#34),#9920);
#9920=ADVANCED_FACE($,(#9926),#9921,.T.);
#9921=PLANE($,#9922);
#9922=AXIS2_PLACEMENT_3D($,#9923,#9924,#9925);
#9923=CARTESIAN_POINT('',(4.304,-1.554,0.079));
#9924=DIRECTION('',(0.0,1.0,0.0));
#9925=DIRECTION('',(1.,0.,0.));
#9926=FACE_OUTER_BOUND($,#9927,.T.);
#9927=EDGE_LOOP($,(#9930, #9940, #9950, #10013, #10024, #9960, #9971, #9981, #9991, #10001, #10034, #10044));
#9930=ORIENTED_EDGE('',*,*,#9305,.T.);
#9940=ORIENTED_EDGE('',*,*,#9227,.T.);
#9950=ORIENTED_EDGE('',*,*,#9276,.T.);
#10013=ORIENTED_EDGE('',*,*,#9589,.T.);
#10024=ORIENTED_EDGE('',*,*,#9354,.T.);
#9960=ORIENTED_EDGE('',*,*,#9712,.T.);
#9971=ORIENTED_EDGE('',*,*,#9452,.T.);
#9981=ORIENTED_EDGE('',*,*,#9550,.T.);
#9991=ORIENTED_EDGE('',*,*,#9501,.T.);
#10001=ORIENTED_EDGE('',*,*,#9742,.T.);
#10034=ORIENTED_EDGE('',*,*,#9423,.T.);
#10044=ORIENTED_EDGE('',*,*,#9661,.T.);
#10055=MANIFOLD_SOLID_BREP($,#10056);
#10056=CLOSED_SHELL('',(#10058,#10107,#10156,#10205,#10254,#10303,#10352,#10401,#10450,#10501,#10552,#10603,#10654,#10790));
#10057=STYLED_ITEM('',(#34),#10058);
#10058=ADVANCED_FACE('',(#10064),#10059,.T.);
#10059=PLANE('',#10060);
#10060=AXIS2_PLACEMENT_3D('',#10061,#10062,#10063);
#10061=CARTESIAN_POINT('',(3.454,-0.284,0.238));
#10062=DIRECTION('',(-1.0,0.0,0.0));
#10063=DIRECTION('',(0.,0.,1.));
#10064=FACE_OUTER_BOUND('',#10065,.T.);
#10065=EDGE_LOOP('',(#10066,#10076,#10086,#10096));
#10069=CARTESIAN_POINT('',(3.454,-0.986,0.238));
#10068=VERTEX_POINT('',#10069);
#10071=CARTESIAN_POINT('',(3.454,-0.284,0.238));
#10070=VERTEX_POINT('',#10071);
#10067=EDGE_CURVE('',#10068,#10070,#10072,.T.);
#10072=LINE('',#10069,#10074);
#10074=VECTOR('',#10075,0.702055988260173);
#10075=DIRECTION('',(0.0,1.0,0.0));
#10066=ORIENTED_EDGE('',*,*,#10067,.F.);
#10079=CARTESIAN_POINT('',(3.454,-0.986,0.318));
#10078=VERTEX_POINT('',#10079);
#10077=EDGE_CURVE('',#10078,#10068,#10082,.T.);
#10082=LINE('',#10079,#10084);
#10084=VECTOR('',#10085,0.079375);
#10085=DIRECTION('',(0.0,0.0,-1.0));
#10076=ORIENTED_EDGE('',*,*,#10077,.F.);
#10089=CARTESIAN_POINT('',(3.454,-0.284,0.318));
#10088=VERTEX_POINT('',#10089);
#10087=EDGE_CURVE('',#10088,#10078,#10092,.T.);
#10092=LINE('',#10089,#10094);
#10094=VECTOR('',#10095,0.702055988260173);
#10095=DIRECTION('',(0.0,-1.0,0.0));
#10086=ORIENTED_EDGE('',*,*,#10087,.F.);
#10097=EDGE_CURVE('',#10070,#10088,#10102,.T.);
#10102=LINE('',#10071,#10104);
#10104=VECTOR('',#10105,0.079375);
#10105=DIRECTION('',(0.0,0.0,1.0));
#10096=ORIENTED_EDGE('',*,*,#10097,.F.);
#10106=STYLED_ITEM('',(#34),#10107);
#10107=ADVANCED_FACE('',(#10113),#10108,.T.);
#10108=PLANE('',#10109);
#10109=AXIS2_PLACEMENT_3D('',#10110,#10111,#10112);
#10110=CARTESIAN_POINT('',(3.454,-0.284,0.318));
#10111=DIRECTION('',(0.0,0.0,1.0));
#10112=DIRECTION('',(0.,1.,0.));
#10113=FACE_OUTER_BOUND('',#10114,.T.);
#10114=EDGE_LOOP('',(#10115,#10125,#10135,#10145));
#10115=ORIENTED_EDGE('',*,*,#10087,.T.);
#10128=CARTESIAN_POINT('',(4.058,-0.986,0.318));
#10127=VERTEX_POINT('',#10128);
#10126=EDGE_CURVE('',#10127,#10078,#10131,.T.);
#10131=LINE('',#10128,#10133);
#10133=VECTOR('',#10134,0.603431529943131);
#10134=DIRECTION('',(-1.0,0.0,0.0));
#10125=ORIENTED_EDGE('',*,*,#10126,.F.);
#10138=CARTESIAN_POINT('',(4.058,-0.284,0.318));
#10137=VERTEX_POINT('',#10138);
#10136=EDGE_CURVE('',#10137,#10127,#10141,.T.);
#10141=LINE('',#10138,#10143);
#10143=VECTOR('',#10144,0.702055988653471);
#10144=DIRECTION('',(0.0,-1.0,0.0));
#10135=ORIENTED_EDGE('',*,*,#10136,.F.);
#10146=EDGE_CURVE('',#10088,#10137,#10151,.T.);
#10151=LINE('',#10089,#10153);
#10153=VECTOR('',#10154,0.603431529943131);
#10154=DIRECTION('',(1.0,0.0,0.0));
#10145=ORIENTED_EDGE('',*,*,#10146,.F.);
#10155=STYLED_ITEM('',(#34),#10156);
#10156=ADVANCED_FACE('',(#10162),#10157,.T.);
#10157=PLANE('',#10158);
#10158=AXIS2_PLACEMENT_3D('',#10159,#10160,#10161);
#10159=CARTESIAN_POINT('',(3.454,-0.986,0.238));
#10160=DIRECTION('',(0.0,0.0,-1.0));
#10161=DIRECTION('',(0.,1.,0.));
#10162=FACE_OUTER_BOUND('',#10163,.T.);
#10163=EDGE_LOOP('',(#10164,#10174,#10184,#10194));
#10164=ORIENTED_EDGE('',*,*,#10067,.T.);
#10177=CARTESIAN_POINT('',(4.058,-0.284,0.238));
#10176=VERTEX_POINT('',#10177);
#10175=EDGE_CURVE('',#10176,#10070,#10180,.T.);
#10180=LINE('',#10177,#10182);
#10182=VECTOR('',#10183,0.603431529943131);
#10183=DIRECTION('',(-1.0,0.0,0.0));
#10174=ORIENTED_EDGE('',*,*,#10175,.F.);
#10187=CARTESIAN_POINT('',(4.058,-0.986,0.238));
#10186=VERTEX_POINT('',#10187);
#10185=EDGE_CURVE('',#10186,#10176,#10190,.T.);
#10190=LINE('',#10187,#10192);
#10192=VECTOR('',#10193,0.702055988653471);
#10193=DIRECTION('',(0.0,1.0,0.0));
#10184=ORIENTED_EDGE('',*,*,#10185,.F.);
#10195=EDGE_CURVE('',#10068,#10186,#10200,.T.);
#10200=LINE('',#10069,#10202);
#10202=VECTOR('',#10203,0.603431529943131);
#10203=DIRECTION('',(1.0,0.0,0.0));
#10194=ORIENTED_EDGE('',*,*,#10195,.F.);
#10204=STYLED_ITEM('',(#34),#10205);
#10205=ADVANCED_FACE('',(#10211),#10206,.T.);
#10206=PLANE('',#10207);
#10207=AXIS2_PLACEMENT_3D('',#10208,#10209,#10210);
#10208=CARTESIAN_POINT('',(4.228,-0.986,0.138));
#10209=DIRECTION('',(0.966,0.0,0.259));
#10210=DIRECTION('',(0.,0.,1.));
#10211=FACE_OUTER_BOUND('',#10212,.T.);
#10212=EDGE_LOOP('',(#10213,#10223,#10233,#10243));
#10216=CARTESIAN_POINT('',(4.228,-0.284,0.138));
#10215=VERTEX_POINT('',#10216);
#10218=CARTESIAN_POINT('',(4.228,-0.986,0.138));
#10217=VERTEX_POINT('',#10218);
#10214=EDGE_CURVE('',#10215,#10217,#10219,.T.);
#10219=LINE('',#10216,#10221);
#10221=VECTOR('',#10222,0.702055988954794);
#10222=DIRECTION('',(0.0,-1.0,0.0));
#10213=ORIENTED_EDGE('',*,*,#10214,.F.);
#10226=CARTESIAN_POINT('',(4.211,-0.284,0.2));
#10225=VERTEX_POINT('',#10226);
#10224=EDGE_CURVE('',#10225,#10215,#10229,.T.);
#10229=LINE('',#10226,#10231);
#10231=VECTOR('',#10232,0.0638046201988475);
#10232=DIRECTION('',(0.259,0.0,-0.966));
#10223=ORIENTED_EDGE('',*,*,#10224,.F.);
#10236=CARTESIAN_POINT('',(4.211,-0.986,0.2));
#10235=VERTEX_POINT('',#10236);
#10234=EDGE_CURVE('',#10235,#10225,#10239,.T.);
#10239=LINE('',#10236,#10241);
#10241=VECTOR('',#10242,0.702055988917149);
#10242=DIRECTION('',(0.0,1.0,0.0));
#10233=ORIENTED_EDGE('',*,*,#10234,.F.);
#10244=EDGE_CURVE('',#10217,#10235,#10249,.T.);
#10249=LINE('',#10218,#10251);
#10251=VECTOR('',#10252,0.0638046201988475);
#10252=DIRECTION('',(-0.259,0.0,0.966));
#10243=ORIENTED_EDGE('',*,*,#10244,.F.);
#10253=STYLED_ITEM('',(#34),#10254);
#10254=ADVANCED_FACE('',(#10260),#10255,.T.);
#10255=PLANE('',#10256);
#10256=AXIS2_PLACEMENT_3D('',#10257,#10258,#10259);
#10257=CARTESIAN_POINT('',(4.151,-0.284,0.118));
#10258=DIRECTION('',(-0.966,0.0,-0.259));
#10259=DIRECTION('',(0.,0.,1.));
#10260=FACE_OUTER_BOUND('',#10261,.T.);
#10261=EDGE_LOOP('',(#10262,#10272,#10282,#10292));
#10265=CARTESIAN_POINT('',(4.151,-0.986,0.118));
#10264=VERTEX_POINT('',#10265);
#10267=CARTESIAN_POINT('',(4.151,-0.284,0.118));
#10266=VERTEX_POINT('',#10267);
#10263=EDGE_CURVE('',#10264,#10266,#10268,.T.);
#10268=LINE('',#10265,#10270);
#10270=VECTOR('',#10271,0.702055988797257);
#10271=DIRECTION('',(0.0,1.0,0.0));
#10262=ORIENTED_EDGE('',*,*,#10263,.F.);
#10275=CARTESIAN_POINT('',(4.135,-0.986,0.179));
#10274=VERTEX_POINT('',#10275);
#10273=EDGE_CURVE('',#10274,#10264,#10278,.T.);
#10278=LINE('',#10275,#10280);
#10280=VECTOR('',#10281,0.0638046202012119);
#10281=DIRECTION('',(0.259,0.0,-0.966));
#10272=ORIENTED_EDGE('',*,*,#10273,.F.);
#10285=CARTESIAN_POINT('',(4.135,-0.284,0.179));
#10284=VERTEX_POINT('',#10285);
#10283=EDGE_CURVE('',#10284,#10274,#10288,.T.);
#10288=LINE('',#10285,#10290);
#10290=VECTOR('',#10291,0.702055988768467);
#10291=DIRECTION('',(0.0,-1.0,0.0));
#10282=ORIENTED_EDGE('',*,*,#10283,.F.);
#10293=EDGE_CURVE('',#10266,#10284,#10298,.T.);
#10298=LINE('',#10267,#10300);
#10300=VECTOR('',#10301,0.0638046202012121);
#10301=DIRECTION('',(-0.259,0.0,0.966));
#10292=ORIENTED_EDGE('',*,*,#10293,.F.);
#10302=STYLED_ITEM('',(#34),#10303);
#10303=ADVANCED_FACE('',(#10309),#10304,.T.);
#10304=PLANE('',#10305);
#10305=AXIS2_PLACEMENT_3D('',#10306,#10307,#10308);
#10306=CARTESIAN_POINT('',(4.908,-0.986,0.079));
#10307=DIRECTION('',(0.0,0.0,1.0));
#10308=DIRECTION('',(0.,1.,0.));
#10309=FACE_OUTER_BOUND('',#10310,.T.);
#10310=EDGE_LOOP('',(#10311,#10321,#10331,#10341));
#10314=CARTESIAN_POINT('',(4.908,-0.284,0.079));
#10313=VERTEX_POINT('',#10314);
#10316=CARTESIAN_POINT('',(4.908,-0.986,0.079));
#10315=VERTEX_POINT('',#10316);
#10312=EDGE_CURVE('',#10313,#10315,#10317,.T.);
#10317=LINE('',#10314,#10319);
#10319=VECTOR('',#10320,0.702056);
#10320=DIRECTION('',(0.0,-1.0,0.0));
#10311=ORIENTED_EDGE('',*,*,#10312,.F.);
#10324=CARTESIAN_POINT('',(4.304,-0.284,0.079));
#10323=VERTEX_POINT('',#10324);
#10322=EDGE_CURVE('',#10323,#10313,#10327,.T.);
#10327=LINE('',#10324,#10329);
#10329=VECTOR('',#10330,0.603431524614585);
#10330=DIRECTION('',(1.0,0.0,0.0));
#10321=ORIENTED_EDGE('',*,*,#10322,.F.);
#10334=CARTESIAN_POINT('',(4.304,-0.986,0.079));
#10333=VERTEX_POINT('',#10334);
#10332=EDGE_CURVE('',#10333,#10323,#10337,.T.);
#10337=LINE('',#10334,#10339);
#10339=VECTOR('',#10340,0.702055989163485);
#10340=DIRECTION('',(0.0,1.0,0.0));
#10331=ORIENTED_EDGE('',*,*,#10332,.F.);
#10342=EDGE_CURVE('',#10315,#10333,#10347,.T.);
#10347=LINE('',#10316,#10349);
#10349=VECTOR('',#10350,0.603431524614585);
#10350=DIRECTION('',(-1.0,0.0,0.0));
#10341=ORIENTED_EDGE('',*,*,#10342,.F.);
#10351=STYLED_ITEM('',(#34),#10352);
#10352=ADVANCED_FACE('',(#10358),#10353,.T.);
#10353=PLANE('',#10354);
#10354=AXIS2_PLACEMENT_3D('',#10355,#10356,#10357);
#10355=CARTESIAN_POINT('',(4.304,-0.986,0.0));
#10356=DIRECTION('',(0.0,0.0,-1.0));
#10357=DIRECTION('',(0.,1.,0.));
#10358=FACE_OUTER_BOUND('',#10359,.T.);
#10359=EDGE_LOOP('',(#10360,#10370,#10380,#10390));
#10363=CARTESIAN_POINT('',(4.304,-0.284,0.0));
#10362=VERTEX_POINT('',#10363);
#10365=CARTESIAN_POINT('',(4.304,-0.986,0.0));
#10364=VERTEX_POINT('',#10365);
#10361=EDGE_CURVE('',#10362,#10364,#10366,.T.);
#10366=LINE('',#10363,#10368);
#10368=VECTOR('',#10369,0.702055989163485);
#10369=DIRECTION('',(0.0,-1.0,0.0));
#10360=ORIENTED_EDGE('',*,*,#10361,.F.);
#10373=CARTESIAN_POINT('',(4.908,-0.284,0.0));
#10372=VERTEX_POINT('',#10373);
#10371=EDGE_CURVE('',#10372,#10362,#10376,.T.);
#10376=LINE('',#10373,#10378);
#10378=VECTOR('',#10379,0.603431524614585);
#10379=DIRECTION('',(-1.0,0.0,0.0));
#10370=ORIENTED_EDGE('',*,*,#10371,.F.);
#10383=CARTESIAN_POINT('',(4.908,-0.986,0.0));
#10382=VERTEX_POINT('',#10383);
#10381=EDGE_CURVE('',#10382,#10372,#10386,.T.);
#10386=LINE('',#10383,#10388);
#10388=VECTOR('',#10389,0.702056);
#10389=DIRECTION('',(0.0,1.0,0.0));
#10380=ORIENTED_EDGE('',*,*,#10381,.F.);
#10391=EDGE_CURVE('',#10364,#10382,#10396,.T.);
#10396=LINE('',#10365,#10398);
#10398=VECTOR('',#10399,0.603431524614585);
#10399=DIRECTION('',(1.0,0.0,0.0));
#10390=ORIENTED_EDGE('',*,*,#10391,.F.);
#10400=STYLED_ITEM('',(#34),#10401);
#10401=ADVANCED_FACE('',(#10407),#10402,.T.);
#10402=PLANE('',#10403);
#10403=AXIS2_PLACEMENT_3D('',#10404,#10405,#10406);
#10404=CARTESIAN_POINT('',(4.908,-0.986,0.0));
#10405=DIRECTION('',(1.0,0.0,0.0));
#10406=DIRECTION('',(0.,0.,1.));
#10407=FACE_OUTER_BOUND('',#10408,.T.);
#10408=EDGE_LOOP('',(#10409,#10419,#10429,#10439));
#10409=ORIENTED_EDGE('',*,*,#10381,.T.);
#10420=EDGE_CURVE('',#10313,#10372,#10425,.T.);
#10425=LINE('',#10314,#10427);
#10427=VECTOR('',#10428,0.079375);
#10428=DIRECTION('',(0.0,0.0,-1.0));
#10419=ORIENTED_EDGE('',*,*,#10420,.F.);
#10429=ORIENTED_EDGE('',*,*,#10312,.T.);
#10440=EDGE_CURVE('',#10382,#10315,#10445,.T.);
#10445=LINE('',#10383,#10447);
#10447=VECTOR('',#10448,0.079375);
#10448=DIRECTION('',(0.0,0.0,1.0));
#10439=ORIENTED_EDGE('',*,*,#10440,.F.);
#10449=STYLED_ITEM($,(#34),#10450);
#10450=ADVANCED_FACE($,(#10456),#10451,.T.);
#10451=CYLINDRICAL_SURFACE($,#10452,0.15875);
#10452=AXIS2_PLACEMENT_3D($,#10453,#10454,#10455);
#10453=CARTESIAN_POINT('',(4.058,-0.284,0.159));
#10454=DIRECTION('',(0.0,1.0,0.0));
#10455=DIRECTION('',(0.,0.,1.));
#10456=FACE_OUTER_BOUND($,#10457,.T.);
#10457=EDGE_LOOP($,(#10469,#10479,#10490,#10458));
#10469=ORIENTED_EDGE('',*,*,#10136,.T.);
#10480=EDGE_CURVE($,#10235,#10127,#10485,.T.);
#10485=CIRCLE($,#10486,0.15875);
#10487=CARTESIAN_POINT('',(4.058,-0.986,0.159));
#10486=AXIS2_PLACEMENT_3D($,#10487,#10488,#10489);
#10488=DIRECTION('',(0.0,-1.0,0.0));
#10489=DIRECTION('',(-0.793,0.0,0.609));
#10479=ORIENTED_EDGE('',*,*,#10480,.F.);
#10490=ORIENTED_EDGE('',*,*,#10234,.T.);
#10459=EDGE_CURVE($,#10137,#10225,#10464,.T.);
#10464=CIRCLE($,#10465,0.15875);
#10466=CARTESIAN_POINT('',(4.058,-0.284,0.159));
#10465=AXIS2_PLACEMENT_3D($,#10466,#10467,#10468);
#10467=DIRECTION('',(0.0,1.0,0.0));
#10468=DIRECTION('',(0.793,0.0,-0.609));
#10458=ORIENTED_EDGE('',*,*,#10459,.F.);
#10500=STYLED_ITEM($,(#34),#10501);
#10501=ADVANCED_FACE($,(#10507),#10502,.F.);
#10502=CYLINDRICAL_SURFACE($,#10503,0.079375);
#10503=AXIS2_PLACEMENT_3D($,#10504,#10505,#10506);
#10504=CARTESIAN_POINT('',(4.058,-0.986,0.159));
#10505=DIRECTION('',(0.0,1.0,0.0));
#10506=DIRECTION('',(0.,0.,-1.));
#10507=FACE_OUTER_BOUND($,#10508,.T.);
#10508=EDGE_LOOP($,(#10520,#10530,#10541,#10509));
#10520=ORIENTED_EDGE('',*,*,#10185,.T.);
#10531=EDGE_CURVE($,#10284,#10176,#10536,.T.);
#10536=CIRCLE($,#10537,0.079375);
#10537=AXIS2_PLACEMENT_3D($,#10466,#10539,#10540);
#10539=DIRECTION('',(0.0,-1.0,0.0));
#10540=DIRECTION('',(-0.793,0.0,0.609));
#10530=ORIENTED_EDGE('',*,*,#10531,.F.);
#10541=ORIENTED_EDGE('',*,*,#10283,.T.);
#10510=EDGE_CURVE($,#10186,#10274,#10515,.T.);
#10515=CIRCLE($,#10516,0.079375);
#10516=AXIS2_PLACEMENT_3D($,#10487,#10518,#10519);
#10518=DIRECTION('',(0.0,1.0,0.0));
#10519=DIRECTION('',(0.793,0.0,-0.609));
#10509=ORIENTED_EDGE('',*,*,#10510,.F.);
#10551=STYLED_ITEM($,(#34),#10552);
#10552=ADVANCED_FACE($,(#10558),#10553,.F.);
#10553=CYLINDRICAL_SURFACE($,#10554,0.079375);
#10554=AXIS2_PLACEMENT_3D($,#10555,#10556,#10557);
#10555=CARTESIAN_POINT('',(4.304,-0.986,0.159));
#10556=DIRECTION('',(0.0,1.0,0.0));
#10557=DIRECTION('',(0.,0.,1.));
#10558=FACE_OUTER_BOUND($,#10559,.T.);
#10559=EDGE_LOOP($,(#10571,#10581,#10592,#10560));
#10571=ORIENTED_EDGE('',*,*,#10332,.T.);
#10582=EDGE_CURVE($,#10215,#10323,#10587,.T.);
#10587=CIRCLE($,#10588,0.079375);
#10589=CARTESIAN_POINT('',(4.304,-0.284,0.159));
#10588=AXIS2_PLACEMENT_3D($,#10589,#10590,#10591);
#10590=DIRECTION('',(0.0,-1.0,0.0));
#10591=DIRECTION('',(0.793,0.0,-0.609));
#10581=ORIENTED_EDGE('',*,*,#10582,.F.);
#10592=ORIENTED_EDGE('',*,*,#10214,.T.);
#10561=EDGE_CURVE($,#10333,#10217,#10566,.T.);
#10566=CIRCLE($,#10567,0.079375);
#10568=CARTESIAN_POINT('',(4.304,-0.986,0.159));
#10567=AXIS2_PLACEMENT_3D($,#10568,#10569,#10570);
#10569=DIRECTION('',(0.0,1.0,0.0));
#10570=DIRECTION('',(-0.793,0.0,0.609));
#10560=ORIENTED_EDGE('',*,*,#10561,.F.);
#10602=STYLED_ITEM($,(#34),#10603);
#10603=ADVANCED_FACE($,(#10609),#10604,.T.);
#10604=CYLINDRICAL_SURFACE($,#10605,0.15875);
#10605=AXIS2_PLACEMENT_3D($,#10606,#10607,#10608);
#10606=CARTESIAN_POINT('',(4.304,-0.986,0.159));
#10607=DIRECTION('',(0.0,1.0,0.0));
#10608=DIRECTION('',(0.,0.,-1.));
#10609=FACE_OUTER_BOUND($,#10610,.T.);
#10610=EDGE_LOOP($,(#10622,#10632,#10643,#10611));
#10622=ORIENTED_EDGE('',*,*,#10361,.T.);
#10633=EDGE_CURVE($,#10264,#10364,#10638,.T.);
#10638=CIRCLE($,#10639,0.15875);
#10639=AXIS2_PLACEMENT_3D($,#10568,#10641,#10642);
#10641=DIRECTION('',(0.0,-1.0,0.0));
#10642=DIRECTION('',(0.793,0.0,-0.609));
#10632=ORIENTED_EDGE('',*,*,#10633,.F.);
#10643=ORIENTED_EDGE('',*,*,#10263,.T.);
#10612=EDGE_CURVE($,#10362,#10266,#10617,.T.);
#10617=CIRCLE($,#10618,0.15875);
#10618=AXIS2_PLACEMENT_3D($,#10589,#10620,#10621);
#10620=DIRECTION('',(0.0,1.0,0.0));
#10621=DIRECTION('',(-0.793,0.0,0.609));
#10611=ORIENTED_EDGE('',*,*,#10612,.F.);
#10653=STYLED_ITEM('color',(#34),#10654);
#10654=ADVANCED_FACE($,(#10660),#10655,.T.);
#10655=PLANE($,#10656);
#10656=AXIS2_PLACEMENT_3D($,#10657,#10658,#10659);
#10657=CARTESIAN_POINT('',(3.454,-0.986,0.238));
#10658=DIRECTION('',(0.0,-1.0,0.0));
#10659=DIRECTION('',(1.,0.,0.));
#10660=FACE_OUTER_BOUND($,#10661,.T.);
#10661=EDGE_LOOP($,(#10664, #10674, #10684, #10747, #10758, #10694, #10705, #10715, #10725, #10735, #10768, #10778));
#10664=ORIENTED_EDGE('',*,*,#10126,.T.);
#10674=ORIENTED_EDGE('',*,*,#10077,.T.);
#10684=ORIENTED_EDGE('',*,*,#10195,.T.);
#10747=ORIENTED_EDGE('',*,*,#10510,.T.);
#10758=ORIENTED_EDGE('',*,*,#10273,.T.);
#10694=ORIENTED_EDGE('',*,*,#10633,.T.);
#10705=ORIENTED_EDGE('',*,*,#10391,.T.);
#10715=ORIENTED_EDGE('',*,*,#10440,.T.);
#10725=ORIENTED_EDGE('',*,*,#10342,.T.);
#10735=ORIENTED_EDGE('',*,*,#10561,.T.);
#10768=ORIENTED_EDGE('',*,*,#10244,.T.);
#10778=ORIENTED_EDGE('',*,*,#10480,.T.);
#10789=STYLED_ITEM('color',(#34),#10790);
#10790=ADVANCED_FACE($,(#10796),#10791,.T.);
#10791=PLANE($,#10792);
#10792=AXIS2_PLACEMENT_3D($,#10793,#10794,#10795);
#10793=CARTESIAN_POINT('',(4.304,-0.284,0.079));
#10794=DIRECTION('',(0.0,1.0,0.0));
#10795=DIRECTION('',(1.,0.,0.));
#10796=FACE_OUTER_BOUND($,#10797,.T.);
#10797=EDGE_LOOP($,(#10800, #10810, #10820, #10883, #10894, #10830, #10841, #10851, #10861, #10871, #10904, #10914));
#10800=ORIENTED_EDGE('',*,*,#10175,.T.);
#10810=ORIENTED_EDGE('',*,*,#10097,.T.);
#10820=ORIENTED_EDGE('',*,*,#10146,.T.);
#10883=ORIENTED_EDGE('',*,*,#10459,.T.);
#10894=ORIENTED_EDGE('',*,*,#10224,.T.);
#10830=ORIENTED_EDGE('',*,*,#10582,.T.);
#10841=ORIENTED_EDGE('',*,*,#10322,.T.);
#10851=ORIENTED_EDGE('',*,*,#10420,.T.);
#10861=ORIENTED_EDGE('',*,*,#10371,.T.);
#10871=ORIENTED_EDGE('',*,*,#10612,.T.);
#10904=ORIENTED_EDGE('',*,*,#10293,.T.);
#10914=ORIENTED_EDGE('',*,*,#10531,.T.);
#10925=MANIFOLD_SOLID_BREP($,#10926);
#10926=CLOSED_SHELL('',(#10928,#10977,#11026,#11075,#11124,#11173,#11222,#11271,#11320,#11371,#11422,#11473,#11524,#11660));
#10927=STYLED_ITEM('',(#34),#10928);
#10928=ADVANCED_FACE('',(#10934),#10929,.T.);
#10929=PLANE('',#10930);
#10930=AXIS2_PLACEMENT_3D('',#10931,#10932,#10933);
#10931=CARTESIAN_POINT('',(3.454,0.986,0.238));
#10932=DIRECTION('',(-1.0,0.0,0.0));
#10933=DIRECTION('',(0.,0.,1.));
#10934=FACE_OUTER_BOUND('',#10935,.T.);
#10935=EDGE_LOOP('',(#10936,#10946,#10956,#10966));
#10939=CARTESIAN_POINT('',(3.454,0.284,0.238));
#10938=VERTEX_POINT('',#10939);
#10941=CARTESIAN_POINT('',(3.454,0.986,0.238));
#10940=VERTEX_POINT('',#10941);
#10937=EDGE_CURVE('',#10938,#10940,#10942,.T.);
#10942=LINE('',#10939,#10944);
#10944=VECTOR('',#10945,0.702055988260173);
#10945=DIRECTION('',(0.0,1.0,0.0));
#10936=ORIENTED_EDGE('',*,*,#10937,.F.);
#10949=CARTESIAN_POINT('',(3.454,0.284,0.318));
#10948=VERTEX_POINT('',#10949);
#10947=EDGE_CURVE('',#10948,#10938,#10952,.T.);
#10952=LINE('',#10949,#10954);
#10954=VECTOR('',#10955,0.079375);
#10955=DIRECTION('',(0.0,0.0,-1.0));
#10946=ORIENTED_EDGE('',*,*,#10947,.F.);
#10959=CARTESIAN_POINT('',(3.454,0.986,0.318));
#10958=VERTEX_POINT('',#10959);
#10957=EDGE_CURVE('',#10958,#10948,#10962,.T.);
#10962=LINE('',#10959,#10964);
#10964=VECTOR('',#10965,0.702055988260173);
#10965=DIRECTION('',(0.0,-1.0,0.0));
#10956=ORIENTED_EDGE('',*,*,#10957,.F.);
#10967=EDGE_CURVE('',#10940,#10958,#10972,.T.);
#10972=LINE('',#10941,#10974);
#10974=VECTOR('',#10975,0.079375);
#10975=DIRECTION('',(0.0,0.0,1.0));
#10966=ORIENTED_EDGE('',*,*,#10967,.F.);
#10976=STYLED_ITEM('',(#34),#10977);
#10977=ADVANCED_FACE('',(#10983),#10978,.T.);
#10978=PLANE('',#10979);
#10979=AXIS2_PLACEMENT_3D('',#10980,#10981,#10982);
#10980=CARTESIAN_POINT('',(3.454,0.986,0.318));
#10981=DIRECTION('',(0.0,0.0,1.0));
#10982=DIRECTION('',(0.,1.,0.));
#10983=FACE_OUTER_BOUND('',#10984,.T.);
#10984=EDGE_LOOP('',(#10985,#10995,#11005,#11015));
#10985=ORIENTED_EDGE('',*,*,#10957,.T.);
#10998=CARTESIAN_POINT('',(4.058,0.284,0.318));
#10997=VERTEX_POINT('',#10998);
#10996=EDGE_CURVE('',#10997,#10948,#11001,.T.);
#11001=LINE('',#10998,#11003);
#11003=VECTOR('',#11004,0.603431529943131);
#11004=DIRECTION('',(-1.0,0.0,0.0));
#10995=ORIENTED_EDGE('',*,*,#10996,.F.);
#11008=CARTESIAN_POINT('',(4.058,0.986,0.318));
#11007=VERTEX_POINT('',#11008);
#11006=EDGE_CURVE('',#11007,#10997,#11011,.T.);
#11011=LINE('',#11008,#11013);
#11013=VECTOR('',#11014,0.702055988653471);
#11014=DIRECTION('',(0.0,-1.0,0.0));
#11005=ORIENTED_EDGE('',*,*,#11006,.F.);
#11016=EDGE_CURVE('',#10958,#11007,#11021,.T.);
#11021=LINE('',#10959,#11023);
#11023=VECTOR('',#11024,0.603431529943131);
#11024=DIRECTION('',(1.0,0.0,0.0));
#11015=ORIENTED_EDGE('',*,*,#11016,.F.);
#11025=STYLED_ITEM('',(#34),#11026);
#11026=ADVANCED_FACE('',(#11032),#11027,.T.);
#11027=PLANE('',#11028);
#11028=AXIS2_PLACEMENT_3D('',#11029,#11030,#11031);
#11029=CARTESIAN_POINT('',(3.454,0.284,0.238));
#11030=DIRECTION('',(0.0,0.0,-1.0));
#11031=DIRECTION('',(0.,1.,0.));
#11032=FACE_OUTER_BOUND('',#11033,.T.);
#11033=EDGE_LOOP('',(#11034,#11044,#11054,#11064));
#11034=ORIENTED_EDGE('',*,*,#10937,.T.);
#11047=CARTESIAN_POINT('',(4.058,0.986,0.238));
#11046=VERTEX_POINT('',#11047);
#11045=EDGE_CURVE('',#11046,#10940,#11050,.T.);
#11050=LINE('',#11047,#11052);
#11052=VECTOR('',#11053,0.603431529943131);
#11053=DIRECTION('',(-1.0,0.0,0.0));
#11044=ORIENTED_EDGE('',*,*,#11045,.F.);
#11057=CARTESIAN_POINT('',(4.058,0.284,0.238));
#11056=VERTEX_POINT('',#11057);
#11055=EDGE_CURVE('',#11056,#11046,#11060,.T.);
#11060=LINE('',#11057,#11062);
#11062=VECTOR('',#11063,0.702055988653471);
#11063=DIRECTION('',(0.0,1.0,0.0));
#11054=ORIENTED_EDGE('',*,*,#11055,.F.);
#11065=EDGE_CURVE('',#10938,#11056,#11070,.T.);
#11070=LINE('',#10939,#11072);
#11072=VECTOR('',#11073,0.603431529943131);
#11073=DIRECTION('',(1.0,0.0,0.0));
#11064=ORIENTED_EDGE('',*,*,#11065,.F.);
#11074=STYLED_ITEM('',(#34),#11075);
#11075=ADVANCED_FACE('',(#11081),#11076,.T.);
#11076=PLANE('',#11077);
#11077=AXIS2_PLACEMENT_3D('',#11078,#11079,#11080);
#11078=CARTESIAN_POINT('',(4.228,0.284,0.138));
#11079=DIRECTION('',(0.966,0.0,0.259));
#11080=DIRECTION('',(0.,0.,1.));
#11081=FACE_OUTER_BOUND('',#11082,.T.);
#11082=EDGE_LOOP('',(#11083,#11093,#11103,#11113));
#11086=CARTESIAN_POINT('',(4.228,0.986,0.138));
#11085=VERTEX_POINT('',#11086);
#11088=CARTESIAN_POINT('',(4.228,0.284,0.138));
#11087=VERTEX_POINT('',#11088);
#11084=EDGE_CURVE('',#11085,#11087,#11089,.T.);
#11089=LINE('',#11086,#11091);
#11091=VECTOR('',#11092,0.702055988954794);
#11092=DIRECTION('',(0.0,-1.0,0.0));
#11083=ORIENTED_EDGE('',*,*,#11084,.F.);
#11096=CARTESIAN_POINT('',(4.211,0.986,0.2));
#11095=VERTEX_POINT('',#11096);
#11094=EDGE_CURVE('',#11095,#11085,#11099,.T.);
#11099=LINE('',#11096,#11101);
#11101=VECTOR('',#11102,0.0638046201988475);
#11102=DIRECTION('',(0.259,0.0,-0.966));
#11093=ORIENTED_EDGE('',*,*,#11094,.F.);
#11106=CARTESIAN_POINT('',(4.211,0.284,0.2));
#11105=VERTEX_POINT('',#11106);
#11104=EDGE_CURVE('',#11105,#11095,#11109,.T.);
#11109=LINE('',#11106,#11111);
#11111=VECTOR('',#11112,0.702055988917149);
#11112=DIRECTION('',(0.0,1.0,0.0));
#11103=ORIENTED_EDGE('',*,*,#11104,.F.);
#11114=EDGE_CURVE('',#11087,#11105,#11119,.T.);
#11119=LINE('',#11088,#11121);
#11121=VECTOR('',#11122,0.0638046201988475);
#11122=DIRECTION('',(-0.259,0.0,0.966));
#11113=ORIENTED_EDGE('',*,*,#11114,.F.);
#11123=STYLED_ITEM('',(#34),#11124);
#11124=ADVANCED_FACE('',(#11130),#11125,.T.);
#11125=PLANE('',#11126);
#11126=AXIS2_PLACEMENT_3D('',#11127,#11128,#11129);
#11127=CARTESIAN_POINT('',(4.151,0.986,0.118));
#11128=DIRECTION('',(-0.966,0.0,-0.259));
#11129=DIRECTION('',(0.,0.,1.));
#11130=FACE_OUTER_BOUND('',#11131,.T.);
#11131=EDGE_LOOP('',(#11132,#11142,#11152,#11162));
#11135=CARTESIAN_POINT('',(4.151,0.284,0.118));
#11134=VERTEX_POINT('',#11135);
#11137=CARTESIAN_POINT('',(4.151,0.986,0.118));
#11136=VERTEX_POINT('',#11137);
#11133=EDGE_CURVE('',#11134,#11136,#11138,.T.);
#11138=LINE('',#11135,#11140);
#11140=VECTOR('',#11141,0.702055988797257);
#11141=DIRECTION('',(0.0,1.0,0.0));
#11132=ORIENTED_EDGE('',*,*,#11133,.F.);
#11145=CARTESIAN_POINT('',(4.135,0.284,0.179));
#11144=VERTEX_POINT('',#11145);
#11143=EDGE_CURVE('',#11144,#11134,#11148,.T.);
#11148=LINE('',#11145,#11150);
#11150=VECTOR('',#11151,0.0638046202012119);
#11151=DIRECTION('',(0.259,0.0,-0.966));
#11142=ORIENTED_EDGE('',*,*,#11143,.F.);
#11155=CARTESIAN_POINT('',(4.135,0.986,0.179));
#11154=VERTEX_POINT('',#11155);
#11153=EDGE_CURVE('',#11154,#11144,#11158,.T.);
#11158=LINE('',#11155,#11160);
#11160=VECTOR('',#11161,0.702055988768467);
#11161=DIRECTION('',(0.0,-1.0,0.0));
#11152=ORIENTED_EDGE('',*,*,#11153,.F.);
#11163=EDGE_CURVE('',#11136,#11154,#11168,.T.);
#11168=LINE('',#11137,#11170);
#11170=VECTOR('',#11171,0.0638046202012121);
#11171=DIRECTION('',(-0.259,0.0,0.966));
#11162=ORIENTED_EDGE('',*,*,#11163,.F.);
#11172=STYLED_ITEM('',(#34),#11173);
#11173=ADVANCED_FACE('',(#11179),#11174,.T.);
#11174=PLANE('',#11175);
#11175=AXIS2_PLACEMENT_3D('',#11176,#11177,#11178);
#11176=CARTESIAN_POINT('',(4.908,0.284,0.079));
#11177=DIRECTION('',(0.0,0.0,1.0));
#11178=DIRECTION('',(0.,1.,0.));
#11179=FACE_OUTER_BOUND('',#11180,.T.);
#11180=EDGE_LOOP('',(#11181,#11191,#11201,#11211));
#11184=CARTESIAN_POINT('',(4.908,0.986,0.079));
#11183=VERTEX_POINT('',#11184);
#11186=CARTESIAN_POINT('',(4.908,0.284,0.079));
#11185=VERTEX_POINT('',#11186);
#11182=EDGE_CURVE('',#11183,#11185,#11187,.T.);
#11187=LINE('',#11184,#11189);
#11189=VECTOR('',#11190,0.702056);
#11190=DIRECTION('',(0.0,-1.0,0.0));
#11181=ORIENTED_EDGE('',*,*,#11182,.F.);
#11194=CARTESIAN_POINT('',(4.304,0.986,0.079));
#11193=VERTEX_POINT('',#11194);
#11192=EDGE_CURVE('',#11193,#11183,#11197,.T.);
#11197=LINE('',#11194,#11199);
#11199=VECTOR('',#11200,0.603431524614585);
#11200=DIRECTION('',(1.0,0.0,0.0));
#11191=ORIENTED_EDGE('',*,*,#11192,.F.);
#11204=CARTESIAN_POINT('',(4.304,0.284,0.079));
#11203=VERTEX_POINT('',#11204);
#11202=EDGE_CURVE('',#11203,#11193,#11207,.T.);
#11207=LINE('',#11204,#11209);
#11209=VECTOR('',#11210,0.702055989163485);
#11210=DIRECTION('',(0.0,1.0,0.0));
#11201=ORIENTED_EDGE('',*,*,#11202,.F.);
#11212=EDGE_CURVE('',#11185,#11203,#11217,.T.);
#11217=LINE('',#11186,#11219);
#11219=VECTOR('',#11220,0.603431524614585);
#11220=DIRECTION('',(-1.0,0.0,0.0));
#11211=ORIENTED_EDGE('',*,*,#11212,.F.);
#11221=STYLED_ITEM('',(#34),#11222);
#11222=ADVANCED_FACE('',(#11228),#11223,.T.);
#11223=PLANE('',#11224);
#11224=AXIS2_PLACEMENT_3D('',#11225,#11226,#11227);
#11225=CARTESIAN_POINT('',(4.304,0.284,0.0));
#11226=DIRECTION('',(0.0,0.0,-1.0));
#11227=DIRECTION('',(0.,1.,0.));
#11228=FACE_OUTER_BOUND('',#11229,.T.);
#11229=EDGE_LOOP('',(#11230,#11240,#11250,#11260));
#11233=CARTESIAN_POINT('',(4.304,0.986,0.0));
#11232=VERTEX_POINT('',#11233);
#11235=CARTESIAN_POINT('',(4.304,0.284,0.0));
#11234=VERTEX_POINT('',#11235);
#11231=EDGE_CURVE('',#11232,#11234,#11236,.T.);
#11236=LINE('',#11233,#11238);
#11238=VECTOR('',#11239,0.702055989163485);
#11239=DIRECTION('',(0.0,-1.0,0.0));
#11230=ORIENTED_EDGE('',*,*,#11231,.F.);
#11243=CARTESIAN_POINT('',(4.908,0.986,0.0));
#11242=VERTEX_POINT('',#11243);
#11241=EDGE_CURVE('',#11242,#11232,#11246,.T.);
#11246=LINE('',#11243,#11248);
#11248=VECTOR('',#11249,0.603431524614585);
#11249=DIRECTION('',(-1.0,0.0,0.0));
#11240=ORIENTED_EDGE('',*,*,#11241,.F.);
#11253=CARTESIAN_POINT('',(4.908,0.284,0.0));
#11252=VERTEX_POINT('',#11253);
#11251=EDGE_CURVE('',#11252,#11242,#11256,.T.);
#11256=LINE('',#11253,#11258);
#11258=VECTOR('',#11259,0.702056);
#11259=DIRECTION('',(0.0,1.0,0.0));
#11250=ORIENTED_EDGE('',*,*,#11251,.F.);
#11261=EDGE_CURVE('',#11234,#11252,#11266,.T.);
#11266=LINE('',#11235,#11268);
#11268=VECTOR('',#11269,0.603431524614585);
#11269=DIRECTION('',(1.0,0.0,0.0));
#11260=ORIENTED_EDGE('',*,*,#11261,.F.);
#11270=STYLED_ITEM('',(#34),#11271);
#11271=ADVANCED_FACE('',(#11277),#11272,.T.);
#11272=PLANE('',#11273);
#11273=AXIS2_PLACEMENT_3D('',#11274,#11275,#11276);
#11274=CARTESIAN_POINT('',(4.908,0.284,0.0));
#11275=DIRECTION('',(1.0,0.0,0.0));
#11276=DIRECTION('',(0.,0.,1.));
#11277=FACE_OUTER_BOUND('',#11278,.T.);
#11278=EDGE_LOOP('',(#11279,#11289,#11299,#11309));
#11279=ORIENTED_EDGE('',*,*,#11251,.T.);
#11290=EDGE_CURVE('',#11183,#11242,#11295,.T.);
#11295=LINE('',#11184,#11297);
#11297=VECTOR('',#11298,0.079375);
#11298=DIRECTION('',(0.0,0.0,-1.0));
#11289=ORIENTED_EDGE('',*,*,#11290,.F.);
#11299=ORIENTED_EDGE('',*,*,#11182,.T.);
#11310=EDGE_CURVE('',#11252,#11185,#11315,.T.);
#11315=LINE('',#11253,#11317);
#11317=VECTOR('',#11318,0.079375);
#11318=DIRECTION('',(0.0,0.0,1.0));
#11309=ORIENTED_EDGE('',*,*,#11310,.F.);
#11319=STYLED_ITEM($,(#34),#11320);
#11320=ADVANCED_FACE($,(#11326),#11321,.T.);
#11321=CYLINDRICAL_SURFACE($,#11322,0.15875);
#11322=AXIS2_PLACEMENT_3D($,#11323,#11324,#11325);
#11323=CARTESIAN_POINT('',(4.058,0.986,0.159));
#11324=DIRECTION('',(0.0,1.0,0.0));
#11325=DIRECTION('',(0.,0.,1.));
#11326=FACE_OUTER_BOUND($,#11327,.T.);
#11327=EDGE_LOOP($,(#11339,#11349,#11360,#11328));
#11339=ORIENTED_EDGE('',*,*,#11006,.T.);
#11350=EDGE_CURVE($,#11105,#10997,#11355,.T.);
#11355=CIRCLE($,#11356,0.15875);
#11357=CARTESIAN_POINT('',(4.058,0.284,0.159));
#11356=AXIS2_PLACEMENT_3D($,#11357,#11358,#11359);
#11358=DIRECTION('',(0.0,-1.0,0.0));
#11359=DIRECTION('',(-0.793,0.0,0.609));
#11349=ORIENTED_EDGE('',*,*,#11350,.F.);
#11360=ORIENTED_EDGE('',*,*,#11104,.T.);
#11329=EDGE_CURVE($,#11007,#11095,#11334,.T.);
#11334=CIRCLE($,#11335,0.15875);
#11336=CARTESIAN_POINT('',(4.058,0.986,0.159));
#11335=AXIS2_PLACEMENT_3D($,#11336,#11337,#11338);
#11337=DIRECTION('',(0.0,1.0,0.0));
#11338=DIRECTION('',(0.793,0.0,-0.609));
#11328=ORIENTED_EDGE('',*,*,#11329,.F.);
#11370=STYLED_ITEM($,(#34),#11371);
#11371=ADVANCED_FACE($,(#11377),#11372,.F.);
#11372=CYLINDRICAL_SURFACE($,#11373,0.079375);
#11373=AXIS2_PLACEMENT_3D($,#11374,#11375,#11376);
#11374=CARTESIAN_POINT('',(4.058,0.284,0.159));
#11375=DIRECTION('',(0.0,1.0,0.0));
#11376=DIRECTION('',(0.,0.,-1.));
#11377=FACE_OUTER_BOUND($,#11378,.T.);
#11378=EDGE_LOOP($,(#11390,#11400,#11411,#11379));
#11390=ORIENTED_EDGE('',*,*,#11055,.T.);
#11401=EDGE_CURVE($,#11154,#11046,#11406,.T.);
#11406=CIRCLE($,#11407,0.079375);
#11407=AXIS2_PLACEMENT_3D($,#11336,#11409,#11410);
#11409=DIRECTION('',(0.0,-1.0,0.0));
#11410=DIRECTION('',(-0.793,0.0,0.609));
#11400=ORIENTED_EDGE('',*,*,#11401,.F.);
#11411=ORIENTED_EDGE('',*,*,#11153,.T.);
#11380=EDGE_CURVE($,#11056,#11144,#11385,.T.);
#11385=CIRCLE($,#11386,0.079375);
#11386=AXIS2_PLACEMENT_3D($,#11357,#11388,#11389);
#11388=DIRECTION('',(0.0,1.0,0.0));
#11389=DIRECTION('',(0.793,0.0,-0.609));
#11379=ORIENTED_EDGE('',*,*,#11380,.F.);
#11421=STYLED_ITEM($,(#34),#11422);
#11422=ADVANCED_FACE($,(#11428),#11423,.F.);
#11423=CYLINDRICAL_SURFACE($,#11424,0.079375);
#11424=AXIS2_PLACEMENT_3D($,#11425,#11426,#11427);
#11425=CARTESIAN_POINT('',(4.304,0.284,0.159));
#11426=DIRECTION('',(0.0,1.0,0.0));
#11427=DIRECTION('',(0.,0.,1.));
#11428=FACE_OUTER_BOUND($,#11429,.T.);
#11429=EDGE_LOOP($,(#11441,#11451,#11462,#11430));
#11441=ORIENTED_EDGE('',*,*,#11202,.T.);
#11452=EDGE_CURVE($,#11085,#11193,#11457,.T.);
#11457=CIRCLE($,#11458,0.079375);
#11459=CARTESIAN_POINT('',(4.304,0.986,0.159));
#11458=AXIS2_PLACEMENT_3D($,#11459,#11460,#11461);
#11460=DIRECTION('',(0.0,-1.0,0.0));
#11461=DIRECTION('',(0.793,0.0,-0.609));
#11451=ORIENTED_EDGE('',*,*,#11452,.F.);
#11462=ORIENTED_EDGE('',*,*,#11084,.T.);
#11431=EDGE_CURVE($,#11203,#11087,#11436,.T.);
#11436=CIRCLE($,#11437,0.079375);
#11438=CARTESIAN_POINT('',(4.304,0.284,0.159));
#11437=AXIS2_PLACEMENT_3D($,#11438,#11439,#11440);
#11439=DIRECTION('',(0.0,1.0,0.0));
#11440=DIRECTION('',(-0.793,0.0,0.609));
#11430=ORIENTED_EDGE('',*,*,#11431,.F.);
#11472=STYLED_ITEM($,(#34),#11473);
#11473=ADVANCED_FACE($,(#11479),#11474,.T.);
#11474=CYLINDRICAL_SURFACE($,#11475,0.15875);
#11475=AXIS2_PLACEMENT_3D($,#11476,#11477,#11478);
#11476=CARTESIAN_POINT('',(4.304,0.284,0.159));
#11477=DIRECTION('',(0.0,1.0,0.0));
#11478=DIRECTION('',(0.,0.,-1.));
#11479=FACE_OUTER_BOUND($,#11480,.T.);
#11480=EDGE_LOOP($,(#11492,#11502,#11513,#11481));
#11492=ORIENTED_EDGE('',*,*,#11231,.T.);
#11503=EDGE_CURVE($,#11134,#11234,#11508,.T.);
#11508=CIRCLE($,#11509,0.15875);
#11509=AXIS2_PLACEMENT_3D($,#11438,#11511,#11512);
#11511=DIRECTION('',(0.0,-1.0,0.0));
#11512=DIRECTION('',(0.793,0.0,-0.609));
#11502=ORIENTED_EDGE('',*,*,#11503,.F.);
#11513=ORIENTED_EDGE('',*,*,#11133,.T.);
#11482=EDGE_CURVE($,#11232,#11136,#11487,.T.);
#11487=CIRCLE($,#11488,0.15875);
#11488=AXIS2_PLACEMENT_3D($,#11459,#11490,#11491);
#11490=DIRECTION('',(0.0,1.0,0.0));
#11491=DIRECTION('',(-0.793,0.0,0.609));
#11481=ORIENTED_EDGE('',*,*,#11482,.F.);
#11523=STYLED_ITEM('color',(#34),#11524);
#11524=ADVANCED_FACE($,(#11530),#11525,.T.);
#11525=PLANE($,#11526);
#11526=AXIS2_PLACEMENT_3D($,#11527,#11528,#11529);
#11527=CARTESIAN_POINT('',(3.454,0.284,0.238));
#11528=DIRECTION('',(0.0,-1.0,0.0));
#11529=DIRECTION('',(1.,0.,0.));
#11530=FACE_OUTER_BOUND($,#11531,.T.);
#11531=EDGE_LOOP($,(#11534, #11544, #11554, #11617, #11628, #11564, #11575, #11585, #11595, #11605, #11638, #11648));
#11534=ORIENTED_EDGE('',*,*,#10996,.T.);
#11544=ORIENTED_EDGE('',*,*,#10947,.T.);
#11554=ORIENTED_EDGE('',*,*,#11065,.T.);
#11617=ORIENTED_EDGE('',*,*,#11380,.T.);
#11628=ORIENTED_EDGE('',*,*,#11143,.T.);
#11564=ORIENTED_EDGE('',*,*,#11503,.T.);
#11575=ORIENTED_EDGE('',*,*,#11261,.T.);
#11585=ORIENTED_EDGE('',*,*,#11310,.T.);
#11595=ORIENTED_EDGE('',*,*,#11212,.T.);
#11605=ORIENTED_EDGE('',*,*,#11431,.T.);
#11638=ORIENTED_EDGE('',*,*,#11114,.T.);
#11648=ORIENTED_EDGE('',*,*,#11350,.T.);
#11659=STYLED_ITEM('color',(#34),#11660);
#11660=ADVANCED_FACE($,(#11666),#11661,.T.);
#11661=PLANE($,#11662);
#11662=AXIS2_PLACEMENT_3D($,#11663,#11664,#11665);
#11663=CARTESIAN_POINT('',(4.304,0.986,0.079));
#11664=DIRECTION('',(0.0,1.0,0.0));
#11665=DIRECTION('',(1.,0.,0.));
#11666=FACE_OUTER_BOUND($,#11667,.T.);
#11667=EDGE_LOOP($,(#11670, #11680, #11690, #11753, #11764, #11700, #11711, #11721, #11731, #11741, #11774, #11784));
#11670=ORIENTED_EDGE('',*,*,#11045,.T.);
#11680=ORIENTED_EDGE('',*,*,#10967,.T.);
#11690=ORIENTED_EDGE('',*,*,#11016,.T.);
#11753=ORIENTED_EDGE('',*,*,#11329,.T.);
#11764=ORIENTED_EDGE('',*,*,#11094,.T.);
#11700=ORIENTED_EDGE('',*,*,#11452,.T.);
#11711=ORIENTED_EDGE('',*,*,#11192,.T.);
#11721=ORIENTED_EDGE('',*,*,#11290,.T.);
#11731=ORIENTED_EDGE('',*,*,#11241,.T.);
#11741=ORIENTED_EDGE('',*,*,#11482,.T.);
#11774=ORIENTED_EDGE('',*,*,#11163,.T.);
#11784=ORIENTED_EDGE('',*,*,#11401,.T.);
#11795=MANIFOLD_SOLID_BREP($,#11796);
#11796=CLOSED_SHELL('',(#11798,#11847,#11896,#11945,#11994,#12043,#12092,#12141,#12190,#12241,#12292,#12343,#12394,#12530));
#11797=STYLED_ITEM('',(#34),#11798);
#11798=ADVANCED_FACE('',(#11804),#11799,.T.);
#11799=PLANE('',#11800);
#11800=AXIS2_PLACEMENT_3D('',#11801,#11802,#11803);
#11801=CARTESIAN_POINT('',(3.454,2.256,0.238));
#11802=DIRECTION('',(-1.0,0.0,0.0));
#11803=DIRECTION('',(0.,0.,1.));
#11804=FACE_OUTER_BOUND('',#11805,.T.);
#11805=EDGE_LOOP('',(#11806,#11816,#11826,#11836));
#11809=CARTESIAN_POINT('',(3.454,1.554,0.238));
#11808=VERTEX_POINT('',#11809);
#11811=CARTESIAN_POINT('',(3.454,2.256,0.238));
#11810=VERTEX_POINT('',#11811);
#11807=EDGE_CURVE('',#11808,#11810,#11812,.T.);
#11812=LINE('',#11809,#11814);
#11814=VECTOR('',#11815,0.702055988260173);
#11815=DIRECTION('',(0.0,1.0,0.0));
#11806=ORIENTED_EDGE('',*,*,#11807,.F.);
#11819=CARTESIAN_POINT('',(3.454,1.554,0.318));
#11818=VERTEX_POINT('',#11819);
#11817=EDGE_CURVE('',#11818,#11808,#11822,.T.);
#11822=LINE('',#11819,#11824);
#11824=VECTOR('',#11825,0.079375);
#11825=DIRECTION('',(0.0,0.0,-1.0));
#11816=ORIENTED_EDGE('',*,*,#11817,.F.);
#11829=CARTESIAN_POINT('',(3.454,2.256,0.318));
#11828=VERTEX_POINT('',#11829);
#11827=EDGE_CURVE('',#11828,#11818,#11832,.T.);
#11832=LINE('',#11829,#11834);
#11834=VECTOR('',#11835,0.702055988260173);
#11835=DIRECTION('',(0.0,-1.0,0.0));
#11826=ORIENTED_EDGE('',*,*,#11827,.F.);
#11837=EDGE_CURVE('',#11810,#11828,#11842,.T.);
#11842=LINE('',#11811,#11844);
#11844=VECTOR('',#11845,0.079375);
#11845=DIRECTION('',(0.0,0.0,1.0));
#11836=ORIENTED_EDGE('',*,*,#11837,.F.);
#11846=STYLED_ITEM('',(#34),#11847);
#11847=ADVANCED_FACE('',(#11853),#11848,.T.);
#11848=PLANE('',#11849);
#11849=AXIS2_PLACEMENT_3D('',#11850,#11851,#11852);
#11850=CARTESIAN_POINT('',(3.454,2.256,0.318));
#11851=DIRECTION('',(0.0,0.0,1.0));
#11852=DIRECTION('',(0.,1.,0.));
#11853=FACE_OUTER_BOUND('',#11854,.T.);
#11854=EDGE_LOOP('',(#11855,#11865,#11875,#11885));
#11855=ORIENTED_EDGE('',*,*,#11827,.T.);
#11868=CARTESIAN_POINT('',(4.058,1.554,0.318));
#11867=VERTEX_POINT('',#11868);
#11866=EDGE_CURVE('',#11867,#11818,#11871,.T.);
#11871=LINE('',#11868,#11873);
#11873=VECTOR('',#11874,0.603431529943131);
#11874=DIRECTION('',(-1.0,0.0,0.0));
#11865=ORIENTED_EDGE('',*,*,#11866,.F.);
#11878=CARTESIAN_POINT('',(4.058,2.256,0.318));
#11877=VERTEX_POINT('',#11878);
#11876=EDGE_CURVE('',#11877,#11867,#11881,.T.);
#11881=LINE('',#11878,#11883);
#11883=VECTOR('',#11884,0.702055988653471);
#11884=DIRECTION('',(0.0,-1.0,0.0));
#11875=ORIENTED_EDGE('',*,*,#11876,.F.);
#11886=EDGE_CURVE('',#11828,#11877,#11891,.T.);
#11891=LINE('',#11829,#11893);
#11893=VECTOR('',#11894,0.603431529943131);
#11894=DIRECTION('',(1.0,0.0,0.0));
#11885=ORIENTED_EDGE('',*,*,#11886,.F.);
#11895=STYLED_ITEM('',(#34),#11896);
#11896=ADVANCED_FACE('',(#11902),#11897,.T.);
#11897=PLANE('',#11898);
#11898=AXIS2_PLACEMENT_3D('',#11899,#11900,#11901);
#11899=CARTESIAN_POINT('',(3.454,1.554,0.238));
#11900=DIRECTION('',(0.0,0.0,-1.0));
#11901=DIRECTION('',(0.,1.,0.));
#11902=FACE_OUTER_BOUND('',#11903,.T.);
#11903=EDGE_LOOP('',(#11904,#11914,#11924,#11934));
#11904=ORIENTED_EDGE('',*,*,#11807,.T.);
#11917=CARTESIAN_POINT('',(4.058,2.256,0.238));
#11916=VERTEX_POINT('',#11917);
#11915=EDGE_CURVE('',#11916,#11810,#11920,.T.);
#11920=LINE('',#11917,#11922);
#11922=VECTOR('',#11923,0.603431529943131);
#11923=DIRECTION('',(-1.0,0.0,0.0));
#11914=ORIENTED_EDGE('',*,*,#11915,.F.);
#11927=CARTESIAN_POINT('',(4.058,1.554,0.238));
#11926=VERTEX_POINT('',#11927);
#11925=EDGE_CURVE('',#11926,#11916,#11930,.T.);
#11930=LINE('',#11927,#11932);
#11932=VECTOR('',#11933,0.702055988653471);
#11933=DIRECTION('',(0.0,1.0,0.0));
#11924=ORIENTED_EDGE('',*,*,#11925,.F.);
#11935=EDGE_CURVE('',#11808,#11926,#11940,.T.);
#11940=LINE('',#11809,#11942);
#11942=VECTOR('',#11943,0.603431529943131);
#11943=DIRECTION('',(1.0,0.0,0.0));
#11934=ORIENTED_EDGE('',*,*,#11935,.F.);
#11944=STYLED_ITEM('',(#34),#11945);
#11945=ADVANCED_FACE('',(#11951),#11946,.T.);
#11946=PLANE('',#11947);
#11947=AXIS2_PLACEMENT_3D('',#11948,#11949,#11950);
#11948=CARTESIAN_POINT('',(4.228,1.554,0.138));
#11949=DIRECTION('',(0.966,0.0,0.259));
#11950=DIRECTION('',(0.,0.,1.));
#11951=FACE_OUTER_BOUND('',#11952,.T.);
#11952=EDGE_LOOP('',(#11953,#11963,#11973,#11983));
#11956=CARTESIAN_POINT('',(4.228,2.256,0.138));
#11955=VERTEX_POINT('',#11956);
#11958=CARTESIAN_POINT('',(4.228,1.554,0.138));
#11957=VERTEX_POINT('',#11958);
#11954=EDGE_CURVE('',#11955,#11957,#11959,.T.);
#11959=LINE('',#11956,#11961);
#11961=VECTOR('',#11962,0.702055988954794);
#11962=DIRECTION('',(0.0,-1.0,0.0));
#11953=ORIENTED_EDGE('',*,*,#11954,.F.);
#11966=CARTESIAN_POINT('',(4.211,2.256,0.2));
#11965=VERTEX_POINT('',#11966);
#11964=EDGE_CURVE('',#11965,#11955,#11969,.T.);
#11969=LINE('',#11966,#11971);
#11971=VECTOR('',#11972,0.0638046201988475);
#11972=DIRECTION('',(0.259,0.0,-0.966));
#11963=ORIENTED_EDGE('',*,*,#11964,.F.);
#11976=CARTESIAN_POINT('',(4.211,1.554,0.2));
#11975=VERTEX_POINT('',#11976);
#11974=EDGE_CURVE('',#11975,#11965,#11979,.T.);
#11979=LINE('',#11976,#11981);
#11981=VECTOR('',#11982,0.702055988917149);
#11982=DIRECTION('',(0.0,1.0,0.0));
#11973=ORIENTED_EDGE('',*,*,#11974,.F.);
#11984=EDGE_CURVE('',#11957,#11975,#11989,.T.);
#11989=LINE('',#11958,#11991);
#11991=VECTOR('',#11992,0.0638046201988475);
#11992=DIRECTION('',(-0.259,0.0,0.966));
#11983=ORIENTED_EDGE('',*,*,#11984,.F.);
#11993=STYLED_ITEM('',(#34),#11994);
#11994=ADVANCED_FACE('',(#12000),#11995,.T.);
#11995=PLANE('',#11996);
#11996=AXIS2_PLACEMENT_3D('',#11997,#11998,#11999);
#11997=CARTESIAN_POINT('',(4.151,2.256,0.118));
#11998=DIRECTION('',(-0.966,0.0,-0.259));
#11999=DIRECTION('',(0.,0.,1.));
#12000=FACE_OUTER_BOUND('',#12001,.T.);
#12001=EDGE_LOOP('',(#12002,#12012,#12022,#12032));
#12005=CARTESIAN_POINT('',(4.151,1.554,0.118));
#12004=VERTEX_POINT('',#12005);
#12007=CARTESIAN_POINT('',(4.151,2.256,0.118));
#12006=VERTEX_POINT('',#12007);
#12003=EDGE_CURVE('',#12004,#12006,#12008,.T.);
#12008=LINE('',#12005,#12010);
#12010=VECTOR('',#12011,0.702055988797257);
#12011=DIRECTION('',(0.0,1.0,0.0));
#12002=ORIENTED_EDGE('',*,*,#12003,.F.);
#12015=CARTESIAN_POINT('',(4.135,1.554,0.179));
#12014=VERTEX_POINT('',#12015);
#12013=EDGE_CURVE('',#12014,#12004,#12018,.T.);
#12018=LINE('',#12015,#12020);
#12020=VECTOR('',#12021,0.0638046202012119);
#12021=DIRECTION('',(0.259,0.0,-0.966));
#12012=ORIENTED_EDGE('',*,*,#12013,.F.);
#12025=CARTESIAN_POINT('',(4.135,2.256,0.179));
#12024=VERTEX_POINT('',#12025);
#12023=EDGE_CURVE('',#12024,#12014,#12028,.T.);
#12028=LINE('',#12025,#12030);
#12030=VECTOR('',#12031,0.702055988768467);
#12031=DIRECTION('',(0.0,-1.0,0.0));
#12022=ORIENTED_EDGE('',*,*,#12023,.F.);
#12033=EDGE_CURVE('',#12006,#12024,#12038,.T.);
#12038=LINE('',#12007,#12040);
#12040=VECTOR('',#12041,0.0638046202012121);
#12041=DIRECTION('',(-0.259,0.0,0.966));
#12032=ORIENTED_EDGE('',*,*,#12033,.F.);
#12042=STYLED_ITEM('',(#34),#12043);
#12043=ADVANCED_FACE('',(#12049),#12044,.T.);
#12044=PLANE('',#12045);
#12045=AXIS2_PLACEMENT_3D('',#12046,#12047,#12048);
#12046=CARTESIAN_POINT('',(4.908,1.554,0.079));
#12047=DIRECTION('',(0.0,0.0,1.0));
#12048=DIRECTION('',(0.,1.,0.));
#12049=FACE_OUTER_BOUND('',#12050,.T.);
#12050=EDGE_LOOP('',(#12051,#12061,#12071,#12081));
#12054=CARTESIAN_POINT('',(4.908,2.256,0.079));
#12053=VERTEX_POINT('',#12054);
#12056=CARTESIAN_POINT('',(4.908,1.554,0.079));
#12055=VERTEX_POINT('',#12056);
#12052=EDGE_CURVE('',#12053,#12055,#12057,.T.);
#12057=LINE('',#12054,#12059);
#12059=VECTOR('',#12060,0.702056);
#12060=DIRECTION('',(0.0,-1.0,0.0));
#12051=ORIENTED_EDGE('',*,*,#12052,.F.);
#12064=CARTESIAN_POINT('',(4.304,2.256,0.079));
#12063=VERTEX_POINT('',#12064);
#12062=EDGE_CURVE('',#12063,#12053,#12067,.T.);
#12067=LINE('',#12064,#12069);
#12069=VECTOR('',#12070,0.603431524614585);
#12070=DIRECTION('',(1.0,0.0,0.0));
#12061=ORIENTED_EDGE('',*,*,#12062,.F.);
#12074=CARTESIAN_POINT('',(4.304,1.554,0.079));
#12073=VERTEX_POINT('',#12074);
#12072=EDGE_CURVE('',#12073,#12063,#12077,.T.);
#12077=LINE('',#12074,#12079);
#12079=VECTOR('',#12080,0.702055989163485);
#12080=DIRECTION('',(0.0,1.0,0.0));
#12071=ORIENTED_EDGE('',*,*,#12072,.F.);
#12082=EDGE_CURVE('',#12055,#12073,#12087,.T.);
#12087=LINE('',#12056,#12089);
#12089=VECTOR('',#12090,0.603431524614585);
#12090=DIRECTION('',(-1.0,0.0,0.0));
#12081=ORIENTED_EDGE('',*,*,#12082,.F.);
#12091=STYLED_ITEM('',(#34),#12092);
#12092=ADVANCED_FACE('',(#12098),#12093,.T.);
#12093=PLANE('',#12094);
#12094=AXIS2_PLACEMENT_3D('',#12095,#12096,#12097);
#12095=CARTESIAN_POINT('',(4.304,1.554,0.0));
#12096=DIRECTION('',(0.0,0.0,-1.0));
#12097=DIRECTION('',(0.,1.,0.));
#12098=FACE_OUTER_BOUND('',#12099,.T.);
#12099=EDGE_LOOP('',(#12100,#12110,#12120,#12130));
#12103=CARTESIAN_POINT('',(4.304,2.256,0.0));
#12102=VERTEX_POINT('',#12103);
#12105=CARTESIAN_POINT('',(4.304,1.554,0.0));
#12104=VERTEX_POINT('',#12105);
#12101=EDGE_CURVE('',#12102,#12104,#12106,.T.);
#12106=LINE('',#12103,#12108);
#12108=VECTOR('',#12109,0.702055989163485);
#12109=DIRECTION('',(0.0,-1.0,0.0));
#12100=ORIENTED_EDGE('',*,*,#12101,.F.);
#12113=CARTESIAN_POINT('',(4.908,2.256,0.0));
#12112=VERTEX_POINT('',#12113);
#12111=EDGE_CURVE('',#12112,#12102,#12116,.T.);
#12116=LINE('',#12113,#12118);
#12118=VECTOR('',#12119,0.603431524614585);
#12119=DIRECTION('',(-1.0,0.0,0.0));
#12110=ORIENTED_EDGE('',*,*,#12111,.F.);
#12123=CARTESIAN_POINT('',(4.908,1.554,0.0));
#12122=VERTEX_POINT('',#12123);
#12121=EDGE_CURVE('',#12122,#12112,#12126,.T.);
#12126=LINE('',#12123,#12128);
#12128=VECTOR('',#12129,0.702056);
#12129=DIRECTION('',(0.0,1.0,0.0));
#12120=ORIENTED_EDGE('',*,*,#12121,.F.);
#12131=EDGE_CURVE('',#12104,#12122,#12136,.T.);
#12136=LINE('',#12105,#12138);
#12138=VECTOR('',#12139,0.603431524614585);
#12139=DIRECTION('',(1.0,0.0,0.0));
#12130=ORIENTED_EDGE('',*,*,#12131,.F.);
#12140=STYLED_ITEM('',(#34),#12141);
#12141=ADVANCED_FACE('',(#12147),#12142,.T.);
#12142=PLANE('',#12143);
#12143=AXIS2_PLACEMENT_3D('',#12144,#12145,#12146);
#12144=CARTESIAN_POINT('',(4.908,1.554,0.0));
#12145=DIRECTION('',(1.0,0.0,0.0));
#12146=DIRECTION('',(0.,0.,1.));
#12147=FACE_OUTER_BOUND('',#12148,.T.);
#12148=EDGE_LOOP('',(#12149,#12159,#12169,#12179));
#12149=ORIENTED_EDGE('',*,*,#12121,.T.);
#12160=EDGE_CURVE('',#12053,#12112,#12165,.T.);
#12165=LINE('',#12054,#12167);
#12167=VECTOR('',#12168,0.079375);
#12168=DIRECTION('',(0.0,0.0,-1.0));
#12159=ORIENTED_EDGE('',*,*,#12160,.F.);
#12169=ORIENTED_EDGE('',*,*,#12052,.T.);
#12180=EDGE_CURVE('',#12122,#12055,#12185,.T.);
#12185=LINE('',#12123,#12187);
#12187=VECTOR('',#12188,0.079375);
#12188=DIRECTION('',(0.0,0.0,1.0));
#12179=ORIENTED_EDGE('',*,*,#12180,.F.);
#12189=STYLED_ITEM($,(#34),#12190);
#12190=ADVANCED_FACE($,(#12196),#12191,.T.);
#12191=CYLINDRICAL_SURFACE($,#12192,0.15875);
#12192=AXIS2_PLACEMENT_3D($,#12193,#12194,#12195);
#12193=CARTESIAN_POINT('',(4.058,2.256,0.159));
#12194=DIRECTION('',(0.0,1.0,0.0));
#12195=DIRECTION('',(0.,0.,1.));
#12196=FACE_OUTER_BOUND($,#12197,.T.);
#12197=EDGE_LOOP($,(#12209,#12219,#12230,#12198));
#12209=ORIENTED_EDGE('',*,*,#11876,.T.);
#12220=EDGE_CURVE($,#11975,#11867,#12225,.T.);
#12225=CIRCLE($,#12226,0.15875);
#12227=CARTESIAN_POINT('',(4.058,1.554,0.159));
#12226=AXIS2_PLACEMENT_3D($,#12227,#12228,#12229);
#12228=DIRECTION('',(0.0,-1.0,0.0));
#12229=DIRECTION('',(-0.793,0.0,0.609));
#12219=ORIENTED_EDGE('',*,*,#12220,.F.);
#12230=ORIENTED_EDGE('',*,*,#11974,.T.);
#12199=EDGE_CURVE($,#11877,#11965,#12204,.T.);
#12204=CIRCLE($,#12205,0.15875);
#12206=CARTESIAN_POINT('',(4.058,2.256,0.159));
#12205=AXIS2_PLACEMENT_3D($,#12206,#12207,#12208);
#12207=DIRECTION('',(0.0,1.0,0.0));
#12208=DIRECTION('',(0.793,0.0,-0.609));
#12198=ORIENTED_EDGE('',*,*,#12199,.F.);
#12240=STYLED_ITEM($,(#34),#12241);
#12241=ADVANCED_FACE($,(#12247),#12242,.F.);
#12242=CYLINDRICAL_SURFACE($,#12243,0.079375);
#12243=AXIS2_PLACEMENT_3D($,#12244,#12245,#12246);
#12244=CARTESIAN_POINT('',(4.058,1.554,0.159));
#12245=DIRECTION('',(0.0,1.0,0.0));
#12246=DIRECTION('',(0.,0.,-1.));
#12247=FACE_OUTER_BOUND($,#12248,.T.);
#12248=EDGE_LOOP($,(#12260,#12270,#12281,#12249));
#12260=ORIENTED_EDGE('',*,*,#11925,.T.);
#12271=EDGE_CURVE($,#12024,#11916,#12276,.T.);
#12276=CIRCLE($,#12277,0.079375);
#12277=AXIS2_PLACEMENT_3D($,#12206,#12279,#12280);
#12279=DIRECTION('',(0.0,-1.0,0.0));
#12280=DIRECTION('',(-0.793,0.0,0.609));
#12270=ORIENTED_EDGE('',*,*,#12271,.F.);
#12281=ORIENTED_EDGE('',*,*,#12023,.T.);
#12250=EDGE_CURVE($,#11926,#12014,#12255,.T.);
#12255=CIRCLE($,#12256,0.079375);
#12256=AXIS2_PLACEMENT_3D($,#12227,#12258,#12259);
#12258=DIRECTION('',(0.0,1.0,0.0));
#12259=DIRECTION('',(0.793,0.0,-0.609));
#12249=ORIENTED_EDGE('',*,*,#12250,.F.);
#12291=STYLED_ITEM($,(#34),#12292);
#12292=ADVANCED_FACE($,(#12298),#12293,.F.);
#12293=CYLINDRICAL_SURFACE($,#12294,0.079375);
#12294=AXIS2_PLACEMENT_3D($,#12295,#12296,#12297);
#12295=CARTESIAN_POINT('',(4.304,1.554,0.159));
#12296=DIRECTION('',(0.0,1.0,0.0));
#12297=DIRECTION('',(0.,0.,1.));
#12298=FACE_OUTER_BOUND($,#12299,.T.);
#12299=EDGE_LOOP($,(#12311,#12321,#12332,#12300));
#12311=ORIENTED_EDGE('',*,*,#12072,.T.);
#12322=EDGE_CURVE($,#11955,#12063,#12327,.T.);
#12327=CIRCLE($,#12328,0.079375);
#12329=CARTESIAN_POINT('',(4.304,2.256,0.159));
#12328=AXIS2_PLACEMENT_3D($,#12329,#12330,#12331);
#12330=DIRECTION('',(0.0,-1.0,0.0));
#12331=DIRECTION('',(0.793,0.0,-0.609));
#12321=ORIENTED_EDGE('',*,*,#12322,.F.);
#12332=ORIENTED_EDGE('',*,*,#11954,.T.);
#12301=EDGE_CURVE($,#12073,#11957,#12306,.T.);
#12306=CIRCLE($,#12307,0.079375);
#12308=CARTESIAN_POINT('',(4.304,1.554,0.159));
#12307=AXIS2_PLACEMENT_3D($,#12308,#12309,#12310);
#12309=DIRECTION('',(0.0,1.0,0.0));
#12310=DIRECTION('',(-0.793,0.0,0.609));
#12300=ORIENTED_EDGE('',*,*,#12301,.F.);
#12342=STYLED_ITEM($,(#34),#12343);
#12343=ADVANCED_FACE($,(#12349),#12344,.T.);
#12344=CYLINDRICAL_SURFACE($,#12345,0.15875);
#12345=AXIS2_PLACEMENT_3D($,#12346,#12347,#12348);
#12346=CARTESIAN_POINT('',(4.304,1.554,0.159));
#12347=DIRECTION('',(0.0,1.0,0.0));
#12348=DIRECTION('',(0.,0.,-1.));
#12349=FACE_OUTER_BOUND($,#12350,.T.);
#12350=EDGE_LOOP($,(#12362,#12372,#12383,#12351));
#12362=ORIENTED_EDGE('',*,*,#12101,.T.);
#12373=EDGE_CURVE($,#12004,#12104,#12378,.T.);
#12378=CIRCLE($,#12379,0.15875);
#12379=AXIS2_PLACEMENT_3D($,#12308,#12381,#12382);
#12381=DIRECTION('',(0.0,-1.0,0.0));
#12382=DIRECTION('',(0.793,0.0,-0.609));
#12372=ORIENTED_EDGE('',*,*,#12373,.F.);
#12383=ORIENTED_EDGE('',*,*,#12003,.T.);
#12352=EDGE_CURVE($,#12102,#12006,#12357,.T.);
#12357=CIRCLE($,#12358,0.15875);
#12358=AXIS2_PLACEMENT_3D($,#12329,#12360,#12361);
#12360=DIRECTION('',(0.0,1.0,0.0));
#12361=DIRECTION('',(-0.793,0.0,0.609));
#12351=ORIENTED_EDGE('',*,*,#12352,.F.);
#12393=STYLED_ITEM('color',(#34),#12394);
#12394=ADVANCED_FACE($,(#12400),#12395,.T.);
#12395=PLANE($,#12396);
#12396=AXIS2_PLACEMENT_3D($,#12397,#12398,#12399);
#12397=CARTESIAN_POINT('',(3.454,1.554,0.238));
#12398=DIRECTION('',(0.0,-1.0,0.0));
#12399=DIRECTION('',(1.,0.,0.));
#12400=FACE_OUTER_BOUND($,#12401,.T.);
#12401=EDGE_LOOP($,(#12404, #12414, #12424, #12487, #12498, #12434, #12445, #12455, #12465, #12475, #12508, #12518));
#12404=ORIENTED_EDGE('',*,*,#11866,.T.);
#12414=ORIENTED_EDGE('',*,*,#11817,.T.);
#12424=ORIENTED_EDGE('',*,*,#11935,.T.);
#12487=ORIENTED_EDGE('',*,*,#12250,.T.);
#12498=ORIENTED_EDGE('',*,*,#12013,.T.);
#12434=ORIENTED_EDGE('',*,*,#12373,.T.);
#12445=ORIENTED_EDGE('',*,*,#12131,.T.);
#12455=ORIENTED_EDGE('',*,*,#12180,.T.);
#12465=ORIENTED_EDGE('',*,*,#12082,.T.);
#12475=ORIENTED_EDGE('',*,*,#12301,.T.);
#12508=ORIENTED_EDGE('',*,*,#11984,.T.);
#12518=ORIENTED_EDGE('',*,*,#12220,.T.);
#12529=STYLED_ITEM('color',(#34),#12530);
#12530=ADVANCED_FACE($,(#12536),#12531,.T.);
#12531=PLANE($,#12532);
#12532=AXIS2_PLACEMENT_3D($,#12533,#12534,#12535);
#12533=CARTESIAN_POINT('',(4.304,2.256,0.079));
#12534=DIRECTION('',(0.0,1.0,0.0));
#12535=DIRECTION('',(1.,0.,0.));
#12536=FACE_OUTER_BOUND($,#12537,.T.);
#12537=EDGE_LOOP($,(#12540, #12550, #12560, #12623, #12634, #12570, #12581, #12591, #12601, #12611, #12644, #12654));
#12540=ORIENTED_EDGE('',*,*,#11915,.T.);
#12550=ORIENTED_EDGE('',*,*,#11837,.T.);
#12560=ORIENTED_EDGE('',*,*,#11886,.T.);
#12623=ORIENTED_EDGE('',*,*,#12199,.T.);
#12634=ORIENTED_EDGE('',*,*,#11964,.T.);
#12570=ORIENTED_EDGE('',*,*,#12322,.T.);
#12581=ORIENTED_EDGE('',*,*,#12062,.T.);
#12591=ORIENTED_EDGE('',*,*,#12160,.T.);
#12601=ORIENTED_EDGE('',*,*,#12111,.T.);
#12611=ORIENTED_EDGE('',*,*,#12352,.T.);
#12644=ORIENTED_EDGE('',*,*,#12033,.T.);
#12654=ORIENTED_EDGE('',*,*,#12271,.T.);
#12665=MANIFOLD_SOLID_BREP($,#12666);
#12666=CLOSED_SHELL('',(#12668,#12717,#12766,#12815,#12864,#12913,#12962,#13011,#13060,#13111,#13162,#13213,#13264,#13400));
#12667=STYLED_ITEM('',(#34),#12668);
#12668=ADVANCED_FACE('',(#12674),#12669,.T.);
#12669=PLANE('',#12670);
#12670=AXIS2_PLACEMENT_3D('',#12671,#12672,#12673);
#12671=CARTESIAN_POINT('',(3.454,3.526,0.238));
#12672=DIRECTION('',(-1.0,0.0,0.0));
#12673=DIRECTION('',(0.,0.,1.));
#12674=FACE_OUTER_BOUND('',#12675,.T.);
#12675=EDGE_LOOP('',(#12676,#12686,#12696,#12706));
#12679=CARTESIAN_POINT('',(3.454,2.824,0.238));
#12678=VERTEX_POINT('',#12679);
#12681=CARTESIAN_POINT('',(3.454,3.526,0.238));
#12680=VERTEX_POINT('',#12681);
#12677=EDGE_CURVE('',#12678,#12680,#12682,.T.);
#12682=LINE('',#12679,#12684);
#12684=VECTOR('',#12685,0.702055988260172);
#12685=DIRECTION('',(0.0,1.0,0.0));
#12676=ORIENTED_EDGE('',*,*,#12677,.F.);
#12689=CARTESIAN_POINT('',(3.454,2.824,0.318));
#12688=VERTEX_POINT('',#12689);
#12687=EDGE_CURVE('',#12688,#12678,#12692,.T.);
#12692=LINE('',#12689,#12694);
#12694=VECTOR('',#12695,0.079375);
#12695=DIRECTION('',(0.0,0.0,-1.0));
#12686=ORIENTED_EDGE('',*,*,#12687,.F.);
#12699=CARTESIAN_POINT('',(3.454,3.526,0.318));
#12698=VERTEX_POINT('',#12699);
#12697=EDGE_CURVE('',#12698,#12688,#12702,.T.);
#12702=LINE('',#12699,#12704);
#12704=VECTOR('',#12705,0.702055988260172);
#12705=DIRECTION('',(0.0,-1.0,0.0));
#12696=ORIENTED_EDGE('',*,*,#12697,.F.);
#12707=EDGE_CURVE('',#12680,#12698,#12712,.T.);
#12712=LINE('',#12681,#12714);
#12714=VECTOR('',#12715,0.079375);
#12715=DIRECTION('',(0.0,0.0,1.0));
#12706=ORIENTED_EDGE('',*,*,#12707,.F.);
#12716=STYLED_ITEM('',(#34),#12717);
#12717=ADVANCED_FACE('',(#12723),#12718,.T.);
#12718=PLANE('',#12719);
#12719=AXIS2_PLACEMENT_3D('',#12720,#12721,#12722);
#12720=CARTESIAN_POINT('',(3.454,3.526,0.318));
#12721=DIRECTION('',(0.0,0.0,1.0));
#12722=DIRECTION('',(0.,1.,0.));
#12723=FACE_OUTER_BOUND('',#12724,.T.);
#12724=EDGE_LOOP('',(#12725,#12735,#12745,#12755));
#12725=ORIENTED_EDGE('',*,*,#12697,.T.);
#12738=CARTESIAN_POINT('',(4.058,2.824,0.318));
#12737=VERTEX_POINT('',#12738);
#12736=EDGE_CURVE('',#12737,#12688,#12741,.T.);
#12741=LINE('',#12738,#12743);
#12743=VECTOR('',#12744,0.603431529943131);
#12744=DIRECTION('',(-1.0,0.0,0.0));
#12735=ORIENTED_EDGE('',*,*,#12736,.F.);
#12748=CARTESIAN_POINT('',(4.058,3.526,0.318));
#12747=VERTEX_POINT('',#12748);
#12746=EDGE_CURVE('',#12747,#12737,#12751,.T.);
#12751=LINE('',#12748,#12753);
#12753=VECTOR('',#12754,0.702055988653471);
#12754=DIRECTION('',(0.0,-1.0,0.0));
#12745=ORIENTED_EDGE('',*,*,#12746,.F.);
#12756=EDGE_CURVE('',#12698,#12747,#12761,.T.);
#12761=LINE('',#12699,#12763);
#12763=VECTOR('',#12764,0.603431529943131);
#12764=DIRECTION('',(1.0,0.0,0.0));
#12755=ORIENTED_EDGE('',*,*,#12756,.F.);
#12765=STYLED_ITEM('',(#34),#12766);
#12766=ADVANCED_FACE('',(#12772),#12767,.T.);
#12767=PLANE('',#12768);
#12768=AXIS2_PLACEMENT_3D('',#12769,#12770,#12771);
#12769=CARTESIAN_POINT('',(3.454,2.824,0.238));
#12770=DIRECTION('',(0.0,0.0,-1.0));
#12771=DIRECTION('',(0.,1.,0.));
#12772=FACE_OUTER_BOUND('',#12773,.T.);
#12773=EDGE_LOOP('',(#12774,#12784,#12794,#12804));
#12774=ORIENTED_EDGE('',*,*,#12677,.T.);
#12787=CARTESIAN_POINT('',(4.058,3.526,0.238));
#12786=VERTEX_POINT('',#12787);
#12785=EDGE_CURVE('',#12786,#12680,#12790,.T.);
#12790=LINE('',#12787,#12792);
#12792=VECTOR('',#12793,0.603431529943131);
#12793=DIRECTION('',(-1.0,0.0,0.0));
#12784=ORIENTED_EDGE('',*,*,#12785,.F.);
#12797=CARTESIAN_POINT('',(4.058,2.824,0.238));
#12796=VERTEX_POINT('',#12797);
#12795=EDGE_CURVE('',#12796,#12786,#12800,.T.);
#12800=LINE('',#12797,#12802);
#12802=VECTOR('',#12803,0.702055988653471);
#12803=DIRECTION('',(0.0,1.0,0.0));
#12794=ORIENTED_EDGE('',*,*,#12795,.F.);
#12805=EDGE_CURVE('',#12678,#12796,#12810,.T.);
#12810=LINE('',#12679,#12812);
#12812=VECTOR('',#12813,0.603431529943131);
#12813=DIRECTION('',(1.0,0.0,0.0));
#12804=ORIENTED_EDGE('',*,*,#12805,.F.);
#12814=STYLED_ITEM('',(#34),#12815);
#12815=ADVANCED_FACE('',(#12821),#12816,.T.);
#12816=PLANE('',#12817);
#12817=AXIS2_PLACEMENT_3D('',#12818,#12819,#12820);
#12818=CARTESIAN_POINT('',(4.228,2.824,0.138));
#12819=DIRECTION('',(0.966,0.0,0.259));
#12820=DIRECTION('',(0.,0.,1.));
#12821=FACE_OUTER_BOUND('',#12822,.T.);
#12822=EDGE_LOOP('',(#12823,#12833,#12843,#12853));
#12826=CARTESIAN_POINT('',(4.228,3.526,0.138));
#12825=VERTEX_POINT('',#12826);
#12828=CARTESIAN_POINT('',(4.228,2.824,0.138));
#12827=VERTEX_POINT('',#12828);
#12824=EDGE_CURVE('',#12825,#12827,#12829,.T.);
#12829=LINE('',#12826,#12831);
#12831=VECTOR('',#12832,0.702055988954794);
#12832=DIRECTION('',(0.0,-1.0,0.0));
#12823=ORIENTED_EDGE('',*,*,#12824,.F.);
#12836=CARTESIAN_POINT('',(4.211,3.526,0.2));
#12835=VERTEX_POINT('',#12836);
#12834=EDGE_CURVE('',#12835,#12825,#12839,.T.);
#12839=LINE('',#12836,#12841);
#12841=VECTOR('',#12842,0.0638046201988475);
#12842=DIRECTION('',(0.259,0.0,-0.966));
#12833=ORIENTED_EDGE('',*,*,#12834,.F.);
#12846=CARTESIAN_POINT('',(4.211,2.824,0.2));
#12845=VERTEX_POINT('',#12846);
#12844=EDGE_CURVE('',#12845,#12835,#12849,.T.);
#12849=LINE('',#12846,#12851);
#12851=VECTOR('',#12852,0.702055988917149);
#12852=DIRECTION('',(0.0,1.0,0.0));
#12843=ORIENTED_EDGE('',*,*,#12844,.F.);
#12854=EDGE_CURVE('',#12827,#12845,#12859,.T.);
#12859=LINE('',#12828,#12861);
#12861=VECTOR('',#12862,0.0638046201988475);
#12862=DIRECTION('',(-0.259,0.0,0.966));
#12853=ORIENTED_EDGE('',*,*,#12854,.F.);
#12863=STYLED_ITEM('',(#34),#12864);
#12864=ADVANCED_FACE('',(#12870),#12865,.T.);
#12865=PLANE('',#12866);
#12866=AXIS2_PLACEMENT_3D('',#12867,#12868,#12869);
#12867=CARTESIAN_POINT('',(4.151,3.526,0.118));
#12868=DIRECTION('',(-0.966,0.0,-0.259));
#12869=DIRECTION('',(0.,0.,1.));
#12870=FACE_OUTER_BOUND('',#12871,.T.);
#12871=EDGE_LOOP('',(#12872,#12882,#12892,#12902));
#12875=CARTESIAN_POINT('',(4.151,2.824,0.118));
#12874=VERTEX_POINT('',#12875);
#12877=CARTESIAN_POINT('',(4.151,3.526,0.118));
#12876=VERTEX_POINT('',#12877);
#12873=EDGE_CURVE('',#12874,#12876,#12878,.T.);
#12878=LINE('',#12875,#12880);
#12880=VECTOR('',#12881,0.702055988797257);
#12881=DIRECTION('',(0.0,1.0,0.0));
#12872=ORIENTED_EDGE('',*,*,#12873,.F.);
#12885=CARTESIAN_POINT('',(4.135,2.824,0.179));
#12884=VERTEX_POINT('',#12885);
#12883=EDGE_CURVE('',#12884,#12874,#12888,.T.);
#12888=LINE('',#12885,#12890);
#12890=VECTOR('',#12891,0.0638046202012119);
#12891=DIRECTION('',(0.259,0.0,-0.966));
#12882=ORIENTED_EDGE('',*,*,#12883,.F.);
#12895=CARTESIAN_POINT('',(4.135,3.526,0.179));
#12894=VERTEX_POINT('',#12895);
#12893=EDGE_CURVE('',#12894,#12884,#12898,.T.);
#12898=LINE('',#12895,#12900);
#12900=VECTOR('',#12901,0.702055988768467);
#12901=DIRECTION('',(0.0,-1.0,0.0));
#12892=ORIENTED_EDGE('',*,*,#12893,.F.);
#12903=EDGE_CURVE('',#12876,#12894,#12908,.T.);
#12908=LINE('',#12877,#12910);
#12910=VECTOR('',#12911,0.0638046202012121);
#12911=DIRECTION('',(-0.259,0.0,0.966));
#12902=ORIENTED_EDGE('',*,*,#12903,.F.);
#12912=STYLED_ITEM('',(#34),#12913);
#12913=ADVANCED_FACE('',(#12919),#12914,.T.);
#12914=PLANE('',#12915);
#12915=AXIS2_PLACEMENT_3D('',#12916,#12917,#12918);
#12916=CARTESIAN_POINT('',(4.908,2.824,0.079));
#12917=DIRECTION('',(0.0,0.0,1.0));
#12918=DIRECTION('',(0.,1.,0.));
#12919=FACE_OUTER_BOUND('',#12920,.T.);
#12920=EDGE_LOOP('',(#12921,#12931,#12941,#12951));
#12924=CARTESIAN_POINT('',(4.908,3.526,0.079));
#12923=VERTEX_POINT('',#12924);
#12926=CARTESIAN_POINT('',(4.908,2.824,0.079));
#12925=VERTEX_POINT('',#12926);
#12922=EDGE_CURVE('',#12923,#12925,#12927,.T.);
#12927=LINE('',#12924,#12929);
#12929=VECTOR('',#12930,0.702056);
#12930=DIRECTION('',(0.0,-1.0,0.0));
#12921=ORIENTED_EDGE('',*,*,#12922,.F.);
#12934=CARTESIAN_POINT('',(4.304,3.526,0.079));
#12933=VERTEX_POINT('',#12934);
#12932=EDGE_CURVE('',#12933,#12923,#12937,.T.);
#12937=LINE('',#12934,#12939);
#12939=VECTOR('',#12940,0.603431524614585);
#12940=DIRECTION('',(1.0,0.0,0.0));
#12931=ORIENTED_EDGE('',*,*,#12932,.F.);
#12944=CARTESIAN_POINT('',(4.304,2.824,0.079));
#12943=VERTEX_POINT('',#12944);
#12942=EDGE_CURVE('',#12943,#12933,#12947,.T.);
#12947=LINE('',#12944,#12949);
#12949=VECTOR('',#12950,0.702055989163484);
#12950=DIRECTION('',(0.0,1.0,0.0));
#12941=ORIENTED_EDGE('',*,*,#12942,.F.);
#12952=EDGE_CURVE('',#12925,#12943,#12957,.T.);
#12957=LINE('',#12926,#12959);
#12959=VECTOR('',#12960,0.603431524614585);
#12960=DIRECTION('',(-1.0,0.0,0.0));
#12951=ORIENTED_EDGE('',*,*,#12952,.F.);
#12961=STYLED_ITEM('',(#34),#12962);
#12962=ADVANCED_FACE('',(#12968),#12963,.T.);
#12963=PLANE('',#12964);
#12964=AXIS2_PLACEMENT_3D('',#12965,#12966,#12967);
#12965=CARTESIAN_POINT('',(4.304,2.824,0.0));
#12966=DIRECTION('',(0.0,0.0,-1.0));
#12967=DIRECTION('',(0.,1.,0.));
#12968=FACE_OUTER_BOUND('',#12969,.T.);
#12969=EDGE_LOOP('',(#12970,#12980,#12990,#13000));
#12973=CARTESIAN_POINT('',(4.304,3.526,0.0));
#12972=VERTEX_POINT('',#12973);
#12975=CARTESIAN_POINT('',(4.304,2.824,0.0));
#12974=VERTEX_POINT('',#12975);
#12971=EDGE_CURVE('',#12972,#12974,#12976,.T.);
#12976=LINE('',#12973,#12978);
#12978=VECTOR('',#12979,0.702055989163484);
#12979=DIRECTION('',(0.0,-1.0,0.0));
#12970=ORIENTED_EDGE('',*,*,#12971,.F.);
#12983=CARTESIAN_POINT('',(4.908,3.526,0.0));
#12982=VERTEX_POINT('',#12983);
#12981=EDGE_CURVE('',#12982,#12972,#12986,.T.);
#12986=LINE('',#12983,#12988);
#12988=VECTOR('',#12989,0.603431524614585);
#12989=DIRECTION('',(-1.0,0.0,0.0));
#12980=ORIENTED_EDGE('',*,*,#12981,.F.);
#12993=CARTESIAN_POINT('',(4.908,2.824,0.0));
#12992=VERTEX_POINT('',#12993);
#12991=EDGE_CURVE('',#12992,#12982,#12996,.T.);
#12996=LINE('',#12993,#12998);
#12998=VECTOR('',#12999,0.702056);
#12999=DIRECTION('',(0.0,1.0,0.0));
#12990=ORIENTED_EDGE('',*,*,#12991,.F.);
#13001=EDGE_CURVE('',#12974,#12992,#13006,.T.);
#13006=LINE('',#12975,#13008);
#13008=VECTOR('',#13009,0.603431524614585);
#13009=DIRECTION('',(1.0,0.0,0.0));
#13000=ORIENTED_EDGE('',*,*,#13001,.F.);
#13010=STYLED_ITEM('',(#34),#13011);
#13011=ADVANCED_FACE('',(#13017),#13012,.T.);
#13012=PLANE('',#13013);
#13013=AXIS2_PLACEMENT_3D('',#13014,#13015,#13016);
#13014=CARTESIAN_POINT('',(4.908,2.824,0.0));
#13015=DIRECTION('',(1.0,0.0,0.0));
#13016=DIRECTION('',(0.,0.,1.));
#13017=FACE_OUTER_BOUND('',#13018,.T.);
#13018=EDGE_LOOP('',(#13019,#13029,#13039,#13049));
#13019=ORIENTED_EDGE('',*,*,#12991,.T.);
#13030=EDGE_CURVE('',#12923,#12982,#13035,.T.);
#13035=LINE('',#12924,#13037);
#13037=VECTOR('',#13038,0.079375);
#13038=DIRECTION('',(0.0,0.0,-1.0));
#13029=ORIENTED_EDGE('',*,*,#13030,.F.);
#13039=ORIENTED_EDGE('',*,*,#12922,.T.);
#13050=EDGE_CURVE('',#12992,#12925,#13055,.T.);
#13055=LINE('',#12993,#13057);
#13057=VECTOR('',#13058,0.079375);
#13058=DIRECTION('',(0.0,0.0,1.0));
#13049=ORIENTED_EDGE('',*,*,#13050,.F.);
#13059=STYLED_ITEM($,(#34),#13060);
#13060=ADVANCED_FACE($,(#13066),#13061,.T.);
#13061=CYLINDRICAL_SURFACE($,#13062,0.15875);
#13062=AXIS2_PLACEMENT_3D($,#13063,#13064,#13065);
#13063=CARTESIAN_POINT('',(4.058,3.526,0.159));
#13064=DIRECTION('',(0.0,1.0,0.0));
#13065=DIRECTION('',(0.,0.,1.));
#13066=FACE_OUTER_BOUND($,#13067,.T.);
#13067=EDGE_LOOP($,(#13079,#13089,#13100,#13068));
#13079=ORIENTED_EDGE('',*,*,#12746,.T.);
#13090=EDGE_CURVE($,#12845,#12737,#13095,.T.);
#13095=CIRCLE($,#13096,0.15875);
#13097=CARTESIAN_POINT('',(4.058,2.824,0.159));
#13096=AXIS2_PLACEMENT_3D($,#13097,#13098,#13099);
#13098=DIRECTION('',(0.0,-1.0,0.0));
#13099=DIRECTION('',(-0.793,0.0,0.609));
#13089=ORIENTED_EDGE('',*,*,#13090,.F.);
#13100=ORIENTED_EDGE('',*,*,#12844,.T.);
#13069=EDGE_CURVE($,#12747,#12835,#13074,.T.);
#13074=CIRCLE($,#13075,0.15875);
#13076=CARTESIAN_POINT('',(4.058,3.526,0.159));
#13075=AXIS2_PLACEMENT_3D($,#13076,#13077,#13078);
#13077=DIRECTION('',(0.0,1.0,0.0));
#13078=DIRECTION('',(0.793,0.0,-0.609));
#13068=ORIENTED_EDGE('',*,*,#13069,.F.);
#13110=STYLED_ITEM($,(#34),#13111);
#13111=ADVANCED_FACE($,(#13117),#13112,.F.);
#13112=CYLINDRICAL_SURFACE($,#13113,0.079375);
#13113=AXIS2_PLACEMENT_3D($,#13114,#13115,#13116);
#13114=CARTESIAN_POINT('',(4.058,2.824,0.159));
#13115=DIRECTION('',(0.0,1.0,0.0));
#13116=DIRECTION('',(0.,0.,-1.));
#13117=FACE_OUTER_BOUND($,#13118,.T.);
#13118=EDGE_LOOP($,(#13130,#13140,#13151,#13119));
#13130=ORIENTED_EDGE('',*,*,#12795,.T.);
#13141=EDGE_CURVE($,#12894,#12786,#13146,.T.);
#13146=CIRCLE($,#13147,0.079375);
#13147=AXIS2_PLACEMENT_3D($,#13076,#13149,#13150);
#13149=DIRECTION('',(0.0,-1.0,0.0));
#13150=DIRECTION('',(-0.793,0.0,0.609));
#13140=ORIENTED_EDGE('',*,*,#13141,.F.);
#13151=ORIENTED_EDGE('',*,*,#12893,.T.);
#13120=EDGE_CURVE($,#12796,#12884,#13125,.T.);
#13125=CIRCLE($,#13126,0.079375);
#13126=AXIS2_PLACEMENT_3D($,#13097,#13128,#13129);
#13128=DIRECTION('',(0.0,1.0,0.0));
#13129=DIRECTION('',(0.793,0.0,-0.609));
#13119=ORIENTED_EDGE('',*,*,#13120,.F.);
#13161=STYLED_ITEM($,(#34),#13162);
#13162=ADVANCED_FACE($,(#13168),#13163,.F.);
#13163=CYLINDRICAL_SURFACE($,#13164,0.079375);
#13164=AXIS2_PLACEMENT_3D($,#13165,#13166,#13167);
#13165=CARTESIAN_POINT('',(4.304,2.824,0.159));
#13166=DIRECTION('',(0.0,1.0,0.0));
#13167=DIRECTION('',(0.,0.,1.));
#13168=FACE_OUTER_BOUND($,#13169,.T.);
#13169=EDGE_LOOP($,(#13181,#13191,#13202,#13170));
#13181=ORIENTED_EDGE('',*,*,#12942,.T.);
#13192=EDGE_CURVE($,#12825,#12933,#13197,.T.);
#13197=CIRCLE($,#13198,0.079375);
#13199=CARTESIAN_POINT('',(4.304,3.526,0.159));
#13198=AXIS2_PLACEMENT_3D($,#13199,#13200,#13201);
#13200=DIRECTION('',(0.0,-1.0,0.0));
#13201=DIRECTION('',(0.793,0.0,-0.609));
#13191=ORIENTED_EDGE('',*,*,#13192,.F.);
#13202=ORIENTED_EDGE('',*,*,#12824,.T.);
#13171=EDGE_CURVE($,#12943,#12827,#13176,.T.);
#13176=CIRCLE($,#13177,0.079375);
#13178=CARTESIAN_POINT('',(4.304,2.824,0.159));
#13177=AXIS2_PLACEMENT_3D($,#13178,#13179,#13180);
#13179=DIRECTION('',(0.0,1.0,0.0));
#13180=DIRECTION('',(-0.793,0.0,0.609));
#13170=ORIENTED_EDGE('',*,*,#13171,.F.);
#13212=STYLED_ITEM($,(#34),#13213);
#13213=ADVANCED_FACE($,(#13219),#13214,.T.);
#13214=CYLINDRICAL_SURFACE($,#13215,0.15875);
#13215=AXIS2_PLACEMENT_3D($,#13216,#13217,#13218);
#13216=CARTESIAN_POINT('',(4.304,2.824,0.159));
#13217=DIRECTION('',(0.0,1.0,0.0));
#13218=DIRECTION('',(0.,0.,-1.));
#13219=FACE_OUTER_BOUND($,#13220,.T.);
#13220=EDGE_LOOP($,(#13232,#13242,#13253,#13221));
#13232=ORIENTED_EDGE('',*,*,#12971,.T.);
#13243=EDGE_CURVE($,#12874,#12974,#13248,.T.);
#13248=CIRCLE($,#13249,0.15875);
#13249=AXIS2_PLACEMENT_3D($,#13178,#13251,#13252);
#13251=DIRECTION('',(0.0,-1.0,0.0));
#13252=DIRECTION('',(0.793,0.0,-0.609));
#13242=ORIENTED_EDGE('',*,*,#13243,.F.);
#13253=ORIENTED_EDGE('',*,*,#12873,.T.);
#13222=EDGE_CURVE($,#12972,#12876,#13227,.T.);
#13227=CIRCLE($,#13228,0.15875);
#13228=AXIS2_PLACEMENT_3D($,#13199,#13230,#13231);
#13230=DIRECTION('',(0.0,1.0,0.0));
#13231=DIRECTION('',(-0.793,0.0,0.609));
#13221=ORIENTED_EDGE('',*,*,#13222,.F.);
#13263=STYLED_ITEM('color',(#34),#13264);
#13264=ADVANCED_FACE($,(#13270),#13265,.T.);
#13265=PLANE($,#13266);
#13266=AXIS2_PLACEMENT_3D($,#13267,#13268,#13269);
#13267=CARTESIAN_POINT('',(3.454,2.824,0.238));
#13268=DIRECTION('',(0.0,-1.0,0.0));
#13269=DIRECTION('',(1.,0.,0.));
#13270=FACE_OUTER_BOUND($,#13271,.T.);
#13271=EDGE_LOOP($,(#13274, #13284, #13294, #13357, #13368, #13304, #13315, #13325, #13335, #13345, #13378, #13388));
#13274=ORIENTED_EDGE('',*,*,#12736,.T.);
#13284=ORIENTED_EDGE('',*,*,#12687,.T.);
#13294=ORIENTED_EDGE('',*,*,#12805,.T.);
#13357=ORIENTED_EDGE('',*,*,#13120,.T.);
#13368=ORIENTED_EDGE('',*,*,#12883,.T.);
#13304=ORIENTED_EDGE('',*,*,#13243,.T.);
#13315=ORIENTED_EDGE('',*,*,#13001,.T.);
#13325=ORIENTED_EDGE('',*,*,#13050,.T.);
#13335=ORIENTED_EDGE('',*,*,#12952,.T.);
#13345=ORIENTED_EDGE('',*,*,#13171,.T.);
#13378=ORIENTED_EDGE('',*,*,#12854,.T.);
#13388=ORIENTED_EDGE('',*,*,#13090,.T.);
#13399=STYLED_ITEM('color',(#34),#13400);
#13400=ADVANCED_FACE($,(#13406),#13401,.T.);
#13401=PLANE($,#13402);
#13402=AXIS2_PLACEMENT_3D($,#13403,#13404,#13405);
#13403=CARTESIAN_POINT('',(4.304,3.526,0.079));
#13404=DIRECTION('',(0.0,1.0,0.0));
#13405=DIRECTION('',(1.,0.,0.));
#13406=FACE_OUTER_BOUND($,#13407,.T.);
#13407=EDGE_LOOP($,(#13410, #13420, #13430, #13493, #13504, #13440, #13451, #13461, #13471, #13481, #13514, #13524));
#13410=ORIENTED_EDGE('',*,*,#12785,.T.);
#13420=ORIENTED_EDGE('',*,*,#12707,.T.);
#13430=ORIENTED_EDGE('',*,*,#12756,.T.);
#13493=ORIENTED_EDGE('',*,*,#13069,.T.);
#13504=ORIENTED_EDGE('',*,*,#12834,.T.);
#13440=ORIENTED_EDGE('',*,*,#13192,.T.);
#13451=ORIENTED_EDGE('',*,*,#12932,.T.);
#13461=ORIENTED_EDGE('',*,*,#13030,.T.);
#13471=ORIENTED_EDGE('',*,*,#12981,.T.);
#13481=ORIENTED_EDGE('',*,*,#13222,.T.);
#13514=ORIENTED_EDGE('',*,*,#12903,.T.);
#13524=ORIENTED_EDGE('',*,*,#13141,.T.);
#13535=MANIFOLD_SOLID_BREP($,#13536);
#13536=CLOSED_SHELL('',(#13538,#13587,#13636,#13685,#13734,#13783,#13832,#13881,#13930,#13981,#14032,#14083,#14134,#14270));
#13537=STYLED_ITEM('',(#34),#13538);
#13538=ADVANCED_FACE('',(#13544),#13539,.T.);
#13539=PLANE('',#13540);
#13540=AXIS2_PLACEMENT_3D('',#13541,#13542,#13543);
#13541=CARTESIAN_POINT('',(3.454,4.796,0.238));
#13542=DIRECTION('',(-1.0,0.0,0.0));
#13543=DIRECTION('',(0.,0.,1.));
#13544=FACE_OUTER_BOUND('',#13545,.T.);
#13545=EDGE_LOOP('',(#13546,#13556,#13566,#13576));
#13549=CARTESIAN_POINT('',(3.454,4.094,0.238));
#13548=VERTEX_POINT('',#13549);
#13551=CARTESIAN_POINT('',(3.454,4.796,0.238));
#13550=VERTEX_POINT('',#13551);
#13547=EDGE_CURVE('',#13548,#13550,#13552,.T.);
#13552=LINE('',#13549,#13554);
#13554=VECTOR('',#13555,0.702055988260172);
#13555=DIRECTION('',(0.0,1.0,0.0));
#13546=ORIENTED_EDGE('',*,*,#13547,.F.);
#13559=CARTESIAN_POINT('',(3.454,4.094,0.318));
#13558=VERTEX_POINT('',#13559);
#13557=EDGE_CURVE('',#13558,#13548,#13562,.T.);
#13562=LINE('',#13559,#13564);
#13564=VECTOR('',#13565,0.079375);
#13565=DIRECTION('',(0.0,0.0,-1.0));
#13556=ORIENTED_EDGE('',*,*,#13557,.F.);
#13569=CARTESIAN_POINT('',(3.454,4.796,0.318));
#13568=VERTEX_POINT('',#13569);
#13567=EDGE_CURVE('',#13568,#13558,#13572,.T.);
#13572=LINE('',#13569,#13574);
#13574=VECTOR('',#13575,0.702055988260172);
#13575=DIRECTION('',(0.0,-1.0,0.0));
#13566=ORIENTED_EDGE('',*,*,#13567,.F.);
#13577=EDGE_CURVE('',#13550,#13568,#13582,.T.);
#13582=LINE('',#13551,#13584);
#13584=VECTOR('',#13585,0.079375);
#13585=DIRECTION('',(0.0,0.0,1.0));
#13576=ORIENTED_EDGE('',*,*,#13577,.F.);
#13586=STYLED_ITEM('',(#34),#13587);
#13587=ADVANCED_FACE('',(#13593),#13588,.T.);
#13588=PLANE('',#13589);
#13589=AXIS2_PLACEMENT_3D('',#13590,#13591,#13592);
#13590=CARTESIAN_POINT('',(3.454,4.796,0.318));
#13591=DIRECTION('',(0.0,0.0,1.0));
#13592=DIRECTION('',(0.,1.,0.));
#13593=FACE_OUTER_BOUND('',#13594,.T.);
#13594=EDGE_LOOP('',(#13595,#13605,#13615,#13625));
#13595=ORIENTED_EDGE('',*,*,#13567,.T.);
#13608=CARTESIAN_POINT('',(4.058,4.094,0.318));
#13607=VERTEX_POINT('',#13608);
#13606=EDGE_CURVE('',#13607,#13558,#13611,.T.);
#13611=LINE('',#13608,#13613);
#13613=VECTOR('',#13614,0.603431529943131);
#13614=DIRECTION('',(-1.0,0.0,0.0));
#13605=ORIENTED_EDGE('',*,*,#13606,.F.);
#13618=CARTESIAN_POINT('',(4.058,4.796,0.318));
#13617=VERTEX_POINT('',#13618);
#13616=EDGE_CURVE('',#13617,#13607,#13621,.T.);
#13621=LINE('',#13618,#13623);
#13623=VECTOR('',#13624,0.702055988653471);
#13624=DIRECTION('',(0.0,-1.0,0.0));
#13615=ORIENTED_EDGE('',*,*,#13616,.F.);
#13626=EDGE_CURVE('',#13568,#13617,#13631,.T.);
#13631=LINE('',#13569,#13633);
#13633=VECTOR('',#13634,0.603431529943131);
#13634=DIRECTION('',(1.0,0.0,0.0));
#13625=ORIENTED_EDGE('',*,*,#13626,.F.);
#13635=STYLED_ITEM('',(#34),#13636);
#13636=ADVANCED_FACE('',(#13642),#13637,.T.);
#13637=PLANE('',#13638);
#13638=AXIS2_PLACEMENT_3D('',#13639,#13640,#13641);
#13639=CARTESIAN_POINT('',(3.454,4.094,0.238));
#13640=DIRECTION('',(0.0,0.0,-1.0));
#13641=DIRECTION('',(0.,1.,0.));
#13642=FACE_OUTER_BOUND('',#13643,.T.);
#13643=EDGE_LOOP('',(#13644,#13654,#13664,#13674));
#13644=ORIENTED_EDGE('',*,*,#13547,.T.);
#13657=CARTESIAN_POINT('',(4.058,4.796,0.238));
#13656=VERTEX_POINT('',#13657);
#13655=EDGE_CURVE('',#13656,#13550,#13660,.T.);
#13660=LINE('',#13657,#13662);
#13662=VECTOR('',#13663,0.603431529943131);
#13663=DIRECTION('',(-1.0,0.0,0.0));
#13654=ORIENTED_EDGE('',*,*,#13655,.F.);
#13667=CARTESIAN_POINT('',(4.058,4.094,0.238));
#13666=VERTEX_POINT('',#13667);
#13665=EDGE_CURVE('',#13666,#13656,#13670,.T.);
#13670=LINE('',#13667,#13672);
#13672=VECTOR('',#13673,0.702055988653471);
#13673=DIRECTION('',(0.0,1.0,0.0));
#13664=ORIENTED_EDGE('',*,*,#13665,.F.);
#13675=EDGE_CURVE('',#13548,#13666,#13680,.T.);
#13680=LINE('',#13549,#13682);
#13682=VECTOR('',#13683,0.603431529943131);
#13683=DIRECTION('',(1.0,0.0,0.0));
#13674=ORIENTED_EDGE('',*,*,#13675,.F.);
#13684=STYLED_ITEM('',(#34),#13685);
#13685=ADVANCED_FACE('',(#13691),#13686,.T.);
#13686=PLANE('',#13687);
#13687=AXIS2_PLACEMENT_3D('',#13688,#13689,#13690);
#13688=CARTESIAN_POINT('',(4.228,4.094,0.138));
#13689=DIRECTION('',(0.966,0.0,0.259));
#13690=DIRECTION('',(0.,0.,1.));
#13691=FACE_OUTER_BOUND('',#13692,.T.);
#13692=EDGE_LOOP('',(#13693,#13703,#13713,#13723));
#13696=CARTESIAN_POINT('',(4.228,4.796,0.138));
#13695=VERTEX_POINT('',#13696);
#13698=CARTESIAN_POINT('',(4.228,4.094,0.138));
#13697=VERTEX_POINT('',#13698);
#13694=EDGE_CURVE('',#13695,#13697,#13699,.T.);
#13699=LINE('',#13696,#13701);
#13701=VECTOR('',#13702,0.702055988954795);
#13702=DIRECTION('',(0.0,-1.0,0.0));
#13693=ORIENTED_EDGE('',*,*,#13694,.F.);
#13706=CARTESIAN_POINT('',(4.211,4.796,0.2));
#13705=VERTEX_POINT('',#13706);
#13704=EDGE_CURVE('',#13705,#13695,#13709,.T.);
#13709=LINE('',#13706,#13711);
#13711=VECTOR('',#13712,0.0638046201988475);
#13712=DIRECTION('',(0.259,0.0,-0.966));
#13703=ORIENTED_EDGE('',*,*,#13704,.F.);
#13716=CARTESIAN_POINT('',(4.211,4.094,0.2));
#13715=VERTEX_POINT('',#13716);
#13714=EDGE_CURVE('',#13715,#13705,#13719,.T.);
#13719=LINE('',#13716,#13721);
#13721=VECTOR('',#13722,0.702055988917149);
#13722=DIRECTION('',(0.0,1.0,0.0));
#13713=ORIENTED_EDGE('',*,*,#13714,.F.);
#13724=EDGE_CURVE('',#13697,#13715,#13729,.T.);
#13729=LINE('',#13698,#13731);
#13731=VECTOR('',#13732,0.0638046201988475);
#13732=DIRECTION('',(-0.259,0.0,0.966));
#13723=ORIENTED_EDGE('',*,*,#13724,.F.);
#13733=STYLED_ITEM('',(#34),#13734);
#13734=ADVANCED_FACE('',(#13740),#13735,.T.);
#13735=PLANE('',#13736);
#13736=AXIS2_PLACEMENT_3D('',#13737,#13738,#13739);
#13737=CARTESIAN_POINT('',(4.151,4.796,0.118));
#13738=DIRECTION('',(-0.966,0.0,-0.259));
#13739=DIRECTION('',(0.,0.,1.));
#13740=FACE_OUTER_BOUND('',#13741,.T.);
#13741=EDGE_LOOP('',(#13742,#13752,#13762,#13772));
#13745=CARTESIAN_POINT('',(4.151,4.094,0.118));
#13744=VERTEX_POINT('',#13745);
#13747=CARTESIAN_POINT('',(4.151,4.796,0.118));
#13746=VERTEX_POINT('',#13747);
#13743=EDGE_CURVE('',#13744,#13746,#13748,.T.);
#13748=LINE('',#13745,#13750);
#13750=VECTOR('',#13751,0.702055988797257);
#13751=DIRECTION('',(0.0,1.0,0.0));
#13742=ORIENTED_EDGE('',*,*,#13743,.F.);
#13755=CARTESIAN_POINT('',(4.135,4.094,0.179));
#13754=VERTEX_POINT('',#13755);
#13753=EDGE_CURVE('',#13754,#13744,#13758,.T.);
#13758=LINE('',#13755,#13760);
#13760=VECTOR('',#13761,0.0638046202012119);
#13761=DIRECTION('',(0.259,0.0,-0.966));
#13752=ORIENTED_EDGE('',*,*,#13753,.F.);
#13765=CARTESIAN_POINT('',(4.135,4.796,0.179));
#13764=VERTEX_POINT('',#13765);
#13763=EDGE_CURVE('',#13764,#13754,#13768,.T.);
#13768=LINE('',#13765,#13770);
#13770=VECTOR('',#13771,0.702055988768467);
#13771=DIRECTION('',(0.0,-1.0,0.0));
#13762=ORIENTED_EDGE('',*,*,#13763,.F.);
#13773=EDGE_CURVE('',#13746,#13764,#13778,.T.);
#13778=LINE('',#13747,#13780);
#13780=VECTOR('',#13781,0.0638046202012121);
#13781=DIRECTION('',(-0.259,0.0,0.966));
#13772=ORIENTED_EDGE('',*,*,#13773,.F.);
#13782=STYLED_ITEM('',(#34),#13783);
#13783=ADVANCED_FACE('',(#13789),#13784,.T.);
#13784=PLANE('',#13785);
#13785=AXIS2_PLACEMENT_3D('',#13786,#13787,#13788);
#13786=CARTESIAN_POINT('',(4.908,4.094,0.079));
#13787=DIRECTION('',(0.0,0.0,1.0));
#13788=DIRECTION('',(0.,1.,0.));
#13789=FACE_OUTER_BOUND('',#13790,.T.);
#13790=EDGE_LOOP('',(#13791,#13801,#13811,#13821));
#13794=CARTESIAN_POINT('',(4.908,4.796,0.079));
#13793=VERTEX_POINT('',#13794);
#13796=CARTESIAN_POINT('',(4.908,4.094,0.079));
#13795=VERTEX_POINT('',#13796);
#13792=EDGE_CURVE('',#13793,#13795,#13797,.T.);
#13797=LINE('',#13794,#13799);
#13799=VECTOR('',#13800,0.702056);
#13800=DIRECTION('',(0.0,-1.0,0.0));
#13791=ORIENTED_EDGE('',*,*,#13792,.F.);
#13804=CARTESIAN_POINT('',(4.304,4.796,0.079));
#13803=VERTEX_POINT('',#13804);
#13802=EDGE_CURVE('',#13803,#13793,#13807,.T.);
#13807=LINE('',#13804,#13809);
#13809=VECTOR('',#13810,0.603431524614585);
#13810=DIRECTION('',(1.0,0.0,0.0));
#13801=ORIENTED_EDGE('',*,*,#13802,.F.);
#13814=CARTESIAN_POINT('',(4.304,4.094,0.079));
#13813=VERTEX_POINT('',#13814);
#13812=EDGE_CURVE('',#13813,#13803,#13817,.T.);
#13817=LINE('',#13814,#13819);
#13819=VECTOR('',#13820,0.702055989163484);
#13820=DIRECTION('',(0.0,1.0,0.0));
#13811=ORIENTED_EDGE('',*,*,#13812,.F.);
#13822=EDGE_CURVE('',#13795,#13813,#13827,.T.);
#13827=LINE('',#13796,#13829);
#13829=VECTOR('',#13830,0.603431524614585);
#13830=DIRECTION('',(-1.0,0.0,0.0));
#13821=ORIENTED_EDGE('',*,*,#13822,.F.);
#13831=STYLED_ITEM('',(#34),#13832);
#13832=ADVANCED_FACE('',(#13838),#13833,.T.);
#13833=PLANE('',#13834);
#13834=AXIS2_PLACEMENT_3D('',#13835,#13836,#13837);
#13835=CARTESIAN_POINT('',(4.304,4.094,0.0));
#13836=DIRECTION('',(0.0,0.0,-1.0));
#13837=DIRECTION('',(0.,1.,0.));
#13838=FACE_OUTER_BOUND('',#13839,.T.);
#13839=EDGE_LOOP('',(#13840,#13850,#13860,#13870));
#13843=CARTESIAN_POINT('',(4.304,4.796,0.0));
#13842=VERTEX_POINT('',#13843);
#13845=CARTESIAN_POINT('',(4.304,4.094,0.0));
#13844=VERTEX_POINT('',#13845);
#13841=EDGE_CURVE('',#13842,#13844,#13846,.T.);
#13846=LINE('',#13843,#13848);
#13848=VECTOR('',#13849,0.702055989163484);
#13849=DIRECTION('',(0.0,-1.0,0.0));
#13840=ORIENTED_EDGE('',*,*,#13841,.F.);
#13853=CARTESIAN_POINT('',(4.908,4.796,0.0));
#13852=VERTEX_POINT('',#13853);
#13851=EDGE_CURVE('',#13852,#13842,#13856,.T.);
#13856=LINE('',#13853,#13858);
#13858=VECTOR('',#13859,0.603431524614585);
#13859=DIRECTION('',(-1.0,0.0,0.0));
#13850=ORIENTED_EDGE('',*,*,#13851,.F.);
#13863=CARTESIAN_POINT('',(4.908,4.094,0.0));
#13862=VERTEX_POINT('',#13863);
#13861=EDGE_CURVE('',#13862,#13852,#13866,.T.);
#13866=LINE('',#13863,#13868);
#13868=VECTOR('',#13869,0.702056);
#13869=DIRECTION('',(0.0,1.0,0.0));
#13860=ORIENTED_EDGE('',*,*,#13861,.F.);
#13871=EDGE_CURVE('',#13844,#13862,#13876,.T.);
#13876=LINE('',#13845,#13878);
#13878=VECTOR('',#13879,0.603431524614585);
#13879=DIRECTION('',(1.0,0.0,0.0));
#13870=ORIENTED_EDGE('',*,*,#13871,.F.);
#13880=STYLED_ITEM('',(#34),#13881);
#13881=ADVANCED_FACE('',(#13887),#13882,.T.);
#13882=PLANE('',#13883);
#13883=AXIS2_PLACEMENT_3D('',#13884,#13885,#13886);
#13884=CARTESIAN_POINT('',(4.908,4.094,0.0));
#13885=DIRECTION('',(1.0,0.0,0.0));
#13886=DIRECTION('',(0.,0.,1.));
#13887=FACE_OUTER_BOUND('',#13888,.T.);
#13888=EDGE_LOOP('',(#13889,#13899,#13909,#13919));
#13889=ORIENTED_EDGE('',*,*,#13861,.T.);
#13900=EDGE_CURVE('',#13793,#13852,#13905,.T.);
#13905=LINE('',#13794,#13907);
#13907=VECTOR('',#13908,0.079375);
#13908=DIRECTION('',(0.0,0.0,-1.0));
#13899=ORIENTED_EDGE('',*,*,#13900,.F.);
#13909=ORIENTED_EDGE('',*,*,#13792,.T.);
#13920=EDGE_CURVE('',#13862,#13795,#13925,.T.);
#13925=LINE('',#13863,#13927);
#13927=VECTOR('',#13928,0.079375);
#13928=DIRECTION('',(0.0,0.0,1.0));
#13919=ORIENTED_EDGE('',*,*,#13920,.F.);
#13929=STYLED_ITEM($,(#34),#13930);
#13930=ADVANCED_FACE($,(#13936),#13931,.T.);
#13931=CYLINDRICAL_SURFACE($,#13932,0.15875);
#13932=AXIS2_PLACEMENT_3D($,#13933,#13934,#13935);
#13933=CARTESIAN_POINT('',(4.058,4.796,0.159));
#13934=DIRECTION('',(0.0,1.0,0.0));
#13935=DIRECTION('',(0.,0.,1.));
#13936=FACE_OUTER_BOUND($,#13937,.T.);
#13937=EDGE_LOOP($,(#13949,#13959,#13970,#13938));
#13949=ORIENTED_EDGE('',*,*,#13616,.T.);
#13960=EDGE_CURVE($,#13715,#13607,#13965,.T.);
#13965=CIRCLE($,#13966,0.15875);
#13967=CARTESIAN_POINT('',(4.058,4.094,0.159));
#13966=AXIS2_PLACEMENT_3D($,#13967,#13968,#13969);
#13968=DIRECTION('',(0.0,-1.0,0.0));
#13969=DIRECTION('',(-0.793,0.0,0.609));
#13959=ORIENTED_EDGE('',*,*,#13960,.F.);
#13970=ORIENTED_EDGE('',*,*,#13714,.T.);
#13939=EDGE_CURVE($,#13617,#13705,#13944,.T.);
#13944=CIRCLE($,#13945,0.15875);
#13946=CARTESIAN_POINT('',(4.058,4.796,0.159));
#13945=AXIS2_PLACEMENT_3D($,#13946,#13947,#13948);
#13947=DIRECTION('',(0.0,1.0,0.0));
#13948=DIRECTION('',(0.793,0.0,-0.609));
#13938=ORIENTED_EDGE('',*,*,#13939,.F.);
#13980=STYLED_ITEM($,(#34),#13981);
#13981=ADVANCED_FACE($,(#13987),#13982,.F.);
#13982=CYLINDRICAL_SURFACE($,#13983,0.079375);
#13983=AXIS2_PLACEMENT_3D($,#13984,#13985,#13986);
#13984=CARTESIAN_POINT('',(4.058,4.094,0.159));
#13985=DIRECTION('',(0.0,1.0,0.0));
#13986=DIRECTION('',(0.,0.,-1.));
#13987=FACE_OUTER_BOUND($,#13988,.T.);
#13988=EDGE_LOOP($,(#14000,#14010,#14021,#13989));
#14000=ORIENTED_EDGE('',*,*,#13665,.T.);
#14011=EDGE_CURVE($,#13764,#13656,#14016,.T.);
#14016=CIRCLE($,#14017,0.079375);
#14017=AXIS2_PLACEMENT_3D($,#13946,#14019,#14020);
#14019=DIRECTION('',(0.0,-1.0,0.0));
#14020=DIRECTION('',(-0.793,0.0,0.609));
#14010=ORIENTED_EDGE('',*,*,#14011,.F.);
#14021=ORIENTED_EDGE('',*,*,#13763,.T.);
#13990=EDGE_CURVE($,#13666,#13754,#13995,.T.);
#13995=CIRCLE($,#13996,0.079375);
#13996=AXIS2_PLACEMENT_3D($,#13967,#13998,#13999);
#13998=DIRECTION('',(0.0,1.0,0.0));
#13999=DIRECTION('',(0.793,0.0,-0.609));
#13989=ORIENTED_EDGE('',*,*,#13990,.F.);
#14031=STYLED_ITEM($,(#34),#14032);
#14032=ADVANCED_FACE($,(#14038),#14033,.F.);
#14033=CYLINDRICAL_SURFACE($,#14034,0.079375);
#14034=AXIS2_PLACEMENT_3D($,#14035,#14036,#14037);
#14035=CARTESIAN_POINT('',(4.304,4.094,0.159));
#14036=DIRECTION('',(0.0,1.0,0.0));
#14037=DIRECTION('',(0.,0.,1.));
#14038=FACE_OUTER_BOUND($,#14039,.T.);
#14039=EDGE_LOOP($,(#14051,#14061,#14072,#14040));
#14051=ORIENTED_EDGE('',*,*,#13812,.T.);
#14062=EDGE_CURVE($,#13695,#13803,#14067,.T.);
#14067=CIRCLE($,#14068,0.079375);
#14069=CARTESIAN_POINT('',(4.304,4.796,0.159));
#14068=AXIS2_PLACEMENT_3D($,#14069,#14070,#14071);
#14070=DIRECTION('',(0.0,-1.0,0.0));
#14071=DIRECTION('',(0.793,0.0,-0.609));
#14061=ORIENTED_EDGE('',*,*,#14062,.F.);
#14072=ORIENTED_EDGE('',*,*,#13694,.T.);
#14041=EDGE_CURVE($,#13813,#13697,#14046,.T.);
#14046=CIRCLE($,#14047,0.079375);
#14048=CARTESIAN_POINT('',(4.304,4.094,0.159));
#14047=AXIS2_PLACEMENT_3D($,#14048,#14049,#14050);
#14049=DIRECTION('',(0.0,1.0,0.0));
#14050=DIRECTION('',(-0.793,0.0,0.609));
#14040=ORIENTED_EDGE('',*,*,#14041,.F.);
#14082=STYLED_ITEM($,(#34),#14083);
#14083=ADVANCED_FACE($,(#14089),#14084,.T.);
#14084=CYLINDRICAL_SURFACE($,#14085,0.15875);
#14085=AXIS2_PLACEMENT_3D($,#14086,#14087,#14088);
#14086=CARTESIAN_POINT('',(4.304,4.094,0.159));
#14087=DIRECTION('',(0.0,1.0,0.0));
#14088=DIRECTION('',(0.,0.,-1.));
#14089=FACE_OUTER_BOUND($,#14090,.T.);
#14090=EDGE_LOOP($,(#14102,#14112,#14123,#14091));
#14102=ORIENTED_EDGE('',*,*,#13841,.T.);
#14113=EDGE_CURVE($,#13744,#13844,#14118,.T.);
#14118=CIRCLE($,#14119,0.15875);
#14119=AXIS2_PLACEMENT_3D($,#14048,#14121,#14122);
#14121=DIRECTION('',(0.0,-1.0,0.0));
#14122=DIRECTION('',(0.793,0.0,-0.609));
#14112=ORIENTED_EDGE('',*,*,#14113,.F.);
#14123=ORIENTED_EDGE('',*,*,#13743,.T.);
#14092=EDGE_CURVE($,#13842,#13746,#14097,.T.);
#14097=CIRCLE($,#14098,0.15875);
#14098=AXIS2_PLACEMENT_3D($,#14069,#14100,#14101);
#14100=DIRECTION('',(0.0,1.0,0.0));
#14101=DIRECTION('',(-0.793,0.0,0.609));
#14091=ORIENTED_EDGE('',*,*,#14092,.F.);
#14133=STYLED_ITEM('color',(#34),#14134);
#14134=ADVANCED_FACE($,(#14140),#14135,.T.);
#14135=PLANE($,#14136);
#14136=AXIS2_PLACEMENT_3D($,#14137,#14138,#14139);
#14137=CARTESIAN_POINT('',(3.454,4.094,0.238));
#14138=DIRECTION('',(0.0,-1.0,0.0));
#14139=DIRECTION('',(1.,0.,0.));
#14140=FACE_OUTER_BOUND($,#14141,.T.);
#14141=EDGE_LOOP($,(#14144, #14154, #14164, #14227, #14238, #14174, #14185, #14195, #14205, #14215, #14248, #14258));
#14144=ORIENTED_EDGE('',*,*,#13606,.T.);
#14154=ORIENTED_EDGE('',*,*,#13557,.T.);
#14164=ORIENTED_EDGE('',*,*,#13675,.T.);
#14227=ORIENTED_EDGE('',*,*,#13990,.T.);
#14238=ORIENTED_EDGE('',*,*,#13753,.T.);
#14174=ORIENTED_EDGE('',*,*,#14113,.T.);
#14185=ORIENTED_EDGE('',*,*,#13871,.T.);
#14195=ORIENTED_EDGE('',*,*,#13920,.T.);
#14205=ORIENTED_EDGE('',*,*,#13822,.T.);
#14215=ORIENTED_EDGE('',*,*,#14041,.T.);
#14248=ORIENTED_EDGE('',*,*,#13724,.T.);
#14258=ORIENTED_EDGE('',*,*,#13960,.T.);
#14269=STYLED_ITEM('color',(#34),#14270);
#14270=ADVANCED_FACE($,(#14276),#14271,.T.);
#14271=PLANE($,#14272);
#14272=AXIS2_PLACEMENT_3D($,#14273,#14274,#14275);
#14273=CARTESIAN_POINT('',(4.304,4.796,0.079));
#14274=DIRECTION('',(0.0,1.0,0.0));
#14275=DIRECTION('',(1.,0.,0.));
#14276=FACE_OUTER_BOUND($,#14277,.T.);
#14277=EDGE_LOOP($,(#14280, #14290, #14300, #14363, #14374, #14310, #14321, #14331, #14341, #14351, #14384, #14394));
#14280=ORIENTED_EDGE('',*,*,#13655,.T.);
#14290=ORIENTED_EDGE('',*,*,#13577,.T.);
#14300=ORIENTED_EDGE('',*,*,#13626,.T.);
#14363=ORIENTED_EDGE('',*,*,#13939,.T.);
#14374=ORIENTED_EDGE('',*,*,#13704,.T.);
#14310=ORIENTED_EDGE('',*,*,#14062,.T.);
#14321=ORIENTED_EDGE('',*,*,#13802,.T.);
#14331=ORIENTED_EDGE('',*,*,#13900,.T.);
#14341=ORIENTED_EDGE('',*,*,#13851,.T.);
#14351=ORIENTED_EDGE('',*,*,#14092,.T.);
#14384=ORIENTED_EDGE('',*,*,#13773,.T.);
#14394=ORIENTED_EDGE('',*,*,#14011,.T.);
ENDSEC;
END-ISO-10303-21;
