ISO-10303-21;
HEADER;
FILE_DESCRIPTION (( 'STEP AP214' ),
    '1' );
FILE_NAME ('CD-DF406SL.STEP',
    '2023-09-09T03:12:58',
    ( '' ),
    ( '' ),
    'SwSTEP 2.0',
    'SolidWorks 2022',
    '' );
FILE_SCHEMA (( 'AUTOMOTIVE_DESIGN' ));
ENDSEC;

DATA;
#1 = ORIENTED_EDGE ( 'NONE', *, *, #42, .T. ) ;
#2 = CARTESIAN_POINT ( 'NONE',  ( -1.450000000000000400, 0.000000000000000000, -7.250000000000000000 ) ) ;
#3 = EDGE_CURVE ( 'NONE', #1433, #87, #1581, .T. ) ;
#4 = VECTOR ( 'NONE', #237, 1000.000000000000000 ) ;
#5 = EDGE_LOOP ( 'NONE', ( #888, #1244, #1699, #1119 ) ) ;
#6 = CARTESIAN_POINT ( 'NONE',  ( -2.550000000000000266, -0.1000000000000002554, -5.250000000000000000 ) ) ;
#7 = CARTESIAN_POINT ( 'NONE',  ( -1.450000000000000844, 0.000000000000000000, 1.572093150103982415E-16 ) ) ;
#8 = DIRECTION ( 'NONE',  ( -0.000000000000000000, -1.000000000000000000, -0.000000000000000000 ) ) ;
#9 = VECTOR ( 'NONE', #1152, 1000.000000000000000 ) ;
#10 = LINE ( 'NONE', #1333, #433 ) ;
#11 = VERTEX_POINT ( 'NONE', #1034 ) ;
#12 =( LENGTH_UNIT ( ) NAMED_UNIT ( * ) SI_UNIT ( .MILLI., .METRE. ) );
#13 = ORIENTED_EDGE ( 'NONE', *, *, #118, .T. ) ;
#14 = AXIS2_PLACEMENT_3D ( 'NONE', #436, #1060, #816 ) ;
#15 = EDGE_CURVE ( 'NONE', #1568, #1507, #1447, .T. ) ;
#16 = DIRECTION ( 'NONE',  ( 1.652117596168388002E-16, 0.000000000000000000, 1.000000000000000000 ) ) ;
#17 = LINE ( 'NONE', #565, #67 ) ;
#18 = DIRECTION ( 'NONE',  ( 0.000000000000000000, 0.000000000000000000, -1.000000000000000000 ) ) ;
#19 = LINE ( 'NONE', #1072, #1392 ) ;
#20 = ORIENTED_EDGE ( 'NONE', *, *, #647, .T. ) ;
#21 = CARTESIAN_POINT ( 'NONE',  ( 3.649999999999999467, -0.1000000000000002554, 3.250000000000000444 ) ) ;
#22 = ORIENTED_EDGE ( 'NONE', *, *, #547, .T. ) ;
#23 = CARTESIAN_POINT ( 'NONE',  ( -4.049999999999999822, 2.000000000000000000, -5.250000000000000000 ) ) ;
#24 = FACE_OUTER_BOUND ( 'NONE', #1526, .T. ) ;
#25 = CIRCLE ( 'NONE', #1000, 0.7499999999999997780 ) ;
#26 = ADVANCED_FACE ( 'NONE', ( #514 ), #1411, .F. ) ;
#27 = AXIS2_PLACEMENT_3D ( 'NONE', #261, #1186, #757 ) ;
#28 = LINE ( 'NONE', #437, #1053 ) ;
#29 = CARTESIAN_POINT ( 'NONE',  ( -1.450000000000000400, -0.1000000000000002554, -3.250000000000000444 ) ) ;
#30 = VECTOR ( 'NONE', #48, 1000.000000000000000 ) ;
#31 = VERTEX_POINT ( 'NONE', #1283 ) ;
#32 = CARTESIAN_POINT ( 'NONE',  ( 1.449999999999997735, 2.000000000000000000, -7.250000000000000888 ) ) ;
#33 = ORIENTED_EDGE ( 'NONE', *, *, #1546, .F. ) ;
#34 = CARTESIAN_POINT ( 'NONE',  ( -1.799999999999999822, -0.1000000000000002554, 5.250000000000000000 ) ) ;
#35 = LINE ( 'NONE', #1070, #1374 ) ;
#36 = CARTESIAN_POINT ( 'NONE',  ( 3.649999999999998135, 2.000000000000000000, -5.250000000000000000 ) ) ;
#37 = LINE ( 'NONE', #317, #951 ) ;
#38 = EDGE_CURVE ( 'NONE', #855, #1518, #95, .T. ) ;
#39 = VECTOR ( 'NONE', #199, 1000.000000000000000 ) ;
#40 = VERTEX_POINT ( 'NONE', #498 ) ;
#41 = FILL_AREA_STYLE ('',( #52 ) ) ;
#42 = EDGE_CURVE ( 'NONE', #1057, #1568, #1444, .T. ) ;
#43 = ORIENTED_EDGE ( 'NONE', *, *, #513, .T. ) ;
#44 = VECTOR ( 'NONE', #698, 1000.000000000000000 ) ;
#45 = DIRECTION ( 'NONE',  ( 0.000000000000000000, 0.000000000000000000, 1.000000000000000000 ) ) ;
#46 = DIRECTION ( 'NONE',  ( 1.084202172485504434E-16, 0.000000000000000000, 1.000000000000000000 ) ) ;
#47 = AXIS2_PLACEMENT_3D ( 'NONE', #1187, #129, #247 ) ;
#48 = DIRECTION ( 'NONE',  ( -1.000000000000000000, -0.000000000000000000, -0.000000000000000000 ) ) ;
#49 = DIRECTION ( 'NONE',  ( 0.000000000000000000, 1.000000000000000000, 0.000000000000000000 ) ) ;
#50 = EDGE_CURVE ( 'NONE', #87, #226, #1496, .T. ) ;
#51 = VERTEX_POINT ( 'NONE', #1206 ) ;
#52 = FILL_AREA_STYLE_COLOUR ( '', #1099 ) ;
#53 = ADVANCED_FACE ( 'NONE', ( #1221 ), #827, .F. ) ;
#54 = ORIENTED_EDGE ( 'NONE', *, *, #42, .F. ) ;
#55 = FACE_OUTER_BOUND ( 'NONE', #1351, .T. ) ;
#56 = LINE ( 'NONE', #1140, #357 ) ;
#57 = AXIS2_PLACEMENT_3D ( 'NONE', #169, #1457, #16 ) ;
#58 = PLANE ( 'NONE',  #482 ) ;
#59 = PLANE ( 'NONE',  #1116 ) ;
#60 = ORIENTED_EDGE ( 'NONE', *, *, #137, .T. ) ;
#61 = DIRECTION ( 'NONE',  ( 1.000000000000000000, 0.000000000000000000, 0.000000000000000000 ) ) ;
#62 = AXIS2_PLACEMENT_3D ( 'NONE', #272, #1620, #934 ) ;
#63 = VERTEX_POINT ( 'NONE', #668 ) ;
#64 = EDGE_CURVE ( 'NONE', #688, #156, #677, .T. ) ;
#65 = DIRECTION ( 'NONE',  ( 1.000000000000000000, 0.000000000000000000, -0.000000000000000000 ) ) ;
#66 = FILL_AREA_STYLE ('',( #743 ) ) ;
#67 = VECTOR ( 'NONE', #161, 1000.000000000000000 ) ;
#68 = SURFACE_SIDE_STYLE ('',( #212 ) ) ;
#69 = FACE_OUTER_BOUND ( 'NONE', #1693, .T. ) ;
#70 = ORIENTED_EDGE ( 'NONE', *, *, #1511, .F. ) ;
#71 = PLANE ( 'NONE',  #1073 ) ;
#72 = ORIENTED_EDGE ( 'NONE', *, *, #711, .F. ) ;
#73 = CIRCLE ( 'NONE', #298, 0.7499999999999997780 ) ;
#74 = DIRECTION ( 'NONE',  ( 0.000000000000000000, 0.000000000000000000, 1.000000000000000000 ) ) ;
#75 = LINE ( 'NONE', #1399, #1295 ) ;
#76 = EDGE_CURVE ( 'NONE', #146, #130, #1349, .T. ) ;
#77 = VECTOR ( 'NONE', #1228, 1000.000000000000000 ) ;
#78 =( LENGTH_UNIT ( ) NAMED_UNIT ( * ) SI_UNIT ( .MILLI., .METRE. ) );
#79 = CARTESIAN_POINT ( 'NONE',  ( -1.450000000000000400, -0.1000000000000002554, -3.250000000000000444 ) ) ;
#80 = VERTEX_POINT ( 'NONE', #694 ) ;
#81 = CARTESIAN_POINT ( 'NONE',  ( 1.449999999999998401, 0.000000000000000000, -3.250000000000001332 ) ) ;
#82 = EDGE_LOOP ( 'NONE', ( #848, #839, #908, #987 ) ) ;
#83 = LINE ( 'NONE', #613, #44 ) ;
#84 = DIRECTION ( 'NONE',  ( -1.000000000000000000, 0.000000000000000000, -0.000000000000000000 ) ) ;
#85 = DIRECTION ( 'NONE',  ( -0.000000000000000000, 1.000000000000000000, -0.000000000000000000 ) ) ;
#86 = EDGE_CURVE ( 'NONE', #905, #563, #1097, .T. ) ;
#87 = VERTEX_POINT ( 'NONE', #163 ) ;
#88 = CARTESIAN_POINT ( 'NONE',  ( -1.450000000000000400, 0.000000000000000000, -7.250000000000000000 ) ) ;
#89 = ORIENTED_EDGE ( 'NONE', *, *, #1045, .F. ) ;
#90 = LINE ( 'NONE', #1009, #983 ) ;
#91 = DIRECTION ( 'NONE',  ( 0.000000000000000000, 0.000000000000000000, -1.000000000000000000 ) ) ;
#92 = DIRECTION ( 'NONE',  ( 1.000000000000000000, 0.000000000000000000, 0.000000000000000000 ) ) ;
#93 = AXIS2_PLACEMENT_3D ( 'NONE', #155, #1629, #809 ) ;
#94 = EDGE_CURVE ( 'NONE', #1568, #683, #28, .T. ) ;
#95 = LINE ( 'NONE', #1690, #257 ) ;
#96 = CARTESIAN_POINT ( 'NONE',  ( 3.299999999999998046, -0.1000000000000002554, -5.250000000000000000 ) ) ;
#97 = EDGE_CURVE ( 'NONE', #775, #124, #307, .T. ) ;
#98 = ORIENTED_EDGE ( 'NONE', *, *, #1188, .T. ) ;
#99 = VECTOR ( 'NONE', #1179, 1000.000000000000000 ) ;
#100 = LINE ( 'NONE', #653, #627 ) ;
#101 = DIRECTION ( 'NONE',  ( 0.000000000000000000, 1.000000000000000000, 0.000000000000000000 ) ) ;
#102 = CARTESIAN_POINT ( 'NONE',  ( -1.799999999999999600, 2.100000000000000089, 5.250000000000000000 ) ) ;
#103 = ORIENTED_EDGE ( 'NONE', *, *, #420, .T. ) ;
#104 = LINE ( 'NONE', #636, #830 ) ;
#105 = VECTOR ( 'NONE', #293, 1000.000000000000000 ) ;
#106 = PRODUCT_DEFINITION_FORMATION_WITH_SPECIFIED_SOURCE ( 'ANY', '', #1389, .NOT_KNOWN. ) ;
#107 = AXIS2_PLACEMENT_3D ( 'NONE', #596, #1118, #463 ) ;
#108 = EDGE_LOOP ( 'NONE', ( #1063, #1296, #759, #292 ) ) ;
#109 = EDGE_CURVE ( 'NONE', #1126, #589, #1611, .T. ) ;
#110 = ORIENTED_EDGE ( 'NONE', *, *, #355, .T. ) ;
#111 = FACE_OUTER_BOUND ( 'NONE', #196, .T. ) ;
#112 =( NAMED_UNIT ( * ) PLANE_ANGLE_UNIT ( ) SI_UNIT ( $, .RADIAN. ) );
#113 = VECTOR ( 'NONE', #260, 1000.000000000000000 ) ;
#114 = ORIENTED_EDGE ( 'NONE', *, *, #894, .T. ) ;
#115 = DIRECTION ( 'NONE',  ( -1.000000000000000000, -0.000000000000000000, -0.000000000000000000 ) ) ;
#116 = ORIENTED_EDGE ( 'NONE', *, *, #38, .T. ) ;
#117 = ORIENTED_EDGE ( 'NONE', *, *, #547, .F. ) ;
#118 = EDGE_CURVE ( 'NONE', #873, #1180, #397, .T. ) ;
#119 = CARTESIAN_POINT ( 'NONE',  ( -1.799999999999999822, 2.100000000000000089, 5.250000000000000000 ) ) ;
#120 = FILL_AREA_STYLE ('',( #368 ) ) ;
#121 = ORIENTED_EDGE ( 'NONE', *, *, #1456, .F. ) ;
#122 = DIRECTION ( 'NONE',  ( 1.000000000000000000, 0.000000000000000000, 0.000000000000000000 ) ) ;
#123 = ORIENTED_EDGE ( 'NONE', *, *, #291, .T. ) ;
#124 = VERTEX_POINT ( 'NONE', #1477 ) ;
#125 = LINE ( 'NONE', #119, #474 ) ;
#126 = LINE ( 'NONE', #1721, #4 ) ;
#127 = EDGE_CURVE ( 'NONE', #1176, #11, #1088, .T. ) ;
#128 = EDGE_LOOP ( 'NONE', ( #326, #731, #1157, #138, #898, #1319 ) ) ;
#129 = DIRECTION ( 'NONE',  ( 1.000000000000000000, -0.000000000000000000, 0.000000000000000000 ) ) ;
#130 = VERTEX_POINT ( 'NONE', #36 ) ;
#131 = CARTESIAN_POINT ( 'NONE',  ( -1.450000000000000400, 0.000000000000000000, -5.250000000000000000 ) ) ;
#132 = ORIENTED_EDGE ( 'NONE', *, *, #94, .F. ) ;
#133 = CARTESIAN_POINT ( 'NONE',  ( 3.649999999999998135, 2.100000000000000089, -3.250000000000001332 ) ) ;
#134 = LINE ( 'NONE', #826, #1338 ) ;
#135 = CARTESIAN_POINT ( 'NONE',  ( 1.449999999999998179, -0.1000000000000002554, -5.250000000000000000 ) ) ;
#136 = DIRECTION ( 'NONE',  ( 1.000000000000000000, -0.000000000000000000, 0.000000000000000000 ) ) ;
#137 = EDGE_CURVE ( 'NONE', #977, #697, #1142, .T. ) ;
#138 = ORIENTED_EDGE ( 'NONE', *, *, #823, .T. ) ;
#139 = DIRECTION ( 'NONE',  ( -1.000000000000000000, 0.000000000000000000, -0.000000000000000000 ) ) ;
#140 = STYLED_ITEM ( 'NONE', ( #1263 ), #271 ) ;
#141 = AXIS2_PLACEMENT_3D ( 'NONE', #895, #952, #1332 ) ;
#142 = DIRECTION ( 'NONE',  ( 0.000000000000000000, 0.000000000000000000, 1.000000000000000000 ) ) ;
#143 = CARTESIAN_POINT ( 'NONE',  ( -3.649999999999999911, 2.000000000000000000, -3.250000000000000444 ) ) ;
#144 = DIRECTION ( 'NONE',  ( -1.000000000000000000, 0.000000000000000000, 0.000000000000000000 ) ) ;
#145 = DIRECTION ( 'NONE',  ( 0.000000000000000000, 0.000000000000000000, -1.000000000000000000 ) ) ;
#146 = VERTEX_POINT ( 'NONE', #703 ) ;
#147 = FACE_OUTER_BOUND ( 'NONE', #786, .T. ) ;
#148 = CIRCLE ( 'NONE', #1030, 0.7499999999999997780 ) ;
#149 = ADVANCED_FACE ( 'NONE', ( #1470 ), #1213, .T. ) ;
#150 = STYLED_ITEM ( 'NONE', ( #1571 ), #1413 ) ;
#151 = ORIENTED_EDGE ( 'NONE', *, *, #556, .F. ) ;
#152 = DIRECTION ( 'NONE',  ( 0.000000000000000000, 1.000000000000000000, 0.000000000000000000 ) ) ;
#153 = DIRECTION ( 'NONE',  ( -1.000000000000000000, -0.000000000000000000, -0.000000000000000000 ) ) ;
#154 = CARTESIAN_POINT ( 'NONE',  ( -3.649999999999999911, 0.000000000000000000, -3.250000000000000444 ) ) ;
#155 = CARTESIAN_POINT ( 'NONE',  ( -2.549999999999999822, -0.1000000000000002554, 5.250000000000000000 ) ) ;
#156 = VERTEX_POINT ( 'NONE', #289 ) ;
#157 = CARTESIAN_POINT ( 'NONE',  ( 1.449999999999999956, -0.1000000000000002554, 5.250000000000000000 ) ) ;
#158 = EDGE_LOOP ( 'NONE', ( #250, #939, #1, #1029 ) ) ;
#159 = ADVANCED_FACE ( 'NONE', ( #541 ), #818, .T. ) ;
#160 = FACE_OUTER_BOUND ( 'NONE', #1178, .T. ) ;
#161 = DIRECTION ( 'NONE',  ( -1.000000000000000000, -0.000000000000000000, -0.000000000000000000 ) ) ;
#162 = AXIS2_PLACEMENT_3D ( 'NONE', #1143, #1002, #332 ) ;
#163 = CARTESIAN_POINT ( 'NONE',  ( -3.649999999999999911, 0.000000000000000000, -3.250000000000000444 ) ) ;
#164 = LINE ( 'NONE', #1342, #1008 ) ;
#165 = ORIENTED_EDGE ( 'NONE', *, *, #568, .F. ) ;
#166 = DIRECTION ( 'NONE',  ( -0.000000000000000000, -1.000000000000000000, -0.000000000000000000 ) ) ;
#167 = ORIENTED_EDGE ( 'NONE', *, *, #1455, .T. ) ;
#168 = EDGE_CURVE ( 'NONE', #380, #146, #428, .T. ) ;
#169 = CARTESIAN_POINT ( 'NONE',  ( 4.049999999999999822, 2.000000000000000000, -5.250000000000000000 ) ) ;
#170 = CARTESIAN_POINT ( 'NONE',  ( 1.799999999999999600, -0.1000000000000002554, 5.250000000000000000 ) ) ;
#171 = ADVANCED_FACE ( 'NONE', ( #1638 ), #800, .F. ) ;
#172 = AXIS2_PLACEMENT_3D ( 'NONE', #1459, #944, #299 ) ;
#173 = CARTESIAN_POINT ( 'NONE',  ( 2.549999999999998490, -0.1000000000000002554, -5.250000000000000000 ) ) ;
#174 = PLANE ( 'NONE',  #1682 ) ;
#175 = ORIENTED_EDGE ( 'NONE', *, *, #1685, .T. ) ;
#176 = CARTESIAN_POINT ( 'NONE',  ( 1.449999999999999956, -0.1000000000000002554, 5.250000000000000000 ) ) ;
#177 = ORIENTED_EDGE ( 'NONE', *, *, #1724, .T. ) ;
#178 = VECTOR ( 'NONE', #1698, 1000.000000000000000 ) ;
#179 = LINE ( 'NONE', #1113, #1630 ) ;
#180 = CARTESIAN_POINT ( 'NONE',  ( 0.000000000000000000, 0.000000000000000000, 0.000000000000000000 ) ) ;
#181 =( NAMED_UNIT ( * ) PLANE_ANGLE_UNIT ( ) SI_UNIT ( $, .RADIAN. ) );
#182 = LINE ( 'NONE', #1350, #1268 ) ;
#183 = EDGE_CURVE ( 'NONE', #80, #442, #412, .T. ) ;
#184 = VECTOR ( 'NONE', #1288, 1000.000000000000000 ) ;
#185 = ORIENTED_EDGE ( 'NONE', *, *, #207, .T. ) ;
#186 =( NAMED_UNIT ( * ) PLANE_ANGLE_UNIT ( ) SI_UNIT ( $, .RADIAN. ) );
#187 = ORIENTED_EDGE ( 'NONE', *, *, #1016, .F. ) ;
#188 = LINE ( 'NONE', #1388, #1588 ) ;
#189 = CARTESIAN_POINT ( 'NONE',  ( 2.549999999999998490, -0.1000000000000002554, -5.250000000000000000 ) ) ;
#190 = PRESENTATION_LAYER_ASSIGNMENT (  '', '', ( #933 ) ) ;
#191 = AXIS2_PLACEMENT_3D ( 'NONE', #402, #378, #1292 ) ;
#192 = CARTESIAN_POINT ( 'NONE',  ( -4.049999999999999822, 2.000000000000000000, -5.250000000000000000 ) ) ;
#193 = FILL_AREA_STYLE_COLOUR ( '', #1059 ) ;
#194 = VECTOR ( 'NONE', #549, 1000.000000000000000 ) ;
#195 = ADVANCED_FACE ( 'NONE', ( #976 ), #58, .T. ) ;
#196 = EDGE_LOOP ( 'NONE', ( #972, #177, #301, #33, #712, #965, #956, #1084, #805, #1425, #721, #242, #320, #243, #1191, #857, #1554, #927, #256, #546 ) ) ;
#197 = PLANE ( 'NONE',  #107 ) ;
#198 = VERTEX_POINT ( 'NONE', #593 ) ;
#199 = DIRECTION ( 'NONE',  ( 1.000000000000000000, 0.000000000000000000, 0.000000000000000000 ) ) ;
#200 = FACE_OUTER_BOUND ( 'NONE', #454, .T. ) ;
#201 = CARTESIAN_POINT ( 'NONE',  ( -1.800000000000000266, 2.100000000000000089, -5.250000000000000000 ) ) ;
#202 = EDGE_LOOP ( 'NONE', ( #699, #187, #431, #1172 ) ) ;
#203 = CARTESIAN_POINT ( 'NONE',  ( -1.450000000000000178, 2.000000000000000000, 5.250000000000000000 ) ) ;
#204 = EDGE_CURVE ( 'NONE', #527, #156, #1531, .T. ) ;
#205 = AXIS2_PLACEMENT_3D ( 'NONE', #686, #1628, #18 ) ;
#206 = VERTEX_POINT ( 'NONE', #1132 ) ;
#207 = EDGE_CURVE ( 'NONE', #1676, #508, #1591, .T. ) ;
#208 = AXIS2_PLACEMENT_3D ( 'NONE', #1255, #477, #1401 ) ;
#209 = LINE ( 'NONE', #329, #575 ) ;
#210 =( NAMED_UNIT ( * ) SI_UNIT ( $, .STERADIAN. ) SOLID_ANGLE_UNIT ( ) );
#211 = VECTOR ( 'NONE', #837, 1000.000000000000000 ) ;
#212 = SURFACE_STYLE_FILL_AREA ( #844 ) ;
#213 = CARTESIAN_POINT ( 'NONE',  ( 0.000000000000000000, 2.000000000000000000, 0.000000000000000000 ) ) ;
#214 = ORIENTED_EDGE ( 'NONE', *, *, #964, .F. ) ;
#215 = CARTESIAN_POINT ( 'NONE',  ( -1.450000000000000400, 2.100000000000000089, -3.250000000000000444 ) ) ;
#216 = AXIS2_PLACEMENT_3D ( 'NONE', #1327, #528, #1019 ) ;
#217 = ORIENTED_EDGE ( 'NONE', *, *, #241, .F. ) ;
#218 = ADVANCED_FACE ( 'NONE', ( #1247 ), #1670, .F. ) ;
#219 = CARTESIAN_POINT ( 'NONE',  ( -3.649999999999999911, 0.000000000000000000, -3.250000000000000444 ) ) ;
#220 = SURFACE_STYLE_USAGE ( .BOTH. , #1121 ) ;
#221 = LINE ( 'NONE', #1114, #30 ) ;
#222 = SURFACE_STYLE_FILL_AREA ( #325 ) ;
#223 = AXIS2_PLACEMENT_3D ( 'NONE', #81, #996, #61 ) ;
#224 = VERTEX_POINT ( 'NONE', #853 ) ;
#225 = CARTESIAN_POINT ( 'NONE',  ( 3.649999999999999467, -0.1000000000000002554, 3.250000000000000444 ) ) ;
#226 = VERTEX_POINT ( 'NONE', #727 ) ;
#227 = FACE_OUTER_BOUND ( 'NONE', #352, .T. ) ;
#228 = ADVANCED_FACE ( 'NONE', ( #200 ), #877, .T. ) ;
#229 = DIRECTION ( 'NONE',  ( -1.000000000000000000, 0.000000000000000000, -0.000000000000000000 ) ) ;
#230 = EDGE_CURVE ( 'NONE', #265, #1294, #1237, .T. ) ;
#231 = DIRECTION ( 'NONE',  ( 0.000000000000000000, 1.000000000000000000, 0.000000000000000000 ) ) ;
#232 = DIRECTION ( 'NONE',  ( 0.000000000000000000, 1.000000000000000000, 0.000000000000000000 ) ) ;
#233 = VECTOR ( 'NONE', #1192, 1000.000000000000000 ) ;
#234 = VERTEX_POINT ( 'NONE', #1505 ) ;
#235 = CARTESIAN_POINT ( 'NONE',  ( 4.050000000000001599, 2.000000000000000000, 5.250000000000000000 ) ) ;
#236 = CARTESIAN_POINT ( 'NONE',  ( -1.450000000000000400, 2.100000000000000089, -5.250000000000000000 ) ) ;
#237 = DIRECTION ( 'NONE',  ( 0.000000000000000000, 1.000000000000000000, 0.000000000000000000 ) ) ;
#238 = AXIS2_PLACEMENT_3D ( 'NONE', #1383, #601, #1648 ) ;
#239 = VERTEX_POINT ( 'NONE', #600 ) ;
#240 = PLANE ( 'NONE',  #1406 ) ;
#241 = EDGE_CURVE ( 'NONE', #1489, #1224, #221, .T. ) ;
#242 = ORIENTED_EDGE ( 'NONE', *, *, #1260, .T. ) ;
#243 = ORIENTED_EDGE ( 'NONE', *, *, #578, .F. ) ;
#244 = AXIS2_PLACEMENT_3D ( 'NONE', #1064, #405, #139 ) ;
#245 = CARTESIAN_POINT ( 'NONE',  ( 3.299999999999998046, -0.1000000000000002554, -5.250000000000000000 ) ) ;
#246 = EDGE_LOOP ( 'NONE', ( #552, #500, #610, #881 ) ) ;
#247 = DIRECTION ( 'NONE',  ( 0.000000000000000000, 0.000000000000000000, -1.000000000000000000 ) ) ;
#248 = ADVANCED_FACE ( 'NONE', ( #720 ), #1656, .F. ) ;
#249 = EDGE_LOOP ( 'NONE', ( #650, #371, #971, #165 ) ) ;
#250 = ORIENTED_EDGE ( 'NONE', *, *, #1622, .F. ) ;
#251 = PLANE ( 'NONE',  #1414 ) ;
#252 = DIRECTION ( 'NONE',  ( 0.000000000000000000, 1.000000000000000000, 0.000000000000000000 ) ) ;
#253 = AXIS2_PLACEMENT_3D ( 'NONE', #913, #91, #389 ) ;
#254 = VERTEX_POINT ( 'NONE', #615 ) ;
#255 = LINE ( 'NONE', #783, #554 ) ;
#256 = ORIENTED_EDGE ( 'NONE', *, *, #1240, .F. ) ;
#257 = VECTOR ( 'NONE', #369, 1000.000000000000000 ) ;
#258 = ORIENTED_EDGE ( 'NONE', *, *, #501, .T. ) ;
#259 = EDGE_CURVE ( 'NONE', #1291, #1126, #339, .T. ) ;
#260 = DIRECTION ( 'NONE',  ( -1.000000000000000000, -0.000000000000000000, -0.000000000000000000 ) ) ;
#261 = CARTESIAN_POINT ( 'NONE',  ( 2.549999999999999822, -0.1000000000000002554, 5.250000000000000000 ) ) ;
#262 = CARTESIAN_POINT ( 'NONE',  ( 3.649999999999999467, 0.000000000000000000, 0.000000000000000000 ) ) ;
#263 = VERTEX_POINT ( 'NONE', #324 ) ;
#264 = CARTESIAN_POINT ( 'NONE',  ( 2.549999999999998490, -0.1000000000000002554, -4.500000000000000888 ) ) ;
#265 = VERTEX_POINT ( 'NONE', #316 ) ;
#266 = UNCERTAINTY_MEASURE_WITH_UNIT (LENGTH_MEASURE( 1.000000000000000082E-05 ), #992, 'distance_accuracy_value', 'NONE');
#267 = VECTOR ( 'NONE', #484, 1000.000000000000000 ) ;
#268 = ADVANCED_FACE ( 'NONE', ( #460 ), #985, .T. ) ;
#269 = LINE ( 'NONE', #1329, #1587 ) ;
#270 = LINE ( 'NONE', #1513, #1100 ) ;
#271 = MANIFOLD_SOLID_BREP ( 'Boss-Extrude2[2]', #1562 ) ;
#272 = CARTESIAN_POINT ( 'NONE',  ( 1.449999999999998401, -0.1000000000000002554, -3.250000000000001332 ) ) ;
#273 = CARTESIAN_POINT ( 'NONE',  ( -1.450000000000000400, 2.100000000000000089, 3.250000000000000444 ) ) ;
#274 = EDGE_LOOP ( 'NONE', ( #1651, #1307, #337, #471 ) ) ;
#275 = CARTESIAN_POINT ( 'NONE',  ( -3.649999999999999911, -0.1000000000000002554, -3.250000000000000444 ) ) ;
#276 = VECTOR ( 'NONE', #1566, 1000.000000000000000 ) ;
#277 = ORIENTED_EDGE ( 'NONE', *, *, #1555, .T. ) ;
#278 = PLANE ( 'NONE',  #57 ) ;
#279 = DIRECTION ( 'NONE',  ( -0.000000000000000000, -1.000000000000000000, -0.000000000000000000 ) ) ;
#280 = EDGE_CURVE ( 'NONE', #449, #146, #860, .T. ) ;
#281 = DIRECTION ( 'NONE',  ( 1.000000000000000000, 0.000000000000000000, 0.000000000000000000 ) ) ;
#282 = DIRECTION ( 'NONE',  ( 0.000000000000000000, 1.000000000000000000, 0.000000000000000000 ) ) ;
#283 = ADVANCED_FACE ( 'NONE', ( #111 ), #495, .F. ) ;
#284 = EDGE_LOOP ( 'NONE', ( #1660, #639, #1725, #532 ) ) ;
#285 = SURFACE_STYLE_USAGE ( .BOTH. , #1083 ) ;
#286 = VERTEX_POINT ( 'NONE', #1680 ) ;
#287 = LINE ( 'NONE', #1211, #1223 ) ;
#288 = PLANE ( 'NONE',  #14 ) ;
#289 = CARTESIAN_POINT ( 'NONE',  ( 1.449999999999998179, 2.100000000000000089, -5.250000000000000000 ) ) ;
#290 = PLANE ( 'NONE',  #93 ) ;
#291 = EDGE_CURVE ( 'NONE', #977, #873, #648, .T. ) ;
#292 = ORIENTED_EDGE ( 'NONE', *, *, #1642, .T. ) ;
#293 = DIRECTION ( 'NONE',  ( 1.000000000000000000, 0.000000000000000000, 0.000000000000000000 ) ) ;
#294 = MECHANICAL_DESIGN_GEOMETRIC_PRESENTATION_REPRESENTATION (  '', ( #150 ), #923 ) ;
#295 = ORIENTED_EDGE ( 'NONE', *, *, #1198, .T. ) ;
#296 = CARTESIAN_POINT ( 'NONE',  ( -4.049999999999998934, 2.000000000000000000, 5.250000000000000000 ) ) ;
#297 = LINE ( 'NONE', #170, #194 ) ;
#298 = AXIS2_PLACEMENT_3D ( 'NONE', #321, #849, #74 ) ;
#299 = DIRECTION ( 'NONE',  ( 0.000000000000000000, 0.000000000000000000, 1.000000000000000000 ) ) ;
#300 = LINE ( 'NONE', #828, #679 ) ;
#301 = ORIENTED_EDGE ( 'NONE', *, *, #787, .F. ) ;
#302 = EDGE_CURVE ( 'NONE', #1199, #286, #1313, .T. ) ;
#303 = ORIENTED_EDGE ( 'NONE', *, *, #1564, .T. ) ;
#304 = AXIS2_PLACEMENT_3D ( 'NONE', #542, #1478, #678 ) ;
#305 = CARTESIAN_POINT ( 'NONE',  ( -3.649999999999999911, 0.000000000000000000, 3.250000000000000444 ) ) ;
#306 = LINE ( 'NONE', #1599, #1243 ) ;
#307 = LINE ( 'NONE', #566, #813 ) ;
#308 = LINE ( 'NONE', #1497, #211 ) ;
#309 = VERTEX_POINT ( 'NONE', #236 ) ;
#310 = LINE ( 'NONE', #587, #829 ) ;
#311 = ORIENTED_EDGE ( 'NONE', *, *, #64, .F. ) ;
#312 = EDGE_CURVE ( 'NONE', #1649, #904, #1289, .T. ) ;
#313 = DIRECTION ( 'NONE',  ( 0.000000000000000000, 1.000000000000000000, 0.000000000000000000 ) ) ;
#314 = DIRECTION ( 'NONE',  ( -1.000000000000000000, -0.000000000000000000, -0.000000000000000000 ) ) ;
#315 = VECTOR ( 'NONE', #1512, 1000.000000000000000 ) ;
#316 = CARTESIAN_POINT ( 'NONE',  ( -3.299999999999999822, 2.100000000000000089, -5.250000000000000000 ) ) ;
#317 = CARTESIAN_POINT ( 'NONE',  ( -4.049999999999999822, 0.000000000000000000, -5.250000000000000000 ) ) ;
#318 = ORIENTED_EDGE ( 'NONE', *, *, #513, .F. ) ;
#319 = PRESENTATION_STYLE_ASSIGNMENT (( #285 ) ) ;
#320 = ORIENTED_EDGE ( 'NONE', *, *, #1090, .F. ) ;
#321 = CARTESIAN_POINT ( 'NONE',  ( 2.549999999999999822, 2.100000000000000089, 5.250000000000000000 ) ) ;
#322 = DIRECTION ( 'NONE',  ( 0.000000000000000000, -0.000000000000000000, 1.000000000000000000 ) ) ;
#323 = ADVANCED_FACE ( 'NONE', ( #1579 ), #779, .T. ) ;
#324 = CARTESIAN_POINT ( 'NONE',  ( 3.649999999999999467, 0.000000000000000000, 5.250000000000000000 ) ) ;
#325 = FILL_AREA_STYLE ('',( #193 ) ) ;
#326 = ORIENTED_EDGE ( 'NONE', *, *, #973, .T. ) ;
#327 = DIRECTION ( 'NONE',  ( 0.000000000000000000, 0.000000000000000000, 1.000000000000000000 ) ) ;
#328 = ORIENTED_EDGE ( 'NONE', *, *, #1334, .T. ) ;
#329 = CARTESIAN_POINT ( 'NONE',  ( -3.649999999999999911, 0.000000000000000000, 3.250000000000000444 ) ) ;
#330 = CARTESIAN_POINT ( 'NONE',  ( -3.649999999999999467, -0.1000000000000002554, 5.250000000000000000 ) ) ;
#331 = VECTOR ( 'NONE', #1431, 1000.000000000000000 ) ;
#332 = DIRECTION ( 'NONE',  ( 2.168404344971008868E-16, 0.000000000000000000, 1.000000000000000000 ) ) ;
#333 = LINE ( 'NONE', #1657, #1364 ) ;
#334 = ORIENTED_EDGE ( 'NONE', *, *, #910, .F. ) ;
#335 = CARTESIAN_POINT ( 'NONE',  ( 3.299999999999999822, -0.1000000000000002554, 5.250000000000000000 ) ) ;
#336 = EDGE_CURVE ( 'NONE', #683, #716, #1031, .T. ) ;
#337 = ORIENTED_EDGE ( 'NONE', *, *, #1501, .T. ) ;
#338 = CARTESIAN_POINT ( 'NONE',  ( 1.449999999999999734, 2.000000000000000000, 3.250000000000000444 ) ) ;
#339 = LINE ( 'NONE', #1390, #1298 ) ;
#340 = FACE_OUTER_BOUND ( 'NONE', #246, .T. ) ;
#341 = CLOSED_SHELL ( 'NONE', ( #768, #53, #228, #1025, #1123, #366, #195, #1006, #875 ) ) ;
#342 = VERTEX_POINT ( 'NONE', #358 ) ;
#343 = CARTESIAN_POINT ( 'NONE',  ( -2.550000000000000266, -0.1000000000000002554, -5.250000000000000000 ) ) ;
#344 = ADVANCED_FACE ( 'NONE', ( #771 ), #502, .F. ) ;
#345 = VERTEX_POINT ( 'NONE', #788 ) ;
#346 = CARTESIAN_POINT ( 'NONE',  ( -3.649999999999999911, 2.000000000000000000, -3.250000000000000444 ) ) ;
#347 = VECTOR ( 'NONE', #279, 1000.000000000000000 ) ;
#348 = DIRECTION ( 'NONE',  ( 1.000000000000000000, 0.000000000000000000, -8.260587980841940012E-17 ) ) ;
#349 = DIRECTION ( 'NONE',  ( 0.000000000000000000, -0.000000000000000000, 1.000000000000000000 ) ) ;
#350 = ORIENTED_EDGE ( 'NONE', *, *, #617, .T. ) ;
#351 = DIRECTION ( 'NONE',  ( 1.000000000000000000, 0.000000000000000000, -1.084202172485504434E-16 ) ) ;
#352 = EDGE_LOOP ( 'NONE', ( #1498, #1596, #1625, #123 ) ) ;
#353 = EDGE_CURVE ( 'NONE', #1507, #1291, #125, .T. ) ;
#354 = CARTESIAN_POINT ( 'NONE',  ( -1.450000000000000400, -0.1000000000000002554, 3.250000000000000444 ) ) ;
#355 = EDGE_CURVE ( 'NONE', #206, #379, #655, .T. ) ;
#356 = UNCERTAINTY_MEASURE_WITH_UNIT (LENGTH_MEASURE( 1.000000000000000082E-05 ), #1131, 'distance_accuracy_value', 'NONE');
#357 = VECTOR ( 'NONE', #1262, 1000.000000000000000 ) ;
#358 = CARTESIAN_POINT ( 'NONE',  ( -2.550000000000000266, 2.100000000000000089, -4.500000000000000888 ) ) ;
#359 = SURFACE_STYLE_USAGE ( .BOTH. , #616 ) ;
#360 = AXIS2_PLACEMENT_3D ( 'NONE', #1276, #351, #880 ) ;
#361 = VERTEX_POINT ( 'NONE', #632 ) ;
#362 = LINE ( 'NONE', #1284, #443 ) ;
#363 = ORIENTED_EDGE ( 'NONE', *, *, #1712, .F. ) ;
#364 = PRODUCT_RELATED_PRODUCT_CATEGORY ( 'part', '', ( #1389 ) ) ;
#365 = LINE ( 'NONE', #928, #408 ) ;
#366 = ADVANCED_FACE ( 'NONE', ( #520 ), #251, .T. ) ;
#367 = LINE ( 'NONE', #373, #1504 ) ;
#368 = FILL_AREA_STYLE_COLOUR ( '', #1204 ) ;
#369 = DIRECTION ( 'NONE',  ( 0.000000000000000000, 0.000000000000000000, 1.000000000000000000 ) ) ;
#370 = CARTESIAN_POINT ( 'NONE',  ( 3.649999999999999467, 0.000000000000000000, 3.250000000000000444 ) ) ;
#371 = ORIENTED_EDGE ( 'NONE', *, *, #682, .T. ) ;
#372 = UNCERTAINTY_MEASURE_WITH_UNIT (LENGTH_MEASURE( 1.000000000000000082E-05 ), #1689, 'distance_accuracy_value', 'NONE');
#373 = CARTESIAN_POINT ( 'NONE',  ( -4.049999999999998934, 0.000000000000000000, 5.250000000000000000 ) ) ;
#374 = VECTOR ( 'NONE', #85, 1000.000000000000000 ) ;
#375 = DIRECTION ( 'NONE',  ( 1.000000000000000000, 0.000000000000000000, -1.084202172485504434E-16 ) ) ;
#376 = EDGE_CURVE ( 'NONE', #740, #361, #1026, .T. ) ;
#377 = ORIENTED_EDGE ( 'NONE', *, *, #1555, .F. ) ;
#378 = DIRECTION ( 'NONE',  ( 0.000000000000000000, 0.000000000000000000, 1.000000000000000000 ) ) ;
#379 = VERTEX_POINT ( 'NONE', #907 ) ;
#380 = VERTEX_POINT ( 'NONE', #1563 ) ;
#381 = CARTESIAN_POINT ( 'NONE',  ( -1.450000000000000178, -0.1000000000000002554, 5.250000000000000000 ) ) ;
#382 = ORIENTED_EDGE ( 'NONE', *, *, #823, .F. ) ;
#383 = DIRECTION ( 'NONE',  ( -0.000000000000000000, 0.000000000000000000, -1.000000000000000000 ) ) ;
#384 = AXIS2_PLACEMENT_3D ( 'NONE', #458, #1236, #583 ) ;
#385 = EDGE_CURVE ( 'NONE', #263, #1593, #367, .T. ) ;
#386 = ORIENTED_EDGE ( 'NONE', *, *, #1210, .F. ) ;
#387 = ORIENTED_EDGE ( 'NONE', *, *, #640, .F. ) ;
#388 = PRODUCT_DEFINITION_CONTEXT ( 'detailed design', #1443, 'design' ) ;
#389 = DIRECTION ( 'NONE',  ( -1.000000000000000000, 0.000000000000000000, -0.000000000000000000 ) ) ;
#390 = CARTESIAN_POINT ( 'NONE',  ( -1.450000000000000178, -0.1000000000000002554, 5.250000000000000000 ) ) ;
#391 = ORIENTED_EDGE ( 'NONE', *, *, #946, .F. ) ;
#392 = DIRECTION ( 'NONE',  ( 0.000000000000000000, 0.000000000000000000, -1.000000000000000000 ) ) ;
#393 = VECTOR ( 'NONE', #1475, 1000.000000000000000 ) ;
#394 = ORIENTED_EDGE ( 'NONE', *, *, #1432, .T. ) ;
#395 = FACE_OUTER_BOUND ( 'NONE', #1337, .T. ) ;
#396 = EDGE_CURVE ( 'NONE', #871, #224, #884, .T. ) ;
#397 = CIRCLE ( 'NONE', #1253, 0.7499999999999997780 ) ;
#398 = ORIENTED_EDGE ( 'NONE', *, *, #903, .F. ) ;
#399 = FACE_OUTER_BOUND ( 'NONE', #1209, .T. ) ;
#400 = CARTESIAN_POINT ( 'NONE',  ( -4.049999999999998934, 0.000000000000000000, 5.250000000000000000 ) ) ;
#401 = ORIENTED_EDGE ( 'NONE', *, *, #1694, .F. ) ;
#402 = CARTESIAN_POINT ( 'NONE',  ( -3.649999999999999911, -0.1000000000000002554, -3.250000000000000444 ) ) ;
#403 = VECTOR ( 'NONE', #1517, 1000.000000000000000 ) ;
#404 = ORIENTED_EDGE ( 'NONE', *, *, #733, .T. ) ;
#405 = DIRECTION ( 'NONE',  ( 0.000000000000000000, 0.000000000000000000, -1.000000000000000000 ) ) ;
#406 = ORIENTED_EDGE ( 'NONE', *, *, #86, .F. ) ;
#407 = EDGE_CURVE ( 'NONE', #1603, #31, #1166, .T. ) ;
#408 = VECTOR ( 'NONE', #1281, 1000.000000000000000 ) ;
#409 = ADVANCED_FACE ( 'NONE', ( #834 ), #278, .F. ) ;
#410 = LINE ( 'NONE', #1485, #943 ) ;
#411 = PLANE ( 'NONE',  #1719 ) ;
#412 = LINE ( 'NONE', #1540, #1538 ) ;
#413 = CARTESIAN_POINT ( 'NONE',  ( 1.449999999999997735, 0.000000000000000000, -7.250000000000000888 ) ) ;
#414 = EDGE_LOOP ( 'NONE', ( #705, #912, #1615, #1102 ) ) ;
#415 = DIRECTION ( 'NONE',  ( -1.000000000000000000, 0.000000000000000000, -0.000000000000000000 ) ) ;
#416 = VECTOR ( 'NONE', #1005, 1000.000000000000000 ) ;
#417 = ORIENTED_EDGE ( 'NONE', *, *, #1479, .T. ) ;
#418 = CARTESIAN_POINT ( 'NONE',  ( -1.450000000000000400, -0.1000000000000002554, -5.250000000000000000 ) ) ;
#419 = FACE_OUTER_BOUND ( 'NONE', #158, .T. ) ;
#420 = EDGE_CURVE ( 'NONE', #716, #1126, #410, .T. ) ;
#421 = CARTESIAN_POINT ( 'NONE',  ( 2.549999999999998490, 2.100000000000000089, -5.250000000000000000 ) ) ;
#422 = DIRECTION ( 'NONE',  ( 1.084202172485504434E-16, 0.000000000000000000, 1.000000000000000000 ) ) ;
#423 = ORIENTED_EDGE ( 'NONE', *, *, #353, .T. ) ;
#424 = FACE_OUTER_BOUND ( 'NONE', #5, .T. ) ;
#425 = VERTEX_POINT ( 'NONE', #557 ) ;
#426 = CARTESIAN_POINT ( 'NONE',  ( 3.649999999999998135, 0.000000000000000000, -3.250000000000001332 ) ) ;
#427 = DIRECTION ( 'NONE',  ( -1.084202172485504434E-16, 0.000000000000000000, -1.000000000000000000 ) ) ;
#428 = LINE ( 'NONE', #836, #646 ) ;
#429 = DIRECTION ( 'NONE',  ( -1.000000000000000000, 0.000000000000000000, 1.626303258728256651E-16 ) ) ;
#430 = EDGE_CURVE ( 'NONE', #1603, #803, #940, .T. ) ;
#431 = ORIENTED_EDGE ( 'NONE', *, *, #1201, .T. ) ;
#432 = CARTESIAN_POINT ( 'NONE',  ( 3.649999999999999467, 2.100000000000000089, 3.250000000000000444 ) ) ;
#433 = VECTOR ( 'NONE', #1602, 1000.000000000000000 ) ;
#434 = ORIENTED_EDGE ( 'NONE', *, *, #1378, .F. ) ;
#435 = CARTESIAN_POINT ( 'NONE',  ( 3.299999999999999822, -0.1000000000000002554, 5.250000000000000000 ) ) ;
#436 = CARTESIAN_POINT ( 'NONE',  ( 1.449999999999999956, -0.1000000000000002554, 5.250000000000000000 ) ) ;
#437 = CARTESIAN_POINT ( 'NONE',  ( -1.799999999999999822, -0.1000000000000002554, 5.250000000000000000 ) ) ;
#438 = LINE ( 'NONE', #1062, #1542 ) ;
#439 = VERTEX_POINT ( 'NONE', #418 ) ;
#440 = ADVANCED_FACE ( 'NONE', ( #1618 ), #692, .F. ) ;
#441 = COLOUR_RGB ( '',0.7529411764705882248, 0.7529411764705882248, 0.7529411764705882248 ) ;
#442 = VERTEX_POINT ( 'NONE', #1598 ) ;
#443 = VECTOR ( 'NONE', #626, 1000.000000000000000 ) ;
#444 = CARTESIAN_POINT ( 'NONE',  ( 1.449999999999998179, -0.1000000000000002554, -5.250000000000000000 ) ) ;
#445 = CARTESIAN_POINT ( 'NONE',  ( 3.649999999999997691, 2.000000000000000000, -5.250000000000000000 ) ) ;
#446 = DIRECTION ( 'NONE',  ( 0.000000000000000000, -0.000000000000000000, 1.000000000000000000 ) ) ;
#447 = ORIENTED_EDGE ( 'NONE', *, *, #854, .T. ) ;
#448 = VECTOR ( 'NONE', #558, 1000.000000000000000 ) ;
#449 = VERTEX_POINT ( 'NONE', #426 ) ;
#450 = EDGE_CURVE ( 'NONE', #1713, #63, #806, .T. ) ;
#451 = CARTESIAN_POINT ( 'NONE',  ( -3.299999999999999822, -0.1000000000000002554, 5.250000000000000000 ) ) ;
#452 = CARTESIAN_POINT ( 'NONE',  ( 1.449999999999998401, -0.1000000000000002554, -3.250000000000001332 ) ) ;
#453 = CARTESIAN_POINT ( 'NONE',  ( 2.549999999999999822, 2.100000000000000089, 5.250000000000000000 ) ) ;
#454 = EDGE_LOOP ( 'NONE', ( #911, #995, #1111, #1550 ) ) ;
#455 = ORIENTED_EDGE ( 'NONE', *, *, #921, .T. ) ;
#456 = VECTOR ( 'NONE', #797, 1000.000000000000000 ) ;
#457 = DIRECTION ( 'NONE',  ( -1.000000000000000000, -0.000000000000000000, -0.000000000000000000 ) ) ;
#458 = CARTESIAN_POINT ( 'NONE',  ( -2.550000000000000266, 2.100000000000000089, -5.250000000000000000 ) ) ;
#459 = EDGE_CURVE ( 'NONE', #80, #361, #1339, .T. ) ;
#460 = FACE_OUTER_BOUND ( 'NONE', #202, .T. ) ;
#461 = DIRECTION ( 'NONE',  ( 0.000000000000000000, 0.000000000000000000, -1.000000000000000000 ) ) ;
#462 = EDGE_LOOP ( 'NONE', ( #1343, #328, #579, #1500 ) ) ;
#463 = DIRECTION ( 'NONE',  ( 1.000000000000000000, 0.000000000000000000, 0.000000000000000000 ) ) ;
#464 = ORIENTED_EDGE ( 'NONE', *, *, #798, .F. ) ;
#465 = STYLED_ITEM ( 'NONE', ( #1499 ), #851 ) ;
#466 = PLANE ( 'NONE',  #767 ) ;
#467 = CARTESIAN_POINT ( 'NONE',  ( -4.049999999999999822, 2.000000000000000000, -5.250000000000000000 ) ) ;
#468 = ADVANCED_BREP_SHAPE_REPRESENTATION ( 'CD-DF406SL', ( #851, #1400, #271, #870, #1413, #1405 ), #631 ) ;
#469 = DIRECTION ( 'NONE',  ( 0.000000000000000000, 1.000000000000000000, 0.000000000000000000 ) ) ;
#470 = EDGE_CURVE ( 'NONE', #795, #1224, #269, .T. ) ;
#471 = ORIENTED_EDGE ( 'NONE', *, *, #568, .T. ) ;
#472 = CARTESIAN_POINT ( 'NONE',  ( -1.450000000000000400, -0.1000000000000002554, 3.250000000000000444 ) ) ;
#473 = ORIENTED_EDGE ( 'NONE', *, *, #38, .F. ) ;
#474 = VECTOR ( 'NONE', #753, 1000.000000000000000 ) ;
#475 = CARTESIAN_POINT ( 'NONE',  ( -4.049999999999998934, 2.000000000000000000, 5.250000000000000000 ) ) ;
#476 = VECTOR ( 'NONE', #1410, 1000.000000000000000 ) ;
#477 = DIRECTION ( 'NONE',  ( 0.000000000000000000, 0.000000000000000000, -1.000000000000000000 ) ) ;
#478 = FACE_OUTER_BOUND ( 'NONE', #1379, .T. ) ;
#479 = EDGE_CURVE ( 'NONE', #775, #1603, #539, .T. ) ;
#480 = ORIENTED_EDGE ( 'NONE', *, *, #954, .T. ) ;
#481 = FACE_OUTER_BOUND ( 'NONE', #929, .T. ) ;
#482 = AXIS2_PLACEMENT_3D ( 'NONE', #993, #1124, #84 ) ;
#483 = VERTEX_POINT ( 'NONE', #133 ) ;
#484 = DIRECTION ( 'NONE',  ( -0.000000000000000000, 1.000000000000000000, -0.000000000000000000 ) ) ;
#485 =( GEOMETRIC_REPRESENTATION_CONTEXT ( 3 ) GLOBAL_UNCERTAINTY_ASSIGNED_CONTEXT ( ( #1426 ) ) GLOBAL_UNIT_ASSIGNED_CONTEXT ( ( #1238, #1372, #1428 ) ) REPRESENTATION_CONTEXT ( 'NONE', 'WORKASPACE' ) );
#486 =( NAMED_UNIT ( * ) SI_UNIT ( $, .STERADIAN. ) SOLID_ANGLE_UNIT ( ) );
#487 = CARTESIAN_POINT ( 'NONE',  ( -1.800000000000000266, 2.100000000000000089, -5.250000000000000000 ) ) ;
#488 = EDGE_LOOP ( 'NONE', ( #597, #680, #535, #635 ) ) ;
#489 = DIRECTION ( 'NONE',  ( 0.000000000000000000, 1.000000000000000000, 0.000000000000000000 ) ) ;
#490 = AXIS2_PLACEMENT_3D ( 'NONE', #1190, #1687, #1585 ) ;
#491 = ORIENTED_EDGE ( 'NONE', *, *, #1685, .F. ) ;
#492 = ADVANCED_FACE ( 'NONE', ( #399 ), #825, .F. ) ;
#493 = PLANE ( 'NONE',  #216 ) ;
#494 = VECTOR ( 'NONE', #570, 1000.000000000000000 ) ;
#495 = PLANE ( 'NONE',  #998 ) ;
#496 = LINE ( 'NONE', #1418, #874 ) ;
#497 = VECTOR ( 'NONE', #122, 1000.000000000000000 ) ;
#498 = CARTESIAN_POINT ( 'NONE',  ( 1.449999999999998401, 0.000000000000000000, -3.250000000000001332 ) ) ;
#499 = CYLINDRICAL_SURFACE ( 'NONE', #1183, 0.7499999999999997780 ) ;
#500 = ORIENTED_EDGE ( 'NONE', *, *, #376, .T. ) ;
#501 = EDGE_CURVE ( 'NONE', #769, #905, #796, .T. ) ;
#502 = PLANE ( 'NONE',  #253 ) ;
#503 = SURFACE_STYLE_USAGE ( .BOTH. , #754 ) ;
#504 = ORIENTED_EDGE ( 'NONE', *, *, #1252, .T. ) ;
#505 = LINE ( 'NONE', #916, #1692 ) ;
#506 = VECTOR ( 'NONE', #1487, 1000.000000000000000 ) ;
#507 = ORIENTED_EDGE ( 'NONE', *, *, #711, .T. ) ;
#508 = VERTEX_POINT ( 'NONE', #1085 ) ;
#509 = AXIS2_PLACEMENT_3D ( 'NONE', #192, #348, #1516 ) ;
#510 = CARTESIAN_POINT ( 'NONE',  ( 3.649999999999999467, 0.000000000000000000, 3.250000000000000444 ) ) ;
#511 = VECTOR ( 'NONE', #1220, 1000.000000000000000 ) ;
#512 =( NAMED_UNIT ( * ) SI_UNIT ( $, .STERADIAN. ) SOLID_ANGLE_UNIT ( ) );
#513 = EDGE_CURVE ( 'NONE', #1328, #707, #1347, .T. ) ;
#514 = FACE_OUTER_BOUND ( 'NONE', #1710, .T. ) ;
#515 = LINE ( 'NONE', #792, #1128 ) ;
#516 = ORIENTED_EDGE ( 'NONE', *, *, #168, .F. ) ;
#517 = VECTOR ( 'NONE', #919, 1000.000000000000000 ) ;
#518 = ORIENTED_EDGE ( 'NONE', *, *, #1274, .T. ) ;
#519 = DIRECTION ( 'NONE',  ( 1.000000000000000000, 0.000000000000000000, 0.000000000000000000 ) ) ;
#520 = FACE_OUTER_BOUND ( 'NONE', #1706, .T. ) ;
#521 = CARTESIAN_POINT ( 'NONE',  ( -3.649999999999999911, 0.000000000000000000, -5.250000000000000000 ) ) ;
#522 = COLOUR_RGB ( '',0.7921568627450980005, 0.8196078431372548767, 0.9333333333333333481 ) ;
#523 = ORIENTED_EDGE ( 'NONE', *, *, #470, .F. ) ;
#524 = DIRECTION ( 'NONE',  ( -1.000000000000000000, -0.000000000000000000, -0.000000000000000000 ) ) ;
#525 = ADVANCED_FACE ( 'NONE', ( #160 ), #1589, .F. ) ;
#526 = VECTOR ( 'NONE', #1471, 1000.000000000000000 ) ;
#527 = VERTEX_POINT ( 'NONE', #684 ) ;
#528 = DIRECTION ( 'NONE',  ( 0.000000000000000000, 0.000000000000000000, -1.000000000000000000 ) ) ;
#529 = DIRECTION ( 'NONE',  ( -1.000000000000000000, 0.000000000000000000, 1.084202172485504434E-16 ) ) ;
#530 = LINE ( 'NONE', #400, #979 ) ;
#531 = PRESENTATION_LAYER_ASSIGNMENT (  '', '', ( #140 ) ) ;
#532 = ORIENTED_EDGE ( 'NONE', *, *, #407, .T. ) ;
#533 = FACE_OUTER_BOUND ( 'NONE', #1004, .T. ) ;
#534 = EDGE_CURVE ( 'NONE', #1013, #286, #922, .T. ) ;
#535 = ORIENTED_EDGE ( 'NONE', *, *, #891, .F. ) ;
#536 = DIRECTION ( 'NONE',  ( 0.000000000000000000, 1.000000000000000000, 0.000000000000000000 ) ) ;
#537 = ADVANCED_FACE ( 'NONE', ( #1320 ), #1050, .F. ) ;
#538 = ORIENTED_EDGE ( 'NONE', *, *, #1210, .T. ) ;
#539 = LINE ( 'NONE', #435, #752 ) ;
#540 = CARTESIAN_POINT ( 'NONE',  ( -1.450000000000000400, 2.000000000000000000, 3.250000000000000444 ) ) ;
#541 = FACE_OUTER_BOUND ( 'NONE', #1311, .T. ) ;
#542 = CARTESIAN_POINT ( 'NONE',  ( 2.549999999999999822, -0.1000000000000002554, 5.250000000000000000 ) ) ;
#543 = VECTOR ( 'NONE', #1524, 1000.000000000000000 ) ;
#544 = ORIENTED_EDGE ( 'NONE', *, *, #1652, .T. ) ;
#545 = FACE_OUTER_BOUND ( 'NONE', #1043, .T. ) ;
#546 = ORIENTED_EDGE ( 'NONE', *, *, #891, .T. ) ;
#547 = EDGE_CURVE ( 'NONE', #1559, #1074, #25, .T. ) ;
#548 = DIRECTION ( 'NONE',  ( 0.000000000000000000, 0.000000000000000000, 1.000000000000000000 ) ) ;
#549 = DIRECTION ( 'NONE',  ( 0.000000000000000000, 1.000000000000000000, 0.000000000000000000 ) ) ;
#550 = DIRECTION ( 'NONE',  ( 0.000000000000000000, 1.000000000000000000, 0.000000000000000000 ) ) ;
#551 = CARTESIAN_POINT ( 'NONE',  ( -4.049999999999999822, 2.000000000000000000, -5.250000000000000000 ) ) ;
#552 = ORIENTED_EDGE ( 'NONE', *, *, #1090, .T. ) ;
#553 = CARTESIAN_POINT ( 'NONE',  ( 2.549999999999999822, -0.1000000000000002554, 5.250000000000000000 ) ) ;
#554 = VECTOR ( 'NONE', #1301, 1000.000000000000000 ) ;
#555 = ORIENTED_EDGE ( 'NONE', *, *, #50, .F. ) ;
#556 = EDGE_CURVE ( 'NONE', #1013, #263, #287, .T. ) ;
#557 = CARTESIAN_POINT ( 'NONE',  ( -3.649999999999999467, 2.100000000000000089, 5.250000000000000000 ) ) ;
#558 = DIRECTION ( 'NONE',  ( -0.000000000000000000, 1.000000000000000000, -0.000000000000000000 ) ) ;
#559 = CARTESIAN_POINT ( 'NONE',  ( 4.049999999999999822, 2.000000000000000000, -5.250000000000000000 ) ) ;
#560 = PLANE ( 'NONE',  #1151 ) ;
#561 = ORIENTED_EDGE ( 'NONE', *, *, #385, .T. ) ;
#562 = DIRECTION ( 'NONE',  ( 0.000000000000000000, 0.000000000000000000, 1.000000000000000000 ) ) ;
#563 = VERTEX_POINT ( 'NONE', #974 ) ;
#564 = DIRECTION ( 'NONE',  ( -1.000000000000000000, 0.000000000000000000, 1.084202172485504434E-16 ) ) ;
#565 = CARTESIAN_POINT ( 'NONE',  ( -4.049999999999999822, 2.000000000000000000, -5.250000000000000000 ) ) ;
#566 = CARTESIAN_POINT ( 'NONE',  ( 3.299999999999999822, -0.1000000000000002554, 5.250000000000000000 ) ) ;
#567 = CARTESIAN_POINT ( 'NONE',  ( 1.449999999999999956, 0.000000000000000000, 5.250000000000000000 ) ) ;
#568 = EDGE_CURVE ( 'NONE', #1161, #11, #188, .T. ) ;
#569 = ORIENTED_EDGE ( 'NONE', *, *, #1534, .T. ) ;
#570 = DIRECTION ( 'NONE',  ( 1.626303258728256651E-16, 0.000000000000000000, 1.000000000000000000 ) ) ;
#571 = VECTOR ( 'NONE', #49, 1000.000000000000000 ) ;
#572 = ORIENTED_EDGE ( 'NONE', *, *, #1631, .F. ) ;
#573 = CARTESIAN_POINT ( 'NONE',  ( 1.449999999999999734, -0.1000000000000002554, 3.250000000000000444 ) ) ;
#574 = DIRECTION ( 'NONE',  ( 0.000000000000000000, 0.000000000000000000, 1.000000000000000000 ) ) ;
#575 = VECTOR ( 'NONE', #457, 1000.000000000000000 ) ;
#576 = DIRECTION ( 'NONE',  ( 1.000000000000000000, 0.000000000000000000, 0.000000000000000000 ) ) ;
#577 = FACE_OUTER_BOUND ( 'NONE', #1082, .T. ) ;
#578 = EDGE_CURVE ( 'NONE', #1037, #442, #981, .T. ) ;
#579 = ORIENTED_EDGE ( 'NONE', *, *, #1703, .F. ) ;
#580 = SURFACE_SIDE_STYLE ('',( #706 ) ) ;
#581 = VERTEX_POINT ( 'NONE', #606 ) ;
#582 = DIRECTION ( 'NONE',  ( 0.000000000000000000, 0.000000000000000000, -1.000000000000000000 ) ) ;
#583 = DIRECTION ( 'NONE',  ( 0.000000000000000000, 0.000000000000000000, 1.000000000000000000 ) ) ;
#584 = DIRECTION ( 'NONE',  ( 1.000000000000000000, 0.000000000000000000, -0.000000000000000000 ) ) ;
#585 = DIRECTION ( 'NONE',  ( 1.000000000000000000, 0.000000000000000000, -0.000000000000000000 ) ) ;
#586 = ORIENTED_EDGE ( 'NONE', *, *, #910, .T. ) ;
#587 = CARTESIAN_POINT ( 'NONE',  ( 1.449999999999998179, -0.1000000000000002554, -5.250000000000000000 ) ) ;
#588 = ADVANCED_FACE ( 'NONE', ( #1106 ), #1130, .T. ) ;
#589 = VERTEX_POINT ( 'NONE', #842 ) ;
#590 = EDGE_CURVE ( 'NONE', #439, #1565, #1380, .T. ) ;
#591 = LINE ( 'NONE', #708, #39 ) ;
#592 = FACE_OUTER_BOUND ( 'NONE', #1275, .T. ) ;
#593 = CARTESIAN_POINT ( 'NONE',  ( -1.450000000000000400, 0.000000000000000000, 3.250000000000000444 ) ) ;
#594 = DIRECTION ( 'NONE',  ( 2.168404344971008868E-16, 0.000000000000000000, 1.000000000000000000 ) ) ;
#595 = ORIENTED_EDGE ( 'NONE', *, *, #1490, .T. ) ;
#596 = CARTESIAN_POINT ( 'NONE',  ( -3.649999999999999911, 0.000000000000000000, -3.250000000000000444 ) ) ;
#597 = ORIENTED_EDGE ( 'NONE', *, *, #841, .T. ) ;
#598 = EDGE_CURVE ( 'NONE', #198, #1528, #209, .T. ) ;
#599 = CARTESIAN_POINT ( 'NONE',  ( -3.649999999999999467, -0.1000000000000002554, 5.250000000000000000 ) ) ;
#600 = CARTESIAN_POINT ( 'NONE',  ( -3.299999999999999822, 2.100000000000000089, 5.250000000000000000 ) ) ;
#601 = DIRECTION ( 'NONE',  ( -1.000000000000000000, 0.000000000000000000, 0.000000000000000000 ) ) ;
#602 = ORIENTED_EDGE ( 'NONE', *, *, #843, .F. ) ;
#603 = DIRECTION ( 'NONE',  ( 0.000000000000000000, 1.000000000000000000, 0.000000000000000000 ) ) ;
#604 = ORIENTED_EDGE ( 'NONE', *, *, #620, .T. ) ;
#605 = VECTOR ( 'NONE', #1422, 1000.000000000000000 ) ;
#606 = CARTESIAN_POINT ( 'NONE',  ( 1.799999999999999600, 2.100000000000000089, 5.250000000000000000 ) ) ;
#607 = DIRECTION ( 'NONE',  ( 0.000000000000000000, 1.000000000000000000, 0.000000000000000000 ) ) ;
#608 = ADVANCED_FACE ( 'NONE', ( #55 ), #991, .F. ) ;
#609 = DIRECTION ( 'NONE',  ( 0.000000000000000000, 0.000000000000000000, -1.000000000000000000 ) ) ;
#610 = ORIENTED_EDGE ( 'NONE', *, *, #459, .F. ) ;
#611 = DIRECTION ( 'NONE',  ( -1.000000000000000000, 0.000000000000000000, 0.000000000000000000 ) ) ;
#612 = ORIENTED_EDGE ( 'NONE', *, *, #207, .F. ) ;
#613 = CARTESIAN_POINT ( 'NONE',  ( 1.449999999999999734, 2.100000000000000089, 3.250000000000000444 ) ) ;
#614 =( NAMED_UNIT ( * ) PLANE_ANGLE_UNIT ( ) SI_UNIT ( $, .RADIAN. ) );
#615 = CARTESIAN_POINT ( 'NONE',  ( -1.450000000000000178, 0.000000000000000000, 5.250000000000000000 ) ) ;
#616 = SURFACE_SIDE_STYLE ('',( #222 ) ) ;
#617 = EDGE_CURVE ( 'NONE', #1057, #239, #1539, .T. ) ;
#618 = ORIENTED_EDGE ( 'NONE', *, *, #733, .F. ) ;
#619 = LINE ( 'NONE', #1385, #634 ) ;
#620 = EDGE_CURVE ( 'NONE', #425, #239, #591, .T. ) ;
#621 = ORIENTED_EDGE ( 'NONE', *, *, #556, .T. ) ;
#622 = CARTESIAN_POINT ( 'NONE',  ( 3.649999999999999467, -0.1000000000000002554, 3.250000000000000444 ) ) ;
#623 = CARTESIAN_POINT ( 'NONE',  ( 1.449999999999999734, -0.1000000000000002554, 3.250000000000000444 ) ) ;
#624 = LINE ( 'NONE', #1306, #1424 ) ;
#625 = ORIENTED_EDGE ( 'NONE', *, *, #598, .F. ) ;
#626 = DIRECTION ( 'NONE',  ( 1.000000000000000000, 0.000000000000000000, 0.000000000000000000 ) ) ;
#627 = VECTOR ( 'NONE', #1678, 1000.000000000000000 ) ;
#628 = EDGE_CURVE ( 'NONE', #581, #124, #73, .T. ) ;
#629 = ORIENTED_EDGE ( 'NONE', *, *, #1514, .T. ) ;
#630 = CIRCLE ( 'NONE', #1181, 0.7499999999999997780 ) ;
#631 =( GEOMETRIC_REPRESENTATION_CONTEXT ( 3 ) GLOBAL_UNCERTAINTY_ASSIGNED_CONTEXT ( ( #356 ) ) GLOBAL_UNIT_ASSIGNED_CONTEXT ( ( #1131, #1679, #859 ) ) REPRESENTATION_CONTEXT ( 'NONE', 'WORKASPACE' ) );
#632 = CARTESIAN_POINT ( 'NONE',  ( -3.649999999999999467, 2.000000000000000000, 5.250000000000000000 ) ) ;
#633 = SURFACE_STYLE_FILL_AREA ( #120 ) ;
#634 = VECTOR ( 'NONE', #489, 1000.000000000000000 ) ;
#635 = ORIENTED_EDGE ( 'NONE', *, *, #1188, .F. ) ;
#636 = CARTESIAN_POINT ( 'NONE',  ( -1.449999999999999956, 2.000000000000000000, 5.250000000000000000 ) ) ;
#637 = ORIENTED_EDGE ( 'NONE', *, *, #894, .F. ) ;
#638 = AXIS2_PLACEMENT_3D ( 'NONE', #1205, #1355, #1078 ) ;
#639 = ORIENTED_EDGE ( 'NONE', *, *, #97, .F. ) ;
#640 = EDGE_CURVE ( 'NONE', #1518, #234, #1661, .T. ) ;
#641 = DIRECTION ( 'NONE',  ( 0.000000000000000000, 1.000000000000000000, 0.000000000000000000 ) ) ;
#642 = CARTESIAN_POINT ( 'NONE',  ( -3.649999999999999911, -0.1000000000000002554, -5.250000000000000000 ) ) ;
#643 = CARTESIAN_POINT ( 'NONE',  ( -3.649999999999999911, 0.000000000000000000, 0.000000000000000000 ) ) ;
#644 = DIRECTION ( 'NONE',  ( 0.000000000000000000, 0.000000000000000000, -1.000000000000000000 ) ) ;
#645 = ORIENTED_EDGE ( 'NONE', *, *, #1334, .F. ) ;
#646 = VECTOR ( 'NONE', #576, 1000.000000000000000 ) ;
#647 = EDGE_CURVE ( 'NONE', #234, #1224, #1369, .T. ) ;
#648 = LINE ( 'NONE', #245, #1616 ) ;
#649 = AXIS2_PLACEMENT_3D ( 'NONE', #736, #609, #1264 ) ;
#650 = ORIENTED_EDGE ( 'NONE', *, *, #1409, .F. ) ;
#651 = DIRECTION ( 'NONE',  ( 1.000000000000000000, 0.000000000000000000, -0.000000000000000000 ) ) ;
#652 = ORIENTED_EDGE ( 'NONE', *, *, #302, .F. ) ;
#653 = CARTESIAN_POINT ( 'NONE',  ( -4.049999999999999822, 0.000000000000000000, -5.250000000000000000 ) ) ;
#654 = ORIENTED_EDGE ( 'NONE', *, *, #1079, .T. ) ;
#655 = LINE ( 'NONE', #623, #1503 ) ;
#656 = ADVANCED_FACE ( 'NONE', ( #1245 ), #1235, .T. ) ;
#657 = AXIS2_PLACEMENT_3D ( 'NONE', #189, #607, #322 ) ;
#658 = DIRECTION ( 'NONE',  ( 0.000000000000000000, -0.000000000000000000, 1.000000000000000000 ) ) ;
#659 = CARTESIAN_POINT ( 'NONE',  ( 3.649999999999999467, 2.100000000000000089, 3.250000000000000444 ) ) ;
#660 = EDGE_CURVE ( 'NONE', #707, #1482, #179, .T. ) ;
#661 = ORIENTED_EDGE ( 'NONE', *, *, #921, .F. ) ;
#662 = PLANE ( 'NONE',  #244 ) ;
#663 = ORIENTED_EDGE ( 'NONE', *, *, #76, .F. ) ;
#664 = UNCERTAINTY_MEASURE_WITH_UNIT (LENGTH_MEASURE( 1.000000000000000082E-05 ), #812, 'distance_accuracy_value', 'NONE');
#665 = CARTESIAN_POINT ( 'NONE',  ( 4.049999999999999822, 2.000000000000000000, -5.250000000000000000 ) ) ;
#666 = CARTESIAN_POINT ( 'NONE',  ( -1.799999999999999600, -0.1000000000000002554, 5.250000000000000000 ) ) ;
#667 = ADVANCED_FACE ( 'NONE', ( #1227 ), #466, .T. ) ;
#668 = CARTESIAN_POINT ( 'NONE',  ( 3.649999999999998135, 2.100000000000000089, -5.250000000000000000 ) ) ;
#669 = LINE ( 'NONE', #1714, #1608 ) ;
#670 = EDGE_CURVE ( 'NONE', #286, #1176, #1529, .T. ) ;
#671 = ORIENTED_EDGE ( 'NONE', *, *, #1260, .F. ) ;
#672 = FACE_OUTER_BOUND ( 'NONE', #1358, .T. ) ;
#673 = CLOSED_SHELL ( 'NONE', ( #1093, #149, #1583, #323, #1373, #723, #1020, #1695, #1293 ) ) ;
#674 = ORIENTED_EDGE ( 'NONE', *, *, #1325, .F. ) ;
#675 = DIRECTION ( 'NONE',  ( 1.084202172485504434E-16, 0.000000000000000000, 1.000000000000000000 ) ) ;
#676 = DIRECTION ( 'NONE',  ( -1.000000000000000000, 0.000000000000000000, 1.084202172485504804E-16 ) ) ;
#677 = LINE ( 'NONE', #135, #1728 ) ;
#678 = DIRECTION ( 'NONE',  ( 0.000000000000000000, -0.000000000000000000, 1.000000000000000000 ) ) ;
#679 = VECTOR ( 'NONE', #695, 1000.000000000000000 ) ;
#680 = ORIENTED_EDGE ( 'NONE', *, *, #1479, .F. ) ;
#681 = CARTESIAN_POINT ( 'NONE',  ( -2.550000000000000266, 2.100000000000000089, -5.250000000000000000 ) ) ;
#682 = EDGE_CURVE ( 'NONE', #1066, #1176, #700, .T. ) ;
#683 = VERTEX_POINT ( 'NONE', #1635 ) ;
#684 = CARTESIAN_POINT ( 'NONE',  ( 1.799999999999998712, 2.100000000000000089, -5.250000000000000000 ) ) ;
#685 = CARTESIAN_POINT ( 'NONE',  ( 3.649999999999999467, -0.1000000000000002554, 5.250000000000000000 ) ) ;
#686 = CARTESIAN_POINT ( 'NONE',  ( 3.649999999999999467, -0.1000000000000002554, 5.250000000000000000 ) ) ;
#687 = CARTESIAN_POINT ( 'NONE',  ( 3.649999999999999467, 0.000000000000000000, 3.250000000000000444 ) ) ;
#688 = VERTEX_POINT ( 'NONE', #444 ) ;
#689 = LINE ( 'NONE', #32, #494 ) ;
#690 = ORIENTED_EDGE ( 'NONE', *, *, #691, .F. ) ;
#691 = EDGE_CURVE ( 'NONE', #1713, #977, #967, .T. ) ;
#692 = PLANE ( 'NONE',  #1279 ) ;
#693 = LINE ( 'NONE', #807, #1310 ) ;
#694 = CARTESIAN_POINT ( 'NONE',  ( -4.049999999999998934, 2.000000000000000000, 5.250000000000000000 ) ) ;
#695 = DIRECTION ( 'NONE',  ( 1.000000000000000000, 0.000000000000000000, 0.000000000000000000 ) ) ;
#696 = CIRCLE ( 'NONE', #638, 0.7499999999999997780 ) ;
#697 = VERTEX_POINT ( 'NONE', #264 ) ;
#698 = DIRECTION ( 'NONE',  ( 1.084202172485504434E-16, 0.000000000000000000, 1.000000000000000000 ) ) ;
#699 = ORIENTED_EDGE ( 'NONE', *, *, #1304, .F. ) ;
#700 = LINE ( 'NONE', #734, #1601 ) ;
#701 = LINE ( 'NONE', #1730, #77 ) ;
#702 = EDGE_CURVE ( 'NONE', #1676, #765, #365, .T. ) ;
#703 = CARTESIAN_POINT ( 'NONE',  ( 3.649999999999998135, 2.000000000000000000, -3.250000000000001332 ) ) ;
#704 = CARTESIAN_POINT ( 'NONE',  ( -1.450000000000000400, 2.000000000000000000, -5.250000000000000000 ) ) ;
#705 = ORIENTED_EDGE ( 'NONE', *, *, #204, .F. ) ;
#706 = SURFACE_STYLE_FILL_AREA ( #41 ) ;
#707 = VERTEX_POINT ( 'NONE', #275 ) ;
#708 = CARTESIAN_POINT ( 'NONE',  ( -3.649999999999999467, 2.100000000000000089, 5.250000000000000000 ) ) ;
#709 = DIRECTION ( 'NONE',  ( 0.000000000000000000, 0.000000000000000000, 1.000000000000000000 ) ) ;
#710 = PLANE ( 'NONE',  #304 ) ;
#711 = EDGE_CURVE ( 'NONE', #483, #63, #1408, .T. ) ;
#712 = ORIENTED_EDGE ( 'NONE', *, *, #385, .F. ) ;
#713 = EDGE_CURVE ( 'NONE', #1180, #527, #1572, .T. ) ;
#714 = MECHANICAL_DESIGN_GEOMETRIC_PRESENTATION_REPRESENTATION (  '', ( #1239 ), #717 ) ;
#715 = CIRCLE ( 'NONE', #384, 0.7499999999999997780 ) ;
#716 = VERTEX_POINT ( 'NONE', #354 ) ;
#717 =( GEOMETRIC_REPRESENTATION_CONTEXT ( 3 ) GLOBAL_UNCERTAINTY_ASSIGNED_CONTEXT ( ( #664 ) ) GLOBAL_UNIT_ASSIGNED_CONTEXT ( ( #812, #1336, #963 ) ) REPRESENTATION_CONTEXT ( 'NONE', 'WORKASPACE' ) );
#718 = DIRECTION ( 'NONE',  ( -0.000000000000000000, -0.000000000000000000, -1.000000000000000000 ) ) ;
#719 = DIRECTION ( 'NONE',  ( -0.000000000000000000, -1.000000000000000000, -0.000000000000000000 ) ) ;
#720 = FACE_OUTER_BOUND ( 'NONE', #1366, .T. ) ;
#721 = ORIENTED_EDGE ( 'NONE', *, *, #598, .T. ) ;
#722 = CARTESIAN_POINT ( 'NONE',  ( -4.049999999999999822, 2.000000000000000000, -5.250000000000000000 ) ) ;
#723 = ADVANCED_FACE ( 'NONE', ( #227 ), #493, .T. ) ;
#724 = EDGE_LOOP ( 'NONE', ( #1421, #1278, #1450, #114 ) ) ;
#725 = DIRECTION ( 'NONE',  ( 1.000000000000000000, 0.000000000000000000, 0.000000000000000000 ) ) ;
#726 = VECTOR ( 'NONE', #144, 1000.000000000000000 ) ;
#727 = CARTESIAN_POINT ( 'NONE',  ( -1.450000000000000400, 0.000000000000000000, -3.250000000000000444 ) ) ;
#728 = CARTESIAN_POINT ( 'NONE',  ( -4.049999999999998934, 2.000000000000000000, 5.250000000000000000 ) ) ;
#729 = ORIENTED_EDGE ( 'NONE', *, *, #312, .F. ) ;
#730 = CARTESIAN_POINT ( 'NONE',  ( 1.449999999999998845, 0.000000000000000000, -2.358139725155970172E-16 ) ) ;
#731 = ORIENTED_EDGE ( 'NONE', *, *, #964, .T. ) ;
#732 = MECHANICAL_DESIGN_GEOMETRIC_PRESENTATION_REPRESENTATION (  '', ( #1484 ), #485 ) ;
#733 = EDGE_CURVE ( 'NONE', #87, #1518, #751, .T. ) ;
#734 = CARTESIAN_POINT ( 'NONE',  ( 1.449999999999999734, 0.000000000000000000, 3.250000000000000444 ) ) ;
#735 = SURFACE_STYLE_USAGE ( .BOTH. , #68 ) ;
#736 = CARTESIAN_POINT ( 'NONE',  ( -4.049999999999998934, 2.000000000000000000, 5.250000000000000000 ) ) ;
#737 = VECTOR ( 'NONE', #725, 1000.000000000000000 ) ;
#738 = EDGE_LOOP ( 'NONE', ( #89, #1387, #277, #295 ) ) ;
#739 = FACE_OUTER_BOUND ( 'NONE', #1007, .T. ) ;
#740 = VERTEX_POINT ( 'NONE', #1139 ) ;
#741 =( GEOMETRIC_REPRESENTATION_CONTEXT ( 3 ) GLOBAL_UNCERTAINTY_ASSIGNED_CONTEXT ( ( #1271 ) ) GLOBAL_UNIT_ASSIGNED_CONTEXT ( ( #12, #186, #1092 ) ) REPRESENTATION_CONTEXT ( 'NONE', 'WORKASPACE' ) );
#742 = DIRECTION ( 'NONE',  ( 0.000000000000000000, 1.000000000000000000, 0.000000000000000000 ) ) ;
#743 = FILL_AREA_STYLE_COLOUR ( '', #522 ) ;
#744 = EDGE_CURVE ( 'NONE', #697, #1180, #90, .T. ) ;
#745 = DIRECTION ( 'NONE',  ( -1.084202172485504434E-16, 0.000000000000000000, -1.000000000000000000 ) ) ;
#746 = CARTESIAN_POINT ( 'NONE',  ( -3.649999999999999911, 2.100000000000000089, 3.250000000000000444 ) ) ;
#747 = VECTOR ( 'NONE', #427, 1000.000000000000000 ) ;
#748 = ORIENTED_EDGE ( 'NONE', *, *, #534, .F. ) ;
#749 = PLANE ( 'NONE',  #1018 ) ;
#750 = ORIENTED_EDGE ( 'NONE', *, *, #230, .F. ) ;
#751 = LINE ( 'NONE', #219, #267 ) ;
#752 = VECTOR ( 'NONE', #1203, 1000.000000000000000 ) ;
#753 = DIRECTION ( 'NONE',  ( 1.000000000000000000, 0.000000000000000000, 0.000000000000000000 ) ) ;
#754 = SURFACE_SIDE_STYLE ('',( #633 ) ) ;
#755 = EDGE_CURVE ( 'NONE', #803, #206, #1047, .T. ) ;
#756 = VECTOR ( 'NONE', #658, 1000.000000000000000 ) ;
#757 = DIRECTION ( 'NONE',  ( 0.000000000000000000, 0.000000000000000000, 1.000000000000000000 ) ) ;
#758 = CARTESIAN_POINT ( 'NONE',  ( -2.550000000000000266, -0.1000000000000002554, -5.250000000000000000 ) ) ;
#759 = ORIENTED_EDGE ( 'NONE', *, *, #843, .T. ) ;
#760 = CARTESIAN_POINT ( 'NONE',  ( 3.299999999999999822, -0.1000000000000002554, 5.250000000000000000 ) ) ;
#761 = VECTOR ( 'NONE', #790, 1000.000000000000000 ) ;
#762 = DIRECTION ( 'NONE',  ( -0.000000000000000000, 1.000000000000000000, -0.000000000000000000 ) ) ;
#763 = DIRECTION ( 'NONE',  ( -1.000000000000000000, -0.000000000000000000, -0.000000000000000000 ) ) ;
#764 = ADVANCED_FACE ( 'NONE', ( #395 ), #1556, .T. ) ;
#765 = VERTEX_POINT ( 'NONE', #1594 ) ;
#766 = CARTESIAN_POINT ( 'NONE',  ( 3.649999999999998135, -0.1000000000000002554, -3.250000000000001332 ) ) ;
#767 = AXIS2_PLACEMENT_3D ( 'NONE', #599, #1261, #1120 ) ;
#768 = ADVANCED_FACE ( 'NONE', ( #889 ), #1416, .F. ) ;
#769 = VERTEX_POINT ( 'NONE', #235 ) ;
#770 = ORIENTED_EDGE ( 'NONE', *, *, #450, .T. ) ;
#771 = FACE_OUTER_BOUND ( 'NONE', #274, .T. ) ;
#772 = DIRECTION ( 'NONE',  ( 1.084202172485504434E-16, 0.000000000000000000, 1.000000000000000000 ) ) ;
#773 = ORIENTED_EDGE ( 'NONE', *, *, #259, .F. ) ;
#774 = LINE ( 'NONE', #659, #1375 ) ;
#775 = VERTEX_POINT ( 'NONE', #760 ) ;
#776 = EDGE_CURVE ( 'NONE', #224, #581, #938, .T. ) ;
#777 = ORIENTED_EDGE ( 'NONE', *, *, #1104, .T. ) ;
#778 = VECTOR ( 'NONE', #1435, 1000.000000000000000 ) ;
#779 = PLANE ( 'NONE',  #1533 ) ;
#780 = LINE ( 'NONE', #893, #1515 ) ;
#781 = VECTOR ( 'NONE', #931, 1000.000000000000000 ) ;
#782 = ORIENTED_EDGE ( 'NONE', *, *, #1165, .T. ) ;
#783 = CARTESIAN_POINT ( 'NONE',  ( 1.799999999999998712, -0.1000000000000002554, -5.250000000000000000 ) ) ;
#784 = CLOSED_SHELL ( 'NONE', ( #966, #26, #1586, #656, #833, #159, #1149, #1396 ) ) ;
#785 = EDGE_LOOP ( 'NONE', ( #645, #22, #1667, #401 ) ) ;
#786 = EDGE_LOOP ( 'NONE', ( #1376, #1138, #947, #544, #1520, #1442, #1632 ) ) ;
#787 = EDGE_CURVE ( 'NONE', #563, #1430, #100, .T. ) ;
#788 = CARTESIAN_POINT ( 'NONE',  ( 1.799999999999999600, -0.1000000000000002554, 5.250000000000000000 ) ) ;
#789 = PRESENTATION_LAYER_ASSIGNMENT (  '', '', ( #1484 ) ) ;
#790 = DIRECTION ( 'NONE',  ( -0.000000000000000000, 1.000000000000000000, -0.000000000000000000 ) ) ;
#791 = EDGE_LOOP ( 'NONE', ( #167, #507, #1257, #13, #1423, #1315, #777 ) ) ;
#792 = CARTESIAN_POINT ( 'NONE',  ( -1.450000000000000400, -0.1000000000000002554, -3.250000000000000444 ) ) ;
#793 = ORIENTED_EDGE ( 'NONE', *, *, #1419, .F. ) ;
#794 = CARTESIAN_POINT ( 'NONE',  ( -2.550000000000000266, -0.1000000000000002554, -5.250000000000000000 ) ) ;
#795 = VERTEX_POINT ( 'NONE', #131 ) ;
#796 = LINE ( 'NONE', #665, #233 ) ;
#797 = DIRECTION ( 'NONE',  ( -1.652117596168387756E-16, -0.000000000000000000, -1.000000000000000000 ) ) ;
#798 = EDGE_CURVE ( 'NONE', #226, #795, #804, .T. ) ;
#799 = CIRCLE ( 'NONE', #1552, 0.7499999999999997780 ) ;
#800 = PLANE ( 'NONE',  #869 ) ;
#801 = FACE_OUTER_BOUND ( 'NONE', #1395, .T. ) ;
#802 = VECTOR ( 'NONE', #1674, 1000.000000000000000 ) ;
#803 = VERTEX_POINT ( 'NONE', #1547 ) ;
#804 = LINE ( 'NONE', #2, #99 ) ;
#805 = ORIENTED_EDGE ( 'NONE', *, *, #1501, .F. ) ;
#806 = LINE ( 'NONE', #1354, #1672 ) ;
#807 = CARTESIAN_POINT ( 'NONE',  ( -3.649999999999999911, -0.1000000000000002554, -3.250000000000000444 ) ) ;
#808 = DIRECTION ( 'NONE',  ( 1.084202172485504434E-16, 0.000000000000000000, 1.000000000000000000 ) ) ;
#809 = DIRECTION ( 'NONE',  ( 0.000000000000000000, -0.000000000000000000, 1.000000000000000000 ) ) ;
#810 = ADVANCED_FACE ( 'NONE', ( #545 ), #662, .T. ) ;
#811 = ORIENTED_EDGE ( 'NONE', *, *, #1016, .T. ) ;
#812 =( LENGTH_UNIT ( ) NAMED_UNIT ( * ) SI_UNIT ( .MILLI., .METRE. ) );
#813 = VECTOR ( 'NONE', #550, 1000.000000000000000 ) ;
#814 = ORIENTED_EDGE ( 'NONE', *, *, #854, .F. ) ;
#815 = DIRECTION ( 'NONE',  ( 0.000000000000000000, 0.000000000000000000, 1.000000000000000000 ) ) ;
#816 = DIRECTION ( 'NONE',  ( 1.000000000000000000, 0.000000000000000000, -0.000000000000000000 ) ) ;
#817 = VECTOR ( 'NONE', #1436, 1000.000000000000000 ) ;
#818 = PLANE ( 'NONE',  #205 ) ;
#819 = DIRECTION ( 'NONE',  ( -0.000000000000000000, -1.000000000000000000, -0.000000000000000000 ) ) ;
#820 = ADVANCED_FACE ( 'NONE', ( #672 ), #1200, .F. ) ;
#821 = ORIENTED_EDGE ( 'NONE', *, *, #1033, .F. ) ;
#822 = SURFACE_STYLE_USAGE ( .BOTH. , #580 ) ;
#823 = EDGE_CURVE ( 'NONE', #379, #224, #83, .T. ) ;
#824 = EDGE_LOOP ( 'NONE', ( #72, #391, #504, #770 ) ) ;
#825 = PLANE ( 'NONE',  #1194 ) ;
#826 = CARTESIAN_POINT ( 'NONE',  ( -1.450000000000000400, 0.000000000000000000, -3.250000000000000444 ) ) ;
#827 = CYLINDRICAL_SURFACE ( 'NONE', #172, 0.7499999999999997780 ) ;
#828 = CARTESIAN_POINT ( 'NONE',  ( -4.049999999999998934, 2.000000000000000000, 5.250000000000000000 ) ) ;
#829 = VECTOR ( 'NONE', #1103, 1000.000000000000000 ) ;
#830 = VECTOR ( 'NONE', #1028, 1000.000000000000000 ) ;
#831 = EDGE_LOOP ( 'NONE', ( #1510, #661, #863, #110 ) ) ;
#832 = ORIENTED_EDGE ( 'NONE', *, *, #702, .F. ) ;
#833 = ADVANCED_FACE ( 'NONE', ( #1624 ), #1225, .T. ) ;
#834 = FACE_OUTER_BOUND ( 'NONE', #1234, .T. ) ;
#835 = LINE ( 'NONE', #7, #747 ) ;
#836 = CARTESIAN_POINT ( 'NONE',  ( 1.449999999999998401, 2.000000000000000000, -3.250000000000001332 ) ) ;
#837 = DIRECTION ( 'NONE',  ( 1.084202172485504434E-16, 0.000000000000000000, 1.000000000000000000 ) ) ;
#838 = VECTOR ( 'NONE', #762, 1000.000000000000000 ) ;
#839 = ORIENTED_EDGE ( 'NONE', *, *, #183, .F. ) ;
#840 = VERTEX_POINT ( 'NONE', #432 ) ;
#841 = EDGE_CURVE ( 'NONE', #1489, #380, #689, .T. ) ;
#842 = CARTESIAN_POINT ( 'NONE',  ( -3.649999999999999911, 2.100000000000000089, 3.250000000000000444 ) ) ;
#843 = EDGE_CURVE ( 'NONE', #871, #345, #1216, .T. ) ;
#844 = FILL_AREA_STYLE ('',( #1382 ) ) ;
#845 = CARTESIAN_POINT ( 'NONE',  ( -3.649999999999999911, 2.100000000000000089, -5.250000000000000000 ) ) ;
#846 = EDGE_LOOP ( 'NONE', ( #1232, #1147, #555, #404 ) ) ;
#847 = VECTOR ( 'NONE', #252, 1000.000000000000000 ) ;
#848 = ORIENTED_EDGE ( 'NONE', *, *, #578, .T. ) ;
#849 = DIRECTION ( 'NONE',  ( -0.000000000000000000, -1.000000000000000000, -0.000000000000000000 ) ) ;
#850 = CARTESIAN_POINT ( 'NONE',  ( 1.449999999999998401, -0.1000000000000002554, -3.250000000000001332 ) ) ;
#851 = MANIFOLD_SOLID_BREP ( 'Cut-Extrude1', #1650 ) ;
#852 = VECTOR ( 'NONE', #866, 1000.000000000000000 ) ;
#853 = CARTESIAN_POINT ( 'NONE',  ( 1.449999999999999956, 2.100000000000000089, 5.250000000000000000 ) ) ;
#854 = EDGE_CURVE ( 'NONE', #688, #1676, #310, .T. ) ;
#855 = VERTEX_POINT ( 'NONE', #1633 ) ;
#856 = PLANE ( 'NONE',  #223 ) ;
#857 = ORIENTED_EDGE ( 'NONE', *, *, #3, .T. ) ;
#858 = DIRECTION ( 'NONE',  ( 0.000000000000000000, 1.000000000000000000, 0.000000000000000000 ) ) ;
#859 =( NAMED_UNIT ( * ) SI_UNIT ( $, .STERADIAN. ) SOLID_ANGLE_UNIT ( ) );
#860 = LINE ( 'NONE', #1688, #1277 ) ;
#861 = CARTESIAN_POINT ( 'NONE',  ( -4.049999999999999822, 2.000000000000000000, -5.250000000000000000 ) ) ;
#862 = EDGE_CURVE ( 'NONE', #345, #775, #630, .T. ) ;
#863 = ORIENTED_EDGE ( 'NONE', *, *, #755, .T. ) ;
#864 = LINE ( 'NONE', #225, #416 ) ;
#865 = ORIENTED_EDGE ( 'NONE', *, *, #787, .T. ) ;
#866 = DIRECTION ( 'NONE',  ( -1.000000000000000000, -0.000000000000000000, -0.000000000000000000 ) ) ;
#867 = DIRECTION ( 'NONE',  ( 0.000000000000000000, 1.000000000000000000, 0.000000000000000000 ) ) ;
#868 = FACE_OUTER_BOUND ( 'NONE', #1346, .T. ) ;
#869 = AXIS2_PLACEMENT_3D ( 'NONE', #1323, #1061, #1600 ) ;
#870 = MANIFOLD_SOLID_BREP ( 'Boss-Extrude2[3]', #341 ) ;
#871 = VERTEX_POINT ( 'NONE', #176 ) ;
#872 = CARTESIAN_POINT ( 'NONE',  ( 3.649999999999999467, 2.000000000000000000, 5.250000000000000000 ) ) ;
#873 = VERTEX_POINT ( 'NONE', #1481 ) ;
#874 = VECTOR ( 'NONE', #763, 1000.000000000000000 ) ;
#875 = ADVANCED_FACE ( 'NONE', ( #147 ), #1508, .T. ) ;
#876 = CARTESIAN_POINT ( 'NONE',  ( -1.450000000000000400, 2.000000000000000000, -7.250000000000000000 ) ) ;
#877 = PLANE ( 'NONE',  #208 ) ;
#878 = LINE ( 'NONE', #1590, #1287 ) ;
#879 = ORIENTED_EDGE ( 'NONE', *, *, #713, .F. ) ;
#880 = DIRECTION ( 'NONE',  ( -1.084202172485504434E-16, 0.000000000000000000, -1.000000000000000000 ) ) ;
#881 = ORIENTED_EDGE ( 'NONE', *, *, #183, .T. ) ;
#882 = ADVANCED_FACE ( 'NONE', ( #424 ), #1258, .F. ) ;
#883 = CARTESIAN_POINT ( 'NONE',  ( 1.449999999999999734, 0.000000000000000000, 3.250000000000000444 ) ) ;
#884 = LINE ( 'NONE', #1299, #1441 ) ;
#885 = PRESENTATION_STYLE_ASSIGNMENT (( #359 ) ) ;
#886 = VERTEX_POINT ( 'NONE', #1659 ) ;
#887 = LINE ( 'NONE', #1148, #802 ) ;
#888 = ORIENTED_EDGE ( 'NONE', *, *, #1724, .F. ) ;
#889 = FACE_OUTER_BOUND ( 'NONE', #462, .T. ) ;
#890 = APPLICATION_PROTOCOL_DEFINITION ( 'draft international standard', 'automotive_design', 1998, #1443 ) ;
#891 = EDGE_CURVE ( 'NONE', #886, #40, #978, .T. ) ;
#892 = AXIS2_PLACEMENT_3D ( 'NONE', #305, #1219, #1720 ) ;
#893 = CARTESIAN_POINT ( 'NONE',  ( 1.449999999999998401, 0.000000000000000000, -3.250000000000001332 ) ) ;
#894 = EDGE_CURVE ( 'NONE', #683, #1291, #1014, .T. ) ;
#895 = CARTESIAN_POINT ( 'NONE',  ( -2.549999999999999822, -0.1000000000000002554, 5.250000000000000000 ) ) ;
#896 = DIRECTION ( 'NONE',  ( -1.000000000000000000, 0.000000000000000000, 0.000000000000000000 ) ) ;
#897 = ORIENTED_EDGE ( 'NONE', *, *, #1455, .F. ) ;
#898 = ORIENTED_EDGE ( 'NONE', *, *, #776, .T. ) ;
#899 = AXIS2_PLACEMENT_3D ( 'NONE', #861, #1549, #585 ) ;
#900 = DIRECTION ( 'NONE',  ( 1.000000000000000000, 0.000000000000000000, 0.000000000000000000 ) ) ;
#901 = ORIENTED_EDGE ( 'NONE', *, *, #1675, .T. ) ;
#902 = FACE_OUTER_BOUND ( 'NONE', #980, .T. ) ;
#903 = EDGE_CURVE ( 'NONE', #1565, #1559, #1101, .T. ) ;
#904 = VERTEX_POINT ( 'NONE', #1404 ) ;
#905 = VERTEX_POINT ( 'NONE', #1137 ) ;
#906 = SHAPE_DEFINITION_REPRESENTATION ( #1420, #468 ) ;
#907 = CARTESIAN_POINT ( 'NONE',  ( 1.449999999999999734, 2.100000000000000089, 3.250000000000000444 ) ) ;
#908 = ORIENTED_EDGE ( 'NONE', *, *, #1165, .F. ) ;
#909 = CARTESIAN_POINT ( 'NONE',  ( -3.649999999999999911, -0.1000000000000002554, 3.250000000000000444 ) ) ;
#910 = EDGE_CURVE ( 'NONE', #905, #130, #1544, .T. ) ;
#911 = ORIENTED_EDGE ( 'NONE', *, *, #1322, .F. ) ;
#912 = ORIENTED_EDGE ( 'NONE', *, *, #1067, .F. ) ;
#913 = CARTESIAN_POINT ( 'NONE',  ( -4.049999999999998934, 2.000000000000000000, 5.250000000000000000 ) ) ;
#914 = CARTESIAN_POINT ( 'NONE',  ( 1.449999999999998401, 0.000000000000000000, -3.250000000000001332 ) ) ;
#915 = ORIENTED_EDGE ( 'NONE', *, *, #946, .T. ) ;
#916 = CARTESIAN_POINT ( 'NONE',  ( 1.449999999999998179, 2.100000000000000089, -5.250000000000000000 ) ) ;
#917 = VECTOR ( 'NONE', #1071, 1000.000000000000000 ) ;
#918 = ORIENTED_EDGE ( 'NONE', *, *, #862, .T. ) ;
#919 = DIRECTION ( 'NONE',  ( -1.000000000000000000, 0.000000000000000000, 0.000000000000000000 ) ) ;
#920 = VERTEX_POINT ( 'NONE', #215 ) ;
#921 = EDGE_CURVE ( 'NONE', #803, #840, #864, .T. ) ;
#922 = LINE ( 'NONE', #1058, #1331 ) ;
#923 =( GEOMETRIC_REPRESENTATION_CONTEXT ( 3 ) GLOBAL_UNCERTAINTY_ASSIGNED_CONTEXT ( ( #372 ) ) GLOBAL_UNIT_ASSIGNED_CONTEXT ( ( #1689, #112, #512 ) ) REPRESENTATION_CONTEXT ( 'NONE', 'WORKASPACE' ) );
#924 = LINE ( 'NONE', #642, #817 ) ;
#925 = CARTESIAN_POINT ( 'NONE',  ( 3.649999999999997691, 2.000000000000000000, -7.250000000000000888 ) ) ;
#926 = CARTESIAN_POINT ( 'NONE',  ( -3.299999999999999822, -0.1000000000000002554, 5.250000000000000000 ) ) ;
#927 = ORIENTED_EDGE ( 'NONE', *, *, #798, .T. ) ;
#928 = CARTESIAN_POINT ( 'NONE',  ( 1.449999999999998401, -0.1000000000000002554, -3.250000000000001332 ) ) ;
#929 = EDGE_LOOP ( 'NONE', ( #464, #569, #20, #523 ) ) ;
#930 = ADVANCED_FACE ( 'NONE', ( #481 ), #749, .F. ) ;
#931 = DIRECTION ( 'NONE',  ( 0.000000000000000000, 0.000000000000000000, -1.000000000000000000 ) ) ;
#932 = CARTESIAN_POINT ( 'NONE',  ( -3.649999999999999911, 0.000000000000000000, 3.250000000000000444 ) ) ;
#933 = STYLED_ITEM ( 'NONE', ( #1669 ), #468 ) ;
#934 = DIRECTION ( 'NONE',  ( 1.000000000000000000, 0.000000000000000000, -0.000000000000000000 ) ) ;
#935 = DIRECTION ( 'NONE',  ( -1.000000000000000000, -0.000000000000000000, -0.000000000000000000 ) ) ;
#936 = AXIS2_PLACEMENT_3D ( 'NONE', #370, #651, #383 ) ;
#937 = ORIENTED_EDGE ( 'NONE', *, *, #1198, .F. ) ;
#938 = LINE ( 'NONE', #1463, #184 ) ;
#939 = ORIENTED_EDGE ( 'NONE', *, *, #617, .F. ) ;
#940 = LINE ( 'NONE', #1609, #781 ) ;
#941 = DIRECTION ( 'NONE',  ( 1.084202172485504804E-16, 0.000000000000000000, 1.000000000000000000 ) ) ;
#942 =( GEOMETRIC_REPRESENTATION_CONTEXT ( 3 ) GLOBAL_UNCERTAINTY_ASSIGNED_CONTEXT ( ( #1483 ) ) GLOBAL_UNIT_ASSIGNED_CONTEXT ( ( #78, #181, #486 ) ) REPRESENTATION_CONTEXT ( 'NONE', 'WORKASPACE' ) );
#943 = VECTOR ( 'NONE', #1077, 1000.000000000000000 ) ;
#944 = DIRECTION ( 'NONE',  ( 0.000000000000000000, 1.000000000000000000, 0.000000000000000000 ) ) ;
#945 = LINE ( 'NONE', #551, #526 ) ;
#946 = EDGE_CURVE ( 'NONE', #765, #483, #619, .T. ) ;
#947 = ORIENTED_EDGE ( 'NONE', *, *, #230, .T. ) ;
#948 = ORIENTED_EDGE ( 'NONE', *, *, #755, .F. ) ;
#949 = DIRECTION ( 'NONE',  ( -0.000000000000000000, 1.000000000000000000, 0.000000000000000000 ) ) ;
#950 = DIRECTION ( 'NONE',  ( 0.000000000000000000, 0.000000000000000000, 1.000000000000000000 ) ) ;
#951 = VECTOR ( 'NONE', #935, 1000.000000000000000 ) ;
#952 = DIRECTION ( 'NONE',  ( -0.000000000000000000, -1.000000000000000000, -0.000000000000000000 ) ) ;
#953 = DIRECTION ( 'NONE',  ( 0.000000000000000000, 0.000000000000000000, 1.000000000000000000 ) ) ;
#954 = EDGE_CURVE ( 'NONE', #716, #1091, #1156, .T. ) ;
#955 = ORIENTED_EDGE ( 'NONE', *, *, #430, .T. ) ;
#956 = ORIENTED_EDGE ( 'NONE', *, *, #1134, .T. ) ;
#957 = DIRECTION ( 'NONE',  ( -0.000000000000000000, -0.000000000000000000, -1.000000000000000000 ) ) ;
#958 = CARTESIAN_POINT ( 'NONE',  ( -2.549999999999999822, -0.1000000000000002554, 5.250000000000000000 ) ) ;
#959 = CARTESIAN_POINT ( 'NONE',  ( 1.449999999999999734, 2.000000000000000000, 3.250000000000000444 ) ) ;
#960 = CARTESIAN_POINT ( 'NONE',  ( -3.649999999999999911, 0.000000000000000000, 3.250000000000000444 ) ) ;
#961 = AXIS2_PLACEMENT_3D ( 'NONE', #681, #1075, #1614 ) ;
#962 = ORIENTED_EDGE ( 'NONE', *, *, #1675, .F. ) ;
#963 =( NAMED_UNIT ( * ) SI_UNIT ( $, .STERADIAN. ) SOLID_ANGLE_UNIT ( ) );
#964 = EDGE_CURVE ( 'NONE', #31, #840, #887, .T. ) ;
#965 = ORIENTED_EDGE ( 'NONE', *, *, #1033, .T. ) ;
#966 = ADVANCED_FACE ( 'NONE', ( #1412 ), #1684, .T. ) ;
#967 = LINE ( 'NONE', #1502, #9 ) ;
#968 = DIRECTION ( 'NONE',  ( -0.000000000000000000, 1.000000000000000000, 0.000000000000000000 ) ) ;
#969 = CARTESIAN_POINT ( 'NONE',  ( 1.449999999999998179, 2.100000000000000089, -5.250000000000000000 ) ) ;
#970 = DIRECTION ( 'NONE',  ( 1.626303258728256651E-16, 0.000000000000000000, 1.000000000000000000 ) ) ;
#971 = ORIENTED_EDGE ( 'NONE', *, *, #127, .T. ) ;
#972 = ORIENTED_EDGE ( 'NONE', *, *, #1469, .T. ) ;
#973 = EDGE_CURVE ( 'NONE', #124, #31, #362, .T. ) ;
#974 = CARTESIAN_POINT ( 'NONE',  ( 4.049999999999999822, 0.000000000000000000, -5.250000000000000000 ) ) ;
#975 = SURFACE_STYLE_FILL_AREA ( #66 ) ;
#976 = FACE_OUTER_BOUND ( 'NONE', #1561, .T. ) ;
#977 = VERTEX_POINT ( 'NONE', #96 ) ;
#978 = LINE ( 'NONE', #730, #1297 ) ;
#979 = VECTOR ( 'NONE', #1153, 1000.000000000000000 ) ;
#980 = EDGE_LOOP ( 'NONE', ( #1015, #1576, #602, #1109, #948, #1259 ) ) ;
#981 = LINE ( 'NONE', #1521, #315 ) ;
#982 = DIRECTION ( 'NONE',  ( -1.084202172485504434E-16, -0.000000000000000000, -1.000000000000000000 ) ) ;
#983 = VECTOR ( 'NONE', #742, 1000.000000000000000 ) ;
#984 = ADVANCED_FACE ( 'NONE', ( #739 ), #856, .F. ) ;
#985 = PLANE ( 'NONE',  #162 ) ;
#986 = PLANE ( 'NONE',  #899 ) ;
#987 = ORIENTED_EDGE ( 'NONE', *, *, #1158, .T. ) ;
#988 = FACE_OUTER_BOUND ( 'NONE', #1094, .T. ) ;
#989 =( GEOMETRIC_REPRESENTATION_CONTEXT ( 3 ) GLOBAL_UNCERTAINTY_ASSIGNED_CONTEXT ( ( #266 ) ) GLOBAL_UNIT_ASSIGNED_CONTEXT ( ( #992, #614, #210 ) ) REPRESENTATION_CONTEXT ( 'NONE', 'WORKASPACE' ) );
#990 = VERTEX_POINT ( 'NONE', #203 ) ;
#991 = PLANE ( 'NONE',  #1122 ) ;
#992 =( LENGTH_UNIT ( ) NAMED_UNIT ( * ) SI_UNIT ( .MILLI., .METRE. ) );
#993 = CARTESIAN_POINT ( 'NONE',  ( -3.649999999999999911, -0.1000000000000002554, -5.250000000000000000 ) ) ;
#994 = DIRECTION ( 'NONE',  ( 0.000000000000000000, 0.000000000000000000, 1.000000000000000000 ) ) ;
#995 = ORIENTED_EDGE ( 'NONE', *, *, #1490, .F. ) ;
#996 = DIRECTION ( 'NONE',  ( -0.000000000000000000, 0.000000000000000000, 1.000000000000000000 ) ) ;
#997 = ADVANCED_FACE ( 'NONE', ( #1377 ), #197, .F. ) ;
#998 = AXIS2_PLACEMENT_3D ( 'NONE', #1570, #1010, #1697 ) ;
#999 = EDGE_LOOP ( 'NONE', ( #538, #1038, #572, #1136 ) ) ;
#1000 = AXIS2_PLACEMENT_3D ( 'NONE', #6, #1069, #815 ) ;
#1001 = DIRECTION ( 'NONE',  ( -1.000000000000000000, 0.000000000000000000, -0.000000000000000000 ) ) ;
#1002 = DIRECTION ( 'NONE',  ( -1.000000000000000000, 0.000000000000000000, 2.168404344971008868E-16 ) ) ;
#1003 = PLANE ( 'NONE',  #238 ) ;
#1004 = EDGE_LOOP ( 'NONE', ( #60, #1170, #1352, #1046 ) ) ;
#1005 = DIRECTION ( 'NONE',  ( 0.000000000000000000, 1.000000000000000000, 0.000000000000000000 ) ) ;
#1006 = ADVANCED_FACE ( 'NONE', ( #988 ), #71, .F. ) ;
#1007 = EDGE_LOOP ( 'NONE', ( #1439, #1673, #1415, #417 ) ) ;
#1008 = VECTOR ( 'NONE', #1089, 1000.000000000000000 ) ;
#1009 = CARTESIAN_POINT ( 'NONE',  ( 2.549999999999998490, -0.1000000000000002554, -4.500000000000000888 ) ) ;
#1010 = DIRECTION ( 'NONE',  ( 0.000000000000000000, 1.000000000000000000, 0.000000000000000000 ) ) ;
#1011 = LINE ( 'NONE', #1532, #374 ) ;
#1012 = VECTOR ( 'NONE', #1055, 1000.000000000000000 ) ;
#1013 = VERTEX_POINT ( 'NONE', #872 ) ;
#1014 = LINE ( 'NONE', #1536, #1495 ) ;
#1015 = ORIENTED_EDGE ( 'NONE', *, *, #479, .F. ) ;
#1016 = EDGE_CURVE ( 'NONE', #1091, #589, #1266, .T. ) ;
#1017 = PRESENTATION_LAYER_ASSIGNMENT (  '', '', ( #465 ) ) ;
#1018 = AXIS2_PLACEMENT_3D ( 'NONE', #88, #1691, #1519 ) ;
#1019 = DIRECTION ( 'NONE',  ( -1.000000000000000000, 0.000000000000000000, -0.000000000000000000 ) ) ;
#1020 = ADVANCED_FACE ( 'NONE', ( #1461 ), #240, .T. ) ;
#1021 = CARTESIAN_POINT ( 'NONE',  ( 1.449999999999998179, -0.1000000000000002554, -5.250000000000000000 ) ) ;
#1022 = ORIENTED_EDGE ( 'NONE', *, *, #1607, .T. ) ;
#1023 = CARTESIAN_POINT ( 'NONE',  ( -3.649999999999999911, -0.1000000000000002554, 3.250000000000000444 ) ) ;
#1024 = ORIENTED_EDGE ( 'NONE', *, *, #336, .F. ) ;
#1025 = ADVANCED_FACE ( 'NONE', ( #801 ), #1316, .T. ) ;
#1026 = LINE ( 'NONE', #1704, #1617 ) ;
#1027 = ORIENTED_EDGE ( 'NONE', *, *, #459, .T. ) ;
#1028 = DIRECTION ( 'NONE',  ( 0.000000000000000000, -1.000000000000000000, 0.000000000000000000 ) ) ;
#1029 = ORIENTED_EDGE ( 'NONE', *, *, #15, .T. ) ;
#1030 = AXIS2_PLACEMENT_3D ( 'NONE', #1214, #1357, #953 ) ;
#1031 = LINE ( 'NONE', #381, #778 ) ;
#1032 = LINE ( 'NONE', #1558, #847 ) ;
#1033 = EDGE_CURVE ( 'NONE', #263, #1199, #1169, .T. ) ;
#1034 = CARTESIAN_POINT ( 'NONE',  ( 1.449999999999999956, 2.000000000000000000, 5.250000000000000000 ) ) ;
#1035 = DIRECTION ( 'NONE',  ( 0.000000000000000000, 1.000000000000000000, 0.000000000000000000 ) ) ;
#1036 = VECTOR ( 'NONE', #858, 1000.000000000000000 ) ;
#1037 = VERTEX_POINT ( 'NONE', #1438 ) ;
#1038 = ORIENTED_EDGE ( 'NONE', *, *, #1607, .F. ) ;
#1039 = PRODUCT_CONTEXT ( 'NONE', #1696, 'mechanical' ) ;
#1040 = VECTOR ( 'NONE', #1394, 1000.000000000000000 ) ;
#1041 = DIRECTION ( 'NONE',  ( 0.000000000000000000, 1.000000000000000000, 0.000000000000000000 ) ) ;
#1042 = FACE_OUTER_BOUND ( 'NONE', #1569, .T. ) ;
#1043 = EDGE_LOOP ( 'NONE', ( #1226, #1335, #480, #811 ) ) ;
#1044 = CARTESIAN_POINT ( 'NONE',  ( 1.449999999999999734, 0.000000000000000000, 3.250000000000000444 ) ) ;
#1045 = EDGE_CURVE ( 'NONE', #1482, #920, #1707, .T. ) ;
#1046 = ORIENTED_EDGE ( 'NONE', *, *, #291, .F. ) ;
#1047 = LINE ( 'NONE', #622, #517 ) ;
#1048 = ORIENTED_EDGE ( 'NONE', *, *, #1712, .T. ) ;
#1049 = MECHANICAL_DESIGN_GEOMETRIC_PRESENTATION_REPRESENTATION (  '', ( #140 ), #942 ) ;
#1050 = PLANE ( 'NONE',  #1195 ) ;
#1051 = ORIENTED_EDGE ( 'NONE', *, *, #1622, .T. ) ;
#1052 = FACE_OUTER_BOUND ( 'NONE', #1168, .T. ) ;
#1053 = VECTOR ( 'NONE', #281, 1000.000000000000000 ) ;
#1054 = ORIENTED_EDGE ( 'NONE', *, *, #1285, .T. ) ;
#1055 = DIRECTION ( 'NONE',  ( 0.000000000000000000, 0.000000000000000000, -1.000000000000000000 ) ) ;
#1056 = EDGE_CURVE ( 'NONE', #840, #379, #774, .T. ) ;
#1057 = VERTEX_POINT ( 'NONE', #926 ) ;
#1058 = CARTESIAN_POINT ( 'NONE',  ( 3.649999999999999467, 2.000000000000000000, 3.250000000000000444 ) ) ;
#1059 = COLOUR_RGB ( '',0.7529411764705882248, 0.7529411764705882248, 0.7529411764705882248 ) ;
#1060 = DIRECTION ( 'NONE',  ( 0.000000000000000000, 0.000000000000000000, 1.000000000000000000 ) ) ;
#1061 = DIRECTION ( 'NONE',  ( 1.000000000000000000, 0.000000000000000000, -1.084202172485504434E-16 ) ) ;
#1062 = CARTESIAN_POINT ( 'NONE',  ( -3.649999999999999911, -0.1000000000000002554, 3.250000000000000444 ) ) ;
#1063 = ORIENTED_EDGE ( 'NONE', *, *, #776, .F. ) ;
#1064 = CARTESIAN_POINT ( 'NONE',  ( -1.450000000000000400, -0.1000000000000002554, 3.250000000000000444 ) ) ;
#1065 = VECTOR ( 'NONE', #1645, 1000.000000000000000 ) ;
#1066 = VERTEX_POINT ( 'NONE', #1044 ) ;
#1067 = EDGE_CURVE ( 'NONE', #1249, #527, #255, .T. ) ;
#1068 = EDGE_CURVE ( 'NONE', #1433, #1037, #1448, .T. ) ;
#1069 = DIRECTION ( 'NONE',  ( -0.000000000000000000, -1.000000000000000000, -0.000000000000000000 ) ) ;
#1070 = CARTESIAN_POINT ( 'NONE',  ( -3.649999999999999911, 2.100000000000000089, -5.250000000000000000 ) ) ;
#1071 = DIRECTION ( 'NONE',  ( -1.084202172485504434E-16, -0.000000000000000000, -1.000000000000000000 ) ) ;
#1072 = CARTESIAN_POINT ( 'NONE',  ( 3.649999999999998135, -0.1000000000000002554, -3.250000000000001332 ) ) ;
#1073 = AXIS2_PLACEMENT_3D ( 'NONE', #343, #603, #1127 ) ;
#1074 = VERTEX_POINT ( 'NONE', #1700 ) ;
#1075 = DIRECTION ( 'NONE',  ( 0.000000000000000000, 1.000000000000000000, 0.000000000000000000 ) ) ;
#1076 = ORIENTED_EDGE ( 'NONE', *, *, #1642, .F. ) ;
#1077 = DIRECTION ( 'NONE',  ( 0.000000000000000000, 1.000000000000000000, 0.000000000000000000 ) ) ;
#1078 = DIRECTION ( 'NONE',  ( 0.000000000000000000, 0.000000000000000000, 1.000000000000000000 ) ) ;
#1079 = EDGE_CURVE ( 'NONE', #1393, #439, #515, .T. ) ;
#1080 = DIRECTION ( 'NONE',  ( -0.000000000000000000, -1.000000000000000000, -0.000000000000000000 ) ) ;
#1081 = DIRECTION ( 'NONE',  ( 2.168404344971008868E-16, 0.000000000000000000, 1.000000000000000000 ) ) ;
#1082 = EDGE_LOOP ( 'NONE', ( #132, #54, #1683, #1300, #1491, #1024 ) ) ;
#1083 = SURFACE_SIDE_STYLE ('',( #1344 ) ) ;
#1084 = ORIENTED_EDGE ( 'NONE', *, *, #1409, .T. ) ;
#1085 = CARTESIAN_POINT ( 'NONE',  ( 1.449999999999998401, 2.100000000000000089, -3.250000000000001332 ) ) ;
#1086 = LINE ( 'NONE', #1619, #456 ) ;
#1087 = PRESENTATION_LAYER_ASSIGNMENT (  '', '', ( #150 ) ) ;
#1088 = LINE ( 'NONE', #959, #1509 ) ;
#1089 = DIRECTION ( 'NONE',  ( 0.000000000000000000, -1.000000000000000000, 0.000000000000000000 ) ) ;
#1090 = EDGE_CURVE ( 'NONE', #442, #740, #1308, .T. ) ;
#1091 = VERTEX_POINT ( 'NONE', #1023 ) ;
#1092 =( NAMED_UNIT ( * ) SI_UNIT ( $, .STERADIAN. ) SOLID_ANGLE_UNIT ( ) );
#1093 = ADVANCED_FACE ( 'NONE', ( #533 ), #499, .F. ) ;
#1094 = EDGE_LOOP ( 'NONE', ( #398, #1251, #1155, #377, #318, #363, #117 ) ) ;
#1095 = DIRECTION ( 'NONE',  ( -0.000000000000000000, 1.000000000000000000, -0.000000000000000000 ) ) ;
#1096 = LINE ( 'NONE', #1468, #448 ) ;
#1097 = LINE ( 'NONE', #559, #1141 ) ;
#1098 = DIRECTION ( 'NONE',  ( 0.000000000000000000, 1.000000000000000000, 0.000000000000000000 ) ) ;
#1099 = COLOUR_RGB ( '',0.2509803921568627416, 0.2509803921568627416, 0.2509803921568627416 ) ;
#1100 = VECTOR ( 'NONE', #46, 1000.000000000000000 ) ;
#1101 = CIRCLE ( 'NONE', #1553, 0.7499999999999997780 ) ;
#1102 = ORIENTED_EDGE ( 'NONE', *, *, #64, .T. ) ;
#1103 = DIRECTION ( 'NONE',  ( 1.084202172485504927E-16, 0.000000000000000000, 1.000000000000000000 ) ) ;
#1104 = EDGE_CURVE ( 'NONE', #156, #508, #505, .T. ) ;
#1105 = ORIENTED_EDGE ( 'NONE', *, *, #1134, .F. ) ;
#1106 = FACE_OUTER_BOUND ( 'NONE', #724, .T. ) ;
#1107 = CARTESIAN_POINT ( 'NONE',  ( -3.649999999999999911, 2.100000000000000089, -5.250000000000000000 ) ) ;
#1108 = CYLINDRICAL_SURFACE ( 'NONE', #1453, 0.7499999999999997780 ) ;
#1109 = ORIENTED_EDGE ( 'NONE', *, *, #1272, .F. ) ;
#1110 = FILL_AREA_STYLE_COLOUR ( '', #441 ) ;
#1111 = ORIENTED_EDGE ( 'NONE', *, *, #590, .T. ) ;
#1112 = ADVANCED_FACE ( 'NONE', ( #1052 ), #1592, .F. ) ;
#1113 = CARTESIAN_POINT ( 'NONE',  ( -3.649999999999999911, -0.1000000000000002554, -3.250000000000000444 ) ) ;
#1114 = CARTESIAN_POINT ( 'NONE',  ( -4.049999999999999822, 2.000000000000000000, -5.250000000000000000 ) ) ;
#1115 = DIRECTION ( 'NONE',  ( 0.000000000000000000, 1.000000000000000000, 0.000000000000000000 ) ) ;
#1116 = AXIS2_PLACEMENT_3D ( 'NONE', #213, #1115, #1144 ) ;
#1117 = ORIENTED_EDGE ( 'NONE', *, *, #396, .T. ) ;
#1118 = DIRECTION ( 'NONE',  ( -0.000000000000000000, 0.000000000000000000, 1.000000000000000000 ) ) ;
#1119 = ORIENTED_EDGE ( 'NONE', *, *, #1662, .F. ) ;
#1120 = DIRECTION ( 'NONE',  ( 1.000000000000000000, 0.000000000000000000, -0.000000000000000000 ) ) ;
#1121 = SURFACE_SIDE_STYLE ('',( #975 ) ) ;
#1122 = AXIS2_PLACEMENT_3D ( 'NONE', #475, #582, #1001 ) ;
#1123 = ADVANCED_FACE ( 'NONE', ( #1324 ), #1177, .T. ) ;
#1124 = DIRECTION ( 'NONE',  ( 0.000000000000000000, 0.000000000000000000, -1.000000000000000000 ) ) ;
#1125 = CARTESIAN_POINT ( 'NONE',  ( 2.549999999999998490, -0.1000000000000002554, -5.250000000000000000 ) ) ;
#1126 = VERTEX_POINT ( 'NONE', #273 ) ;
#1127 = DIRECTION ( 'NONE',  ( 0.000000000000000000, -0.000000000000000000, 1.000000000000000000 ) ) ;
#1128 = VECTOR ( 'NONE', #392, 1000.000000000000000 ) ;
#1129 = ORIENTED_EDGE ( 'NONE', *, *, #1564, .F. ) ;
#1130 = PLANE ( 'NONE',  #1677 ) ;
#1131 =( LENGTH_UNIT ( ) NAMED_UNIT ( * ) SI_UNIT ( .MILLI., .METRE. ) );
#1132 = CARTESIAN_POINT ( 'NONE',  ( 1.449999999999999734, -0.1000000000000002554, 3.250000000000000444 ) ) ;
#1133 = FACE_OUTER_BOUND ( 'NONE', #128, .T. ) ;
#1134 = EDGE_CURVE ( 'NONE', #1199, #1066, #669, .T. ) ;
#1135 = COLOUR_RGB ( '',0.7529411764705882248, 0.7529411764705882248, 0.7529411764705882248 ) ;
#1136 = ORIENTED_EDGE ( 'NONE', *, *, #1145, .F. ) ;
#1137 = CARTESIAN_POINT ( 'NONE',  ( 4.049999999999999822, 2.000000000000000000, -5.250000000000000000 ) ) ;
#1138 = ORIENTED_EDGE ( 'NONE', *, *, #1694, .T. ) ;
#1139 = CARTESIAN_POINT ( 'NONE',  ( -3.649999999999999467, 0.000000000000000000, 5.250000000000000000 ) ) ;
#1140 = CARTESIAN_POINT ( 'NONE',  ( -3.649999999999999911, 2.000000000000000000, -5.250000000000000000 ) ) ;
#1141 = VECTOR ( 'NONE', #8, 1000.000000000000000 ) ;
#1142 = CIRCLE ( 'NONE', #1360, 0.7499999999999997780 ) ;
#1143 = CARTESIAN_POINT ( 'NONE',  ( -3.649999999999999911, -0.1000000000000002554, 3.250000000000000444 ) ) ;
#1144 = DIRECTION ( 'NONE',  ( 0.000000000000000000, -0.000000000000000000, 1.000000000000000000 ) ) ;
#1145 = EDGE_CURVE ( 'NONE', #990, #254, #104, .T. ) ;
#1146 = VECTOR ( 'NONE', #867, 1000.000000000000000 ) ;
#1147 = ORIENTED_EDGE ( 'NONE', *, *, #1534, .F. ) ;
#1148 = CARTESIAN_POINT ( 'NONE',  ( 3.649999999999999467, 2.100000000000000089, 5.250000000000000000 ) ) ;
#1149 = ADVANCED_FACE ( 'NONE', ( #902 ), #710, .F. ) ;
#1150 = ORIENTED_EDGE ( 'NONE', *, *, #1104, .F. ) ;
#1151 = AXIS2_PLACEMENT_3D ( 'NONE', #413, #429, #970 ) ;
#1152 = DIRECTION ( 'NONE',  ( -1.000000000000000000, -0.000000000000000000, -0.000000000000000000 ) ) ;
#1153 = DIRECTION ( 'NONE',  ( 1.000000000000000000, 0.000000000000000000, 0.000000000000000000 ) ) ;
#1154 = AXIS2_PLACEMENT_3D ( 'NONE', #573, #1398, #1653 ) ;
#1155 = ORIENTED_EDGE ( 'NONE', *, *, #1079, .F. ) ;
#1156 = LINE ( 'NONE', #472, #1577 ) ;
#1157 = ORIENTED_EDGE ( 'NONE', *, *, #1056, .T. ) ;
#1158 = EDGE_CURVE ( 'NONE', #51, #1037, #182, .T. ) ;
#1159 = DIRECTION ( 'NONE',  ( 0.000000000000000000, 0.000000000000000000, 1.000000000000000000 ) ) ;
#1160 = CARTESIAN_POINT ( 'NONE',  ( 4.050000000000001599, 2.000000000000000000, 5.250000000000000000 ) ) ;
#1161 = VERTEX_POINT ( 'NONE', #567 ) ;
#1162 = DIRECTION ( 'NONE',  ( 0.000000000000000000, 0.000000000000000000, 1.000000000000000000 ) ) ;
#1163 = ORIENTED_EDGE ( 'NONE', *, *, #1546, .T. ) ;
#1164 = ORIENTED_EDGE ( 'NONE', *, *, #312, .T. ) ;
#1165 = EDGE_CURVE ( 'NONE', #51, #80, #945, .T. ) ;
#1166 = LINE ( 'NONE', #1305, #476 ) ;
#1167 = CARTESIAN_POINT ( 'NONE',  ( 3.649999999999998135, 0.000000000000000000, -5.250000000000000000 ) ) ;
#1168 = EDGE_LOOP ( 'NONE', ( #1665, #652, #821, #151 ) ) ;
#1169 = LINE ( 'NONE', #262, #605 ) ;
#1170 = ORIENTED_EDGE ( 'NONE', *, *, #744, .T. ) ;
#1171 = VECTOR ( 'NONE', #1098, 1000.000000000000000 ) ;
#1172 = ORIENTED_EDGE ( 'NONE', *, *, #1644, .T. ) ;
#1173 = DIRECTION ( 'NONE',  ( 0.000000000000000000, 0.000000000000000000, -1.000000000000000000 ) ) ;
#1174 = DIRECTION ( 'NONE',  ( 1.000000000000000000, 0.000000000000000000, 0.000000000000000000 ) ) ;
#1175 = ADVANCED_FACE ( 'NONE', ( #577 ), #290, .F. ) ;
#1176 = VERTEX_POINT ( 'NONE', #1207 ) ;
#1177 = PLANE ( 'NONE',  #191 ) ;
#1178 = EDGE_LOOP ( 'NONE', ( #1164, #434, #625, #1022 ) ) ;
#1179 = DIRECTION ( 'NONE',  ( -0.000000000000000000, -0.000000000000000000, -1.000000000000000000 ) ) ;
#1180 = VERTEX_POINT ( 'NONE', #1506 ) ;
#1181 = AXIS2_PLACEMENT_3D ( 'NONE', #553, #166, #562 ) ;
#1182 = VECTOR ( 'NONE', #968, 1000.000000000000000 ) ;
#1183 = AXIS2_PLACEMENT_3D ( 'NONE', #1560, #1035, #1162 ) ;
#1184 = CARTESIAN_POINT ( 'NONE',  ( -3.649999999999999911, -0.1000000000000002554, -5.250000000000000000 ) ) ;
#1185 = CARTESIAN_POINT ( 'NONE',  ( 1.449999999999998179, 2.000000000000000000, -5.250000000000000000 ) ) ;
#1186 = DIRECTION ( 'NONE',  ( 0.000000000000000000, 1.000000000000000000, 0.000000000000000000 ) ) ;
#1187 = CARTESIAN_POINT ( 'NONE',  ( -1.450000000000000400, -0.1000000000000002554, -3.250000000000000444 ) ) ;
#1188 = EDGE_CURVE ( 'NONE', #1489, #886, #164, .T. ) ;
#1189 = ORIENTED_EDGE ( 'NONE', *, *, #336, .T. ) ;
#1190 = CARTESIAN_POINT ( 'NONE',  ( 2.549999999999998490, 2.100000000000000089, -5.250000000000000000 ) ) ;
#1191 = ORIENTED_EDGE ( 'NONE', *, *, #1068, .F. ) ;
#1192 = DIRECTION ( 'NONE',  ( -1.652117596168387756E-16, -0.000000000000000000, -1.000000000000000000 ) ) ;
#1193 = LINE ( 'NONE', #1330, #511 ) ;
#1194 = AXIS2_PLACEMENT_3D ( 'NONE', #23, #548, #1626 ) ;
#1195 = AXIS2_PLACEMENT_3D ( 'NONE', #1493, #529, #675 ) ;
#1196 = CARTESIAN_POINT ( 'NONE',  ( -1.450000000000000400, 2.100000000000000089, 3.250000000000000444 ) ) ;
#1197 = CARTESIAN_POINT ( 'NONE',  ( -4.049999999999999822, 0.000000000000000000, -5.250000000000000000 ) ) ;
#1198 = EDGE_CURVE ( 'NONE', #1393, #920, #1231, .T. ) ;
#1199 = VERTEX_POINT ( 'NONE', #687 ) ;
#1200 = PLANE ( 'NONE',  #1429 ) ;
#1201 = EDGE_CURVE ( 'NONE', #1091, #1715, #438, .T. ) ;
#1202 = EDGE_LOOP ( 'NONE', ( #382, #1702, #1722, #1117 ) ) ;
#1203 = DIRECTION ( 'NONE',  ( 1.000000000000000000, 0.000000000000000000, 0.000000000000000000 ) ) ;
#1204 = COLOUR_RGB ( '',0.7529411764705882248, 0.7529411764705882248, 0.7529411764705882248 ) ;
#1205 = CARTESIAN_POINT ( 'NONE',  ( -2.549999999999999822, 2.100000000000000089, 5.250000000000000000 ) ) ;
#1206 = CARTESIAN_POINT ( 'NONE',  ( -4.049999999999999822, 2.000000000000000000, -5.250000000000000000 ) ) ;
#1207 = CARTESIAN_POINT ( 'NONE',  ( 1.449999999999999734, 2.000000000000000000, 3.250000000000000444 ) ) ;
#1208 = ORIENTED_EDGE ( 'NONE', *, *, #1419, .T. ) ;
#1209 = EDGE_LOOP ( 'NONE', ( #1129, #175, #1407, #1437 ) ) ;
#1210 = EDGE_CURVE ( 'NONE', #990, #1649, #10, .T. ) ;
#1211 = CARTESIAN_POINT ( 'NONE',  ( 3.649999999999999467, 2.000000000000000000, 5.250000000000000000 ) ) ;
#1212 = DIRECTION ( 'NONE',  ( 0.000000000000000000, 1.000000000000000000, 0.000000000000000000 ) ) ;
#1213 = PLANE ( 'NONE',  #62 ) ;
#1214 = CARTESIAN_POINT ( 'NONE',  ( 2.549999999999998490, -0.1000000000000002554, -5.250000000000000000 ) ) ;
#1215 = EDGE_LOOP ( 'NONE', ( #897, #612, #1309, #915 ) ) ;
#1216 = LINE ( 'NONE', #157, #105 ) ;
#1217 = ORIENTED_EDGE ( 'NONE', *, *, #1514, .F. ) ;
#1218 = ADVANCED_FACE ( 'NONE', ( #1621 ), #560, .F. ) ;
#1219 = DIRECTION ( 'NONE',  ( 0.000000000000000000, 0.000000000000000000, -1.000000000000000000 ) ) ;
#1220 = DIRECTION ( 'NONE',  ( 0.000000000000000000, 1.000000000000000000, 0.000000000000000000 ) ) ;
#1221 = FACE_OUTER_BOUND ( 'NONE', #785, .T. ) ;
#1222 = FACE_OUTER_BOUND ( 'NONE', #791, .T. ) ;
#1223 = VECTOR ( 'NONE', #1362, 1000.000000000000000 ) ;
#1224 = VERTEX_POINT ( 'NONE', #704 ) ;
#1225 = PLANE ( 'NONE',  #1492 ) ;
#1226 = ORIENTED_EDGE ( 'NONE', *, *, #109, .F. ) ;
#1227 = FACE_OUTER_BOUND ( 'NONE', #1302, .T. ) ;
#1228 = DIRECTION ( 'NONE',  ( 0.000000000000000000, 1.000000000000000000, 0.000000000000000000 ) ) ;
#1229 = VECTOR ( 'NONE', #594, 1000.000000000000000 ) ;
#1230 = DIRECTION ( 'NONE',  ( 0.000000000000000000, 0.000000000000000000, 1.000000000000000000 ) ) ;
#1231 = LINE ( 'NONE', #29, #1171 ) ;
#1232 = ORIENTED_EDGE ( 'NONE', *, *, #640, .T. ) ;
#1233 = DIRECTION ( 'NONE',  ( -1.000000000000000000, 0.000000000000000000, -0.000000000000000000 ) ) ;
#1234 = EDGE_LOOP ( 'NONE', ( #1163, #406, #1265, #629 ) ) ;
#1235 = PLANE ( 'NONE',  #1154 ) ;
#1236 = DIRECTION ( 'NONE',  ( -0.000000000000000000, -1.000000000000000000, -0.000000000000000000 ) ) ;
#1237 = LINE ( 'NONE', #1107, #1452 ) ;
#1238 =( LENGTH_UNIT ( ) NAMED_UNIT ( * ) SI_UNIT ( .MILLI., .METRE. ) );
#1239 = STYLED_ITEM ( 'NONE', ( #319 ), #870 ) ;
#1240 = EDGE_CURVE ( 'NONE', #886, #795, #37, .T. ) ;
#1241 = VECTOR ( 'NONE', #115, 1000.000000000000000 ) ;
#1242 = ORIENTED_EDGE ( 'NONE', *, *, #744, .F. ) ;
#1243 = VECTOR ( 'NONE', #153, 1000.000000000000000 ) ;
#1244 = ORIENTED_EDGE ( 'NONE', *, *, #280, .T. ) ;
#1245 = FACE_OUTER_BOUND ( 'NONE', #1202, .T. ) ;
#1246 = LINE ( 'NONE', #1654, #1637 ) ;
#1247 = FACE_OUTER_BOUND ( 'NONE', #82, .T. ) ;
#1248 = CARTESIAN_POINT ( 'NONE',  ( -3.649999999999999911, -0.1000000000000002554, -5.250000000000000000 ) ) ;
#1249 = VERTEX_POINT ( 'NONE', #1488 ) ;
#1250 = DIRECTION ( 'NONE',  ( 1.000000000000000000, 0.000000000000000000, -0.000000000000000000 ) ) ;
#1251 = ORIENTED_EDGE ( 'NONE', *, *, #590, .F. ) ;
#1252 = EDGE_CURVE ( 'NONE', #765, #1713, #19, .T. ) ;
#1253 = AXIS2_PLACEMENT_3D ( 'NONE', #421, #1356, #1230 ) ;
#1254 = DIRECTION ( 'NONE',  ( 0.000000000000000000, 1.000000000000000000, 0.000000000000000000 ) ) ;
#1255 = CARTESIAN_POINT ( 'NONE',  ( -1.800000000000000266, -0.1000000000000002554, -5.250000000000000000 ) ) ;
#1256 = CARTESIAN_POINT ( 'NONE',  ( -2.550000000000000266, -0.1000000000000002554, -4.500000000000000888 ) ) ;
#1257 = ORIENTED_EDGE ( 'NONE', *, *, #1597, .T. ) ;
#1258 = PLANE ( 'NONE',  #360 ) ;
#1259 = ORIENTED_EDGE ( 'NONE', *, *, #430, .F. ) ;
#1260 = EDGE_CURVE ( 'NONE', #1528, #740, #1612, .T. ) ;
#1261 = DIRECTION ( 'NONE',  ( 0.000000000000000000, 0.000000000000000000, 1.000000000000000000 ) ) ;
#1262 = DIRECTION ( 'NONE',  ( 0.000000000000000000, -1.000000000000000000, 0.000000000000000000 ) ) ;
#1263 = PRESENTATION_STYLE_ASSIGNMENT (( #735 ) ) ;
#1264 = DIRECTION ( 'NONE',  ( -1.000000000000000000, 0.000000000000000000, -0.000000000000000000 ) ) ;
#1265 = ORIENTED_EDGE ( 'NONE', *, *, #501, .F. ) ;
#1266 = LINE ( 'NONE', #909, #331 ) ;
#1267 = MECHANICAL_DESIGN_GEOMETRIC_PRESENTATION_REPRESENTATION (  '', ( #465 ), #741 ) ;
#1268 = VECTOR ( 'NONE', #819, 1000.000000000000000 ) ;
#1269 = ORIENTED_EDGE ( 'NONE', *, *, #1644, .F. ) ;
#1270 = CARTESIAN_POINT ( 'NONE',  ( -2.549999999999999822, 2.100000000000000089, 5.250000000000000000 ) ) ;
#1271 = UNCERTAINTY_MEASURE_WITH_UNIT (LENGTH_MEASURE( 1.000000000000000082E-05 ), #12, 'distance_accuracy_value', 'NONE');
#1272 = EDGE_CURVE ( 'NONE', #206, #871, #308, .T. ) ;
#1273 = LINE ( 'NONE', #728, #543 ) ;
#1274 = EDGE_CURVE ( 'NONE', #697, #1249, #148, .T. ) ;
#1275 = EDGE_LOOP ( 'NONE', ( #832, #814, #70, #1709, #1317, #690, #1537 ) ) ;
#1276 = CARTESIAN_POINT ( 'NONE',  ( 3.649999999999997691, 0.000000000000000000, -7.250000000000000888 ) ) ;
#1277 = VECTOR ( 'NONE', #1417, 1000.000000000000000 ) ;
#1278 = ORIENTED_EDGE ( 'NONE', *, *, #15, .F. ) ;
#1279 = AXIS2_PLACEMENT_3D ( 'NONE', #1467, #564, #1729 ) ;
#1280 = VECTOR ( 'NONE', #142, 1000.000000000000000 ) ;
#1281 = DIRECTION ( 'NONE',  ( 1.000000000000000000, 0.000000000000000000, 0.000000000000000000 ) ) ;
#1282 = CARTESIAN_POINT ( 'NONE',  ( -3.649999999999999911, -0.1000000000000002554, -5.250000000000000000 ) ) ;
#1283 = CARTESIAN_POINT ( 'NONE',  ( 3.649999999999999467, 2.100000000000000089, 5.250000000000000000 ) ) ;
#1284 = CARTESIAN_POINT ( 'NONE',  ( 3.299999999999999822, 2.100000000000000089, 5.250000000000000000 ) ) ;
#1285 = EDGE_CURVE ( 'NONE', #990, #11, #300, .T. ) ;
#1286 = ORIENTED_EDGE ( 'NONE', *, *, #682, .F. ) ;
#1287 = VECTOR ( 'NONE', #772, 1000.000000000000000 ) ;
#1288 = DIRECTION ( 'NONE',  ( 1.000000000000000000, 0.000000000000000000, 0.000000000000000000 ) ) ;
#1289 = LINE ( 'NONE', #1548, #113 ) ;
#1290 = LINE ( 'NONE', #1160, #347 ) ;
#1291 = VERTEX_POINT ( 'NONE', #1732 ) ;
#1292 = DIRECTION ( 'NONE',  ( 1.000000000000000000, 0.000000000000000000, -0.000000000000000000 ) ) ;
#1293 = ADVANCED_FACE ( 'NONE', ( #1222 ), #174, .T. ) ;
#1294 = VERTEX_POINT ( 'NONE', #845 ) ;
#1295 = VECTOR ( 'NONE', #982, 1000.000000000000000 ) ;
#1296 = ORIENTED_EDGE ( 'NONE', *, *, #396, .F. ) ;
#1297 = VECTOR ( 'NONE', #1666, 1000.000000000000000 ) ;
#1298 = VECTOR ( 'NONE', #745, 1000.000000000000000 ) ;
#1299 = CARTESIAN_POINT ( 'NONE',  ( 1.449999999999999956, -0.1000000000000002554, 5.250000000000000000 ) ) ;
#1300 = ORIENTED_EDGE ( 'NONE', *, *, #1201, .F. ) ;
#1301 = DIRECTION ( 'NONE',  ( 0.000000000000000000, 1.000000000000000000, 0.000000000000000000 ) ) ;
#1302 = EDGE_LOOP ( 'NONE', ( #1613, #1269, #394, #350 ) ) ;
#1303 = ORIENTED_EDGE ( 'NONE', *, *, #647, .F. ) ;
#1304 = EDGE_CURVE ( 'NONE', #589, #425, #1365, .T. ) ;
#1305 = CARTESIAN_POINT ( 'NONE',  ( 3.649999999999999467, -0.1000000000000002554, 5.250000000000000000 ) ) ;
#1306 = CARTESIAN_POINT ( 'NONE',  ( 1.449999999999998401, 2.100000000000000089, -3.250000000000001332 ) ) ;
#1307 = ORIENTED_EDGE ( 'NONE', *, *, #1145, .T. ) ;
#1308 = LINE ( 'NONE', #1582, #497 ) ;
#1309 = ORIENTED_EDGE ( 'NONE', *, *, #702, .T. ) ;
#1310 = VECTOR ( 'NONE', #1348, 1000.000000000000000 ) ;
#1311 = EDGE_LOOP ( 'NONE', ( #214, #1434, #955, #455 ) ) ;
#1312 = ADVANCED_FACE ( 'NONE', ( #478 ), #59, .T. ) ;
#1313 = LINE ( 'NONE', #510, #838 ) ;
#1314 = CARTESIAN_POINT ( 'NONE',  ( -3.649999999999999911, 2.100000000000000089, -3.250000000000000444 ) ) ;
#1315 = ORIENTED_EDGE ( 'NONE', *, *, #204, .T. ) ;
#1316 = PLANE ( 'NONE',  #47 ) ;
#1317 = ORIENTED_EDGE ( 'NONE', *, *, #137, .F. ) ;
#1318 = DIRECTION ( 'NONE',  ( 0.000000000000000000, 0.000000000000000000, 1.000000000000000000 ) ) ;
#1319 = ORIENTED_EDGE ( 'NONE', *, *, #628, .T. ) ;
#1320 = FACE_OUTER_BOUND ( 'NONE', #249, .T. ) ;
#1321 = DIRECTION ( 'NONE',  ( -0.000000000000000000, 1.000000000000000000, -0.000000000000000000 ) ) ;
#1322 = EDGE_CURVE ( 'NONE', #309, #1326, #1681, .T. ) ;
#1323 = CARTESIAN_POINT ( 'NONE',  ( -1.450000000000000400, 0.000000000000000000, 3.250000000000000444 ) ) ;
#1324 = FACE_OUTER_BOUND ( 'NONE', #738, .T. ) ;
#1325 = EDGE_CURVE ( 'NONE', #1013, #769, #1273, .T. ) ;
#1326 = VERTEX_POINT ( 'NONE', #487 ) ;
#1327 = CARTESIAN_POINT ( 'NONE',  ( 3.299999999999998046, -0.1000000000000002554, -5.250000000000000000 ) ) ;
#1328 = VERTEX_POINT ( 'NONE', #1248 ) ;
#1329 = CARTESIAN_POINT ( 'NONE',  ( -1.450000000000000400, 2.000000000000000000, -5.250000000000000000 ) ) ;
#1330 = CARTESIAN_POINT ( 'NONE',  ( -1.800000000000000266, -0.1000000000000002554, -5.250000000000000000 ) ) ;
#1331 = VECTOR ( 'NONE', #957, 1000.000000000000000 ) ;
#1332 = DIRECTION ( 'NONE',  ( 0.000000000000000000, 0.000000000000000000, 1.000000000000000000 ) ) ;
#1333 = CARTESIAN_POINT ( 'NONE',  ( -1.450000000000000400, 2.000000000000000000, 3.250000000000000444 ) ) ;
#1334 = EDGE_CURVE ( 'NONE', #1559, #342, #1664, .T. ) ;
#1335 = ORIENTED_EDGE ( 'NONE', *, *, #420, .F. ) ;
#1336 =( NAMED_UNIT ( * ) PLANE_ANGLE_UNIT ( ) SI_UNIT ( $, .RADIAN. ) );
#1337 = EDGE_LOOP ( 'NONE', ( #423, #1545, #1658, #1464, #604, #1051 ) ) ;
#1338 = VECTOR ( 'NONE', #1321, 1000.000000000000000 ) ;
#1339 = LINE ( 'NONE', #296, #393 ) ;
#1340 = CARTESIAN_POINT ( 'NONE',  ( -2.550000000000000266, -0.1000000000000002554, -4.500000000000000888 ) ) ;
#1341 = DIRECTION ( 'NONE',  ( 0.000000000000000000, 0.000000000000000000, 1.000000000000000000 ) ) ;
#1342 = CARTESIAN_POINT ( 'NONE',  ( 1.449999999999998179, 2.000000000000000000, -5.250000000000000000 ) ) ;
#1343 = ORIENTED_EDGE ( 'NONE', *, *, #903, .T. ) ;
#1344 = SURFACE_STYLE_FILL_AREA ( #1641 ) ;
#1345 = EDGE_CURVE ( 'NONE', #920, #309, #333, .T. ) ;
#1346 = EDGE_LOOP ( 'NONE', ( #1242, #518, #1535, #879 ) ) ;
#1347 = LINE ( 'NONE', #1184, #1280 ) ;
#1348 = DIRECTION ( 'NONE',  ( 1.000000000000000000, 0.000000000000000000, 0.000000000000000000 ) ) ;
#1349 = LINE ( 'NONE', #925, #917 ) ;
#1350 = CARTESIAN_POINT ( 'NONE',  ( -4.049999999999999822, 2.000000000000000000, -5.250000000000000000 ) ) ;
#1351 = EDGE_LOOP ( 'NONE', ( #674, #621, #561, #1217 ) ) ;
#1352 = ORIENTED_EDGE ( 'NONE', *, *, #118, .F. ) ;
#1353 = ADVANCED_FACE ( 'NONE', ( #69 ), #986, .F. ) ;
#1354 = CARTESIAN_POINT ( 'NONE',  ( 3.649999999999998135, -0.1000000000000002554, -5.250000000000000000 ) ) ;
#1355 = DIRECTION ( 'NONE',  ( -0.000000000000000000, -1.000000000000000000, -0.000000000000000000 ) ) ;
#1356 = DIRECTION ( 'NONE',  ( -0.000000000000000000, -1.000000000000000000, -0.000000000000000000 ) ) ;
#1357 = DIRECTION ( 'NONE',  ( -0.000000000000000000, -1.000000000000000000, -0.000000000000000000 ) ) ;
#1358 = EDGE_LOOP ( 'NONE', ( #1474, #1286, #1105, #1403 ) ) ;
#1359 = VECTOR ( 'NONE', #231, 1000.000000000000000 ) ;
#1360 = AXIS2_PLACEMENT_3D ( 'NONE', #173, #1080, #1341 ) ;
#1361 = ORIENTED_EDGE ( 'NONE', *, *, #1662, .T. ) ;
#1362 = DIRECTION ( 'NONE',  ( 0.000000000000000000, -1.000000000000000000, 0.000000000000000000 ) ) ;
#1363 = ADVANCED_FACE ( 'NONE', ( #1402 ), #1003, .F. ) ;
#1364 = VECTOR ( 'NONE', #461, 1000.000000000000000 ) ;
#1365 = LINE ( 'NONE', #746, #1229 ) ;
#1366 = EDGE_LOOP ( 'NONE', ( #217, #98, #1462, #1605 ) ) ;
#1367 = EDGE_LOOP ( 'NONE', ( #116, #618, #1718, #491 ) ) ;
#1368 = AXIS2_PLACEMENT_3D ( 'NONE', #794, #1716, #1318 ) ;
#1369 = LINE ( 'NONE', #876, #1397 ) ;
#1370 = CARTESIAN_POINT ( 'NONE',  ( -2.550000000000000266, 2.100000000000000089, -5.250000000000000000 ) ) ;
#1371 = DIRECTION ( 'NONE',  ( -0.000000000000000000, -1.000000000000000000, -0.000000000000000000 ) ) ;
#1372 =( NAMED_UNIT ( * ) PLANE_ANGLE_UNIT ( ) SI_UNIT ( $, .RADIAN. ) );
#1373 = ADVANCED_FACE ( 'NONE', ( #868 ), #1108, .F. ) ;
#1374 = VECTOR ( 'NONE', #574, 1000.000000000000000 ) ;
#1375 = VECTOR ( 'NONE', #896, 1000.000000000000000 ) ;
#1376 = ORIENTED_EDGE ( 'NONE', *, *, #1703, .T. ) ;
#1377 = FACE_OUTER_BOUND ( 'NONE', #846, .T. ) ;
#1378 = EDGE_CURVE ( 'NONE', #1528, #904, #1011, .T. ) ;
#1379 = EDGE_LOOP ( 'NONE', ( #663, #516, #1472, #1686, #1303, #387, #473, #303, #782, #1027, #962, #729, #386, #1054, #1480, #1584, #748, #1384, #258, #586 ) ) ;
#1380 = LINE ( 'NONE', #1668, #1065 ) ;
#1381 = APPLICATION_PROTOCOL_DEFINITION ( 'draft international standard', 'automotive_design', 1998, #1696 ) ;
#1382 = FILL_AREA_STYLE_COLOUR ( '', #1135 ) ;
#1383 = CARTESIAN_POINT ( 'NONE',  ( -3.649999999999999911, 0.000000000000000000, -7.250000000000000000 ) ) ;
#1384 = ORIENTED_EDGE ( 'NONE', *, *, #1325, .T. ) ;
#1385 = CARTESIAN_POINT ( 'NONE',  ( 3.649999999999998135, -0.1000000000000002554, -3.250000000000001332 ) ) ;
#1386 = ADVANCED_FACE ( 'NONE', ( #340 ), #1391, .F. ) ;
#1387 = ORIENTED_EDGE ( 'NONE', *, *, #660, .F. ) ;
#1388 = CARTESIAN_POINT ( 'NONE',  ( 1.449999999999999956, 2.000000000000000000, 5.250000000000000000 ) ) ;
#1389 = PRODUCT ( 'CD-DF406SL', 'CD-DF406SL', '', ( #1039 ) ) ;
#1390 = CARTESIAN_POINT ( 'NONE',  ( -1.450000000000000178, 2.100000000000000089, 5.250000000000000000 ) ) ;
#1391 = PLANE ( 'NONE',  #649 ) ;
#1392 = VECTOR ( 'NONE', #145, 1000.000000000000000 ) ;
#1393 = VERTEX_POINT ( 'NONE', #79 ) ;
#1394 = DIRECTION ( 'NONE',  ( -1.000000000000000000, -0.000000000000000000, -0.000000000000000000 ) ) ;
#1395 = EDGE_LOOP ( 'NONE', ( #1578, #937, #654, #595 ) ) ;
#1396 = ADVANCED_FACE ( 'NONE', ( #1133 ), #1671, .T. ) ;
#1397 = VECTOR ( 'NONE', #718, 1000.000000000000000 ) ;
#1398 = DIRECTION ( 'NONE',  ( -1.000000000000000000, 0.000000000000000000, 1.084202172485504434E-16 ) ) ;
#1399 = CARTESIAN_POINT ( 'NONE',  ( 3.649999999999997691, 0.000000000000000000, -7.250000000000000888 ) ) ;
#1400 = MANIFOLD_SOLID_BREP ( 'Boss-Extrude2[1]', #784 ) ;
#1401 = DIRECTION ( 'NONE',  ( -1.000000000000000000, 0.000000000000000000, -0.000000000000000000 ) ) ;
#1402 = FACE_OUTER_BOUND ( 'NONE', #1367, .T. ) ;
#1403 = ORIENTED_EDGE ( 'NONE', *, *, #302, .T. ) ;
#1404 = CARTESIAN_POINT ( 'NONE',  ( -3.649999999999999911, 2.000000000000000000, 3.250000000000000444 ) ) ;
#1405 = AXIS2_PLACEMENT_3D ( 'NONE', #180, #709, #519 ) ;
#1406 = AXIS2_PLACEMENT_3D ( 'NONE', #766, #136, #644 ) ;
#1407 = ORIENTED_EDGE ( 'NONE', *, *, #1068, .T. ) ;
#1408 = LINE ( 'NONE', #1726, #1012 ) ;
#1409 = EDGE_CURVE ( 'NONE', #1066, #1161, #878, .T. ) ;
#1410 = DIRECTION ( 'NONE',  ( 0.000000000000000000, 1.000000000000000000, 0.000000000000000000 ) ) ;
#1411 = CYLINDRICAL_SURFACE ( 'NONE', #27, 0.7499999999999997780 ) ;
#1412 = FACE_OUTER_BOUND ( 'NONE', #284, .T. ) ;
#1413 = MANIFOLD_SOLID_BREP ( 'Boss-Extrude2[4]', #673 ) ;
#1414 = AXIS2_PLACEMENT_3D ( 'NONE', #1282, #1557, #1159 ) ;
#1415 = ORIENTED_EDGE ( 'NONE', *, *, #1469, .F. ) ;
#1416 = CYLINDRICAL_SURFACE ( 'NONE', #1368, 0.7499999999999997780 ) ;
#1417 = DIRECTION ( 'NONE',  ( -0.000000000000000000, 1.000000000000000000, -0.000000000000000000 ) ) ;
#1418 = CARTESIAN_POINT ( 'NONE',  ( 1.449999999999998179, -0.1000000000000002554, -5.250000000000000000 ) ) ;
#1419 = EDGE_CURVE ( 'NONE', #1328, #1294, #924, .T. ) ;
#1420 = PRODUCT_DEFINITION_SHAPE ( 'NONE', 'NONE',  #1466 ) ;
#1421 = ORIENTED_EDGE ( 'NONE', *, *, #353, .F. ) ;
#1422 = DIRECTION ( 'NONE',  ( -0.000000000000000000, 0.000000000000000000, -1.000000000000000000 ) ) ;
#1423 = ORIENTED_EDGE ( 'NONE', *, *, #713, .T. ) ;
#1424 = VECTOR ( 'NONE', #92, 1000.000000000000000 ) ;
#1425 = ORIENTED_EDGE ( 'NONE', *, *, #1631, .T. ) ;
#1426 = UNCERTAINTY_MEASURE_WITH_UNIT (LENGTH_MEASURE( 1.000000000000000082E-05 ), #1238, 'distance_accuracy_value', 'NONE');
#1427 = DIRECTION ( 'NONE',  ( 0.000000000000000000, 1.000000000000000000, 0.000000000000000000 ) ) ;
#1428 =( NAMED_UNIT ( * ) SI_UNIT ( $, .STERADIAN. ) SOLID_ANGLE_UNIT ( ) );
#1429 = AXIS2_PLACEMENT_3D ( 'NONE', #883, #1604, #415 ) ;
#1430 = VERTEX_POINT ( 'NONE', #1167 ) ;
#1431 = DIRECTION ( 'NONE',  ( 0.000000000000000000, 1.000000000000000000, 0.000000000000000000 ) ) ;
#1432 = EDGE_CURVE ( 'NONE', #1715, #1057, #1711, .T. ) ;
#1433 = VERTEX_POINT ( 'NONE', #521 ) ;
#1434 = ORIENTED_EDGE ( 'NONE', *, *, #407, .F. ) ;
#1435 = DIRECTION ( 'NONE',  ( -1.084202172485504434E-16, 0.000000000000000000, -1.000000000000000000 ) ) ;
#1436 = DIRECTION ( 'NONE',  ( 0.000000000000000000, 1.000000000000000000, 0.000000000000000000 ) ) ;
#1437 = ORIENTED_EDGE ( 'NONE', *, *, #1158, .F. ) ;
#1438 = CARTESIAN_POINT ( 'NONE',  ( -4.049999999999999822, 0.000000000000000000, -5.250000000000000000 ) ) ;
#1439 = ORIENTED_EDGE ( 'NONE', *, *, #168, .T. ) ;
#1440 = ADVANCED_FACE ( 'NONE', ( #1042 ), #1445, .T. ) ;
#1441 = VECTOR ( 'NONE', #641, 1000.000000000000000 ) ;
#1442 = ORIENTED_EDGE ( 'NONE', *, *, #1345, .T. ) ;
#1443 = APPLICATION_CONTEXT ( 'automotive_design' ) ;
#1444 = CIRCLE ( 'NONE', #141, 0.7499999999999997780 ) ;
#1445 = PLANE ( 'NONE',  #1567 ) ;
#1446 = AXIS2_PLACEMENT_3D ( 'NONE', #467, #1663, #584 ) ;
#1447 = LINE ( 'NONE', #1573, #1359 ) ;
#1448 = LINE ( 'NONE', #1197, #1241 ) ;
#1449 = VECTOR ( 'NONE', #1523, 1000.000000000000000 ) ;
#1450 = ORIENTED_EDGE ( 'NONE', *, *, #94, .T. ) ;
#1451 = DIRECTION ( 'NONE',  ( 0.000000000000000000, -0.000000000000000000, 1.000000000000000000 ) ) ;
#1452 = VECTOR ( 'NONE', #1647, 1000.000000000000000 ) ;
#1453 = AXIS2_PLACEMENT_3D ( 'NONE', #1125, #469, #994 ) ;
#1454 = ORIENTED_EDGE ( 'NONE', *, *, #1652, .F. ) ;
#1455 = EDGE_CURVE ( 'NONE', #508, #483, #624, .T. ) ;
#1456 = EDGE_CURVE ( 'NONE', #1074, #265, #1032, .T. ) ;
#1457 = DIRECTION ( 'NONE',  ( -1.000000000000000000, 0.000000000000000000, 1.652117596168388002E-16 ) ) ;
#1458 = CARTESIAN_POINT ( 'NONE',  ( -3.649999999999999467, -0.1000000000000002554, 5.250000000000000000 ) ) ;
#1459 = CARTESIAN_POINT ( 'NONE',  ( -2.550000000000000266, -0.1000000000000002554, -5.250000000000000000 ) ) ;
#1460 = AXIS2_PLACEMENT_3D ( 'NONE', #1270, #536, #1451 ) ;
#1461 = FACE_OUTER_BOUND ( 'NONE', #824, .T. ) ;
#1462 = ORIENTED_EDGE ( 'NONE', *, *, #1240, .T. ) ;
#1463 = CARTESIAN_POINT ( 'NONE',  ( 1.449999999999999956, 2.100000000000000089, 5.250000000000000000 ) ) ;
#1464 = ORIENTED_EDGE ( 'NONE', *, *, #1304, .T. ) ;
#1465 = PRESENTATION_LAYER_ASSIGNMENT (  '', '', ( #1239 ) ) ;
#1466 = PRODUCT_DEFINITION ( 'UNKNOWN', '', #106, #388 ) ;
#1467 = CARTESIAN_POINT ( 'NONE',  ( -3.649999999999999911, 0.000000000000000000, 3.250000000000000444 ) ) ;
#1468 = CARTESIAN_POINT ( 'NONE',  ( -1.450000000000000400, 0.000000000000000000, 3.250000000000000444 ) ) ;
#1469 = EDGE_CURVE ( 'NONE', #40, #449, #780, .T. ) ;
#1470 = FACE_OUTER_BOUND ( 'NONE', #1215, .T. ) ;
#1471 = DIRECTION ( 'NONE',  ( 8.260587980841938780E-17, 0.000000000000000000, 1.000000000000000000 ) ) ;
#1472 = ORIENTED_EDGE ( 'NONE', *, *, #841, .F. ) ;
#1473 = DIRECTION ( 'NONE',  ( 0.000000000000000000, 0.000000000000000000, -1.000000000000000000 ) ) ;
#1474 = ORIENTED_EDGE ( 'NONE', *, *, #670, .T. ) ;
#1475 = DIRECTION ( 'NONE',  ( 1.000000000000000000, 0.000000000000000000, 0.000000000000000000 ) ) ;
#1476 = CYLINDRICAL_SURFACE ( 'NONE', #1655, 0.7499999999999997780 ) ;
#1477 = CARTESIAN_POINT ( 'NONE',  ( 3.299999999999999822, 2.100000000000000089, 5.250000000000000000 ) ) ;
#1478 = DIRECTION ( 'NONE',  ( 0.000000000000000000, 1.000000000000000000, 0.000000000000000000 ) ) ;
#1479 = EDGE_CURVE ( 'NONE', #40, #380, #1580, .T. ) ;
#1480 = ORIENTED_EDGE ( 'NONE', *, *, #127, .F. ) ;
#1481 = CARTESIAN_POINT ( 'NONE',  ( 3.299999999999998046, 2.100000000000000089, -5.250000000000000000 ) ) ;
#1482 = VERTEX_POINT ( 'NONE', #1314 ) ;
#1483 = UNCERTAINTY_MEASURE_WITH_UNIT (LENGTH_MEASURE( 1.000000000000000082E-05 ), #78, 'distance_accuracy_value', 'NONE');
#1484 = STYLED_ITEM ( 'NONE', ( #885 ), #1400 ) ;
#1485 = CARTESIAN_POINT ( 'NONE',  ( -1.450000000000000400, -0.1000000000000002554, 3.250000000000000444 ) ) ;
#1486 = CARTESIAN_POINT ( 'NONE',  ( -1.800000000000000266, -0.1000000000000002554, -5.250000000000000000 ) ) ;
#1487 = DIRECTION ( 'NONE',  ( 1.000000000000000000, 0.000000000000000000, 0.000000000000000000 ) ) ;
#1488 = CARTESIAN_POINT ( 'NONE',  ( 1.799999999999998712, -0.1000000000000002554, -5.250000000000000000 ) ) ;
#1489 = VERTEX_POINT ( 'NONE', #1185 ) ;
#1490 = EDGE_CURVE ( 'NONE', #439, #309, #126, .T. ) ;
#1491 = ORIENTED_EDGE ( 'NONE', *, *, #954, .F. ) ;
#1492 = AXIS2_PLACEMENT_3D ( 'NONE', #21, #1473, #1233 ) ;
#1493 = CARTESIAN_POINT ( 'NONE',  ( 1.449999999999999734, 0.000000000000000000, 3.250000000000000444 ) ) ;
#1494 = CARTESIAN_POINT ( 'NONE',  ( 4.050000000000001599, 0.000000000000000000, 5.250000000000000000 ) ) ;
#1495 = VECTOR ( 'NONE', #232, 1000.000000000000000 ) ;
#1496 = LINE ( 'NONE', #154, #506 ) ;
#1497 = CARTESIAN_POINT ( 'NONE',  ( 1.449999999999999734, -0.1000000000000002554, 3.250000000000000444 ) ) ;
#1498 = ORIENTED_EDGE ( 'NONE', *, *, #1597, .F. ) ;
#1499 = PRESENTATION_STYLE_ASSIGNMENT (( #822 ) ) ;
#1500 = ORIENTED_EDGE ( 'NONE', *, *, #1575, .F. ) ;
#1501 = EDGE_CURVE ( 'NONE', #254, #1161, #530, .T. ) ;
#1502 = CARTESIAN_POINT ( 'NONE',  ( 3.299999999999998046, -0.1000000000000002554, -5.250000000000000000 ) ) ;
#1503 = VECTOR ( 'NONE', #101, 1000.000000000000000 ) ;
#1504 = VECTOR ( 'NONE', #900, 1000.000000000000000 ) ;
#1505 = CARTESIAN_POINT ( 'NONE',  ( -1.450000000000000400, 2.000000000000000000, -3.250000000000000444 ) ) ;
#1506 = CARTESIAN_POINT ( 'NONE',  ( 2.549999999999998490, 2.100000000000000089, -4.500000000000000888 ) ) ;
#1507 = VERTEX_POINT ( 'NONE', #102 ) ;
#1508 = PLANE ( 'NONE',  #961 ) ;
#1509 = VECTOR ( 'NONE', #808, 1000.000000000000000 ) ;
#1510 = ORIENTED_EDGE ( 'NONE', *, *, #1056, .F. ) ;
#1511 = EDGE_CURVE ( 'NONE', #1249, #688, #496, .T. ) ;
#1512 = DIRECTION ( 'NONE',  ( 8.260587980841938780E-17, 0.000000000000000000, 1.000000000000000000 ) ) ;
#1513 = CARTESIAN_POINT ( 'NONE',  ( -3.649999999999999911, 2.000000000000000000, 3.250000000000000444 ) ) ;
#1514 = EDGE_CURVE ( 'NONE', #769, #1593, #1290, .T. ) ;
#1515 = VECTOR ( 'NONE', #1174, 1000.000000000000000 ) ;
#1516 = DIRECTION ( 'NONE',  ( -8.260587980841940012E-17, 0.000000000000000000, -1.000000000000000000 ) ) ;
#1517 = DIRECTION ( 'NONE',  ( -1.000000000000000000, -0.000000000000000000, -0.000000000000000000 ) ) ;
#1518 = VERTEX_POINT ( 'NONE', #143 ) ;
#1519 = DIRECTION ( 'NONE',  ( -0.000000000000000000, 0.000000000000000000, -1.000000000000000000 ) ) ;
#1520 = ORIENTED_EDGE ( 'NONE', *, *, #1045, .T. ) ;
#1521 = CARTESIAN_POINT ( 'NONE',  ( -4.049999999999999822, 0.000000000000000000, -5.250000000000000000 ) ) ;
#1522 = DIRECTION ( 'NONE',  ( 0.000000000000000000, 0.000000000000000000, 1.000000000000000000 ) ) ;
#1523 = DIRECTION ( 'NONE',  ( -1.000000000000000000, -0.000000000000000000, -0.000000000000000000 ) ) ;
#1524 = DIRECTION ( 'NONE',  ( 1.000000000000000000, 0.000000000000000000, 0.000000000000000000 ) ) ;
#1525 = ADVANCED_FACE ( 'NONE', ( #419 ), #1476, .F. ) ;
#1526 = EDGE_LOOP ( 'NONE', ( #1150, #311, #447, #185 ) ) ;
#1527 = DIRECTION ( 'NONE',  ( -0.000000000000000000, -1.000000000000000000, -0.000000000000000000 ) ) ;
#1528 = VERTEX_POINT ( 'NONE', #932 ) ;
#1529 = LINE ( 'NONE', #338, #852 ) ;
#1530 = PLANE ( 'NONE',  #657 ) ;
#1531 = LINE ( 'NONE', #969, #1449 ) ;
#1532 = CARTESIAN_POINT ( 'NONE',  ( -3.649999999999999911, 0.000000000000000000, 3.250000000000000444 ) ) ;
#1533 = AXIS2_PLACEMENT_3D ( 'NONE', #1021, #1173, #229 ) ;
#1534 = EDGE_CURVE ( 'NONE', #226, #234, #134, .T. ) ;
#1535 = ORIENTED_EDGE ( 'NONE', *, *, #1067, .T. ) ;
#1536 = CARTESIAN_POINT ( 'NONE',  ( -1.450000000000000178, -0.1000000000000002554, 5.250000000000000000 ) ) ;
#1537 = ORIENTED_EDGE ( 'NONE', *, *, #1252, .F. ) ;
#1538 = VECTOR ( 'NONE', #1371, 1000.000000000000000 ) ;
#1539 = LINE ( 'NONE', #451, #1036 ) ;
#1540 = CARTESIAN_POINT ( 'NONE',  ( -4.049999999999998934, 2.000000000000000000, 5.250000000000000000 ) ) ;
#1541 = DIRECTION ( 'NONE',  ( 0.000000000000000000, 1.000000000000000000, 0.000000000000000000 ) ) ;
#1542 = VECTOR ( 'NONE', #1081, 1000.000000000000000 ) ;
#1543 = ORIENTED_EDGE ( 'NONE', *, *, #660, .T. ) ;
#1544 = LINE ( 'NONE', #722, #1040 ) ;
#1545 = ORIENTED_EDGE ( 'NONE', *, *, #259, .T. ) ;
#1546 = EDGE_CURVE ( 'NONE', #1593, #563, #1086, .T. ) ;
#1547 = CARTESIAN_POINT ( 'NONE',  ( 3.649999999999999467, -0.1000000000000002554, 3.250000000000000444 ) ) ;
#1548 = CARTESIAN_POINT ( 'NONE',  ( -3.649999999999999911, 2.000000000000000000, 3.250000000000000444 ) ) ;
#1549 = DIRECTION ( 'NONE',  ( 0.000000000000000000, 0.000000000000000000, 1.000000000000000000 ) ) ;
#1550 = ORIENTED_EDGE ( 'NONE', *, *, #1575, .T. ) ;
#1551 = DIRECTION ( 'NONE',  ( 0.000000000000000000, 0.000000000000000000, 1.000000000000000000 ) ) ;
#1552 = AXIS2_PLACEMENT_3D ( 'NONE', #1370, #719, #1522 ) ;
#1553 = AXIS2_PLACEMENT_3D ( 'NONE', #758, #1527, #327 ) ;
#1554 = ORIENTED_EDGE ( 'NONE', *, *, #50, .T. ) ;
#1555 = EDGE_CURVE ( 'NONE', #707, #1393, #693, .T. ) ;
#1556 = PLANE ( 'NONE',  #1460 ) ;
#1557 = DIRECTION ( 'NONE',  ( -1.000000000000000000, 0.000000000000000000, 0.000000000000000000 ) ) ;
#1558 = CARTESIAN_POINT ( 'NONE',  ( -3.299999999999999822, -0.1000000000000002554, -5.250000000000000000 ) ) ;
#1559 = VERTEX_POINT ( 'NONE', #1340 ) ;
#1560 = CARTESIAN_POINT ( 'NONE',  ( 2.549999999999998490, -0.1000000000000002554, -5.250000000000000000 ) ) ;
#1561 = EDGE_LOOP ( 'NONE', ( #750, #121, #1048, #1208 ) ) ;
#1562 = CLOSED_SHELL ( 'NONE', ( #588, #1525, #667, #268, #810, #1440, #1175, #764 ) ) ;
#1563 = CARTESIAN_POINT ( 'NONE',  ( 1.449999999999998401, 2.000000000000000000, -3.250000000000001332 ) ) ;
#1564 = EDGE_CURVE ( 'NONE', #855, #51, #17, .T. ) ;
#1565 = VERTEX_POINT ( 'NONE', #1486 ) ;
#1566 = DIRECTION ( 'NONE',  ( 1.000000000000000000, 0.000000000000000000, 0.000000000000000000 ) ) ;
#1567 = AXIS2_PLACEMENT_3D ( 'NONE', #390, #375, #1705 ) ;
#1568 = VERTEX_POINT ( 'NONE', #666 ) ;
#1569 = EDGE_LOOP ( 'NONE', ( #773, #637, #1189, #103 ) ) ;
#1570 = CARTESIAN_POINT ( 'NONE',  ( 0.000000000000000000, 0.000000000000000000, 0.000000000000000000 ) ) ;
#1571 = PRESENTATION_STYLE_ASSIGNMENT (( #503 ) ) ;
#1572 = CIRCLE ( 'NONE', #490, 0.7499999999999997780 ) ;
#1573 = CARTESIAN_POINT ( 'NONE',  ( -1.799999999999999600, -0.1000000000000002554, 5.250000000000000000 ) ) ;
#1574 = DIRECTION ( 'NONE',  ( 1.084202172485504927E-16, 0.000000000000000000, 1.000000000000000000 ) ) ;
#1575 = EDGE_CURVE ( 'NONE', #1565, #1326, #1193, .T. ) ;
#1576 = ORIENTED_EDGE ( 'NONE', *, *, #862, .F. ) ;
#1577 = VECTOR ( 'NONE', #611, 1000.000000000000000 ) ;
#1578 = ORIENTED_EDGE ( 'NONE', *, *, #1345, .F. ) ;
#1579 = FACE_OUTER_BOUND ( 'NONE', #414, .T. ) ;
#1580 = LINE ( 'NONE', #914, #761 ) ;
#1581 = LINE ( 'NONE', #643, #756 ) ;
#1582 = CARTESIAN_POINT ( 'NONE',  ( -4.049999999999998934, 0.000000000000000000, 5.250000000000000000 ) ) ;
#1583 = ADVANCED_FACE ( 'NONE', ( #24 ), #411, .T. ) ;
#1584 = ORIENTED_EDGE ( 'NONE', *, *, #670, .F. ) ;
#1585 = DIRECTION ( 'NONE',  ( 0.000000000000000000, 0.000000000000000000, 1.000000000000000000 ) ) ;
#1586 = ADVANCED_FACE ( 'NONE', ( #1610 ), #288, .T. ) ;
#1587 = VECTOR ( 'NONE', #949, 1000.000000000000000 ) ;
#1588 = VECTOR ( 'NONE', #313, 1000.000000000000000 ) ;
#1589 = PLANE ( 'NONE',  #892 ) ;
#1590 = CARTESIAN_POINT ( 'NONE',  ( 1.449999999999999734, 0.000000000000000000, 3.250000000000000444 ) ) ;
#1591 = LINE ( 'NONE', #452, #1146 ) ;
#1592 = PLANE ( 'NONE',  #936 ) ;
#1593 = VERTEX_POINT ( 'NONE', #1494 ) ;
#1594 = CARTESIAN_POINT ( 'NONE',  ( 3.649999999999998135, -0.1000000000000002554, -3.250000000000001332 ) ) ;
#1595 = VECTOR ( 'NONE', #422, 1000.000000000000000 ) ;
#1596 = ORIENTED_EDGE ( 'NONE', *, *, #450, .F. ) ;
#1597 = EDGE_CURVE ( 'NONE', #63, #873, #306, .T. ) ;
#1598 = CARTESIAN_POINT ( 'NONE',  ( -4.049999999999998934, 0.000000000000000000, 5.250000000000000000 ) ) ;
#1599 = CARTESIAN_POINT ( 'NONE',  ( 3.299999999999998046, 2.100000000000000089, -5.250000000000000000 ) ) ;
#1600 = DIRECTION ( 'NONE',  ( -1.084202172485504434E-16, 0.000000000000000000, -1.000000000000000000 ) ) ;
#1601 = VECTOR ( 'NONE', #1095, 1000.000000000000000 ) ;
#1602 = DIRECTION ( 'NONE',  ( -1.084202172485504434E-16, -0.000000000000000000, -1.000000000000000000 ) ) ;
#1603 = VERTEX_POINT ( 'NONE', #685 ) ;
#1604 = DIRECTION ( 'NONE',  ( 0.000000000000000000, 0.000000000000000000, -1.000000000000000000 ) ) ;
#1605 = ORIENTED_EDGE ( 'NONE', *, *, #470, .T. ) ;
#1606 = MECHANICAL_DESIGN_GEOMETRIC_PRESENTATION_REPRESENTATION (  '', ( #933 ), #989 ) ;
#1607 = EDGE_CURVE ( 'NONE', #198, #1649, #1096, .T. ) ;
#1608 = VECTOR ( 'NONE', #524, 1000.000000000000000 ) ;
#1609 = CARTESIAN_POINT ( 'NONE',  ( 3.649999999999999467, -0.1000000000000002554, 5.250000000000000000 ) ) ;
#1610 = FACE_OUTER_BOUND ( 'NONE', #108, .T. ) ;
#1611 = LINE ( 'NONE', #1196, #726 ) ;
#1612 = LINE ( 'NONE', #960, #1595 ) ;
#1613 = ORIENTED_EDGE ( 'NONE', *, *, #620, .F. ) ;
#1614 = DIRECTION ( 'NONE',  ( 0.000000000000000000, -0.000000000000000000, 1.000000000000000000 ) ) ;
#1615 = ORIENTED_EDGE ( 'NONE', *, *, #1511, .T. ) ;
#1616 = VECTOR ( 'NONE', #1427, 1000.000000000000000 ) ;
#1617 = VECTOR ( 'NONE', #1041, 1000.000000000000000 ) ;
#1618 = FACE_OUTER_BOUND ( 'NONE', #1623, .T. ) ;
#1619 = CARTESIAN_POINT ( 'NONE',  ( 4.049999999999999822, 0.000000000000000000, -5.250000000000000000 ) ) ;
#1620 = DIRECTION ( 'NONE',  ( 0.000000000000000000, 0.000000000000000000, 1.000000000000000000 ) ) ;
#1621 = FACE_OUTER_BOUND ( 'NONE', #488, .T. ) ;
#1622 = EDGE_CURVE ( 'NONE', #239, #1507, #696, .T. ) ;
#1623 = EDGE_LOOP ( 'NONE', ( #671, #1727, #901, #1640 ) ) ;
#1624 = FACE_OUTER_BOUND ( 'NONE', #831, .T. ) ;
#1625 = ORIENTED_EDGE ( 'NONE', *, *, #691, .T. ) ;
#1626 = DIRECTION ( 'NONE',  ( 1.000000000000000000, 0.000000000000000000, -0.000000000000000000 ) ) ;
#1627 = CARTESIAN_POINT ( 'NONE',  ( 1.449999999999998179, -0.1000000000000002554, -5.250000000000000000 ) ) ;
#1628 = DIRECTION ( 'NONE',  ( 1.000000000000000000, -0.000000000000000000, 0.000000000000000000 ) ) ;
#1629 = DIRECTION ( 'NONE',  ( 0.000000000000000000, 1.000000000000000000, 0.000000000000000000 ) ) ;
#1630 = VECTOR ( 'NONE', #1254, 1000.000000000000000 ) ;
#1631 = EDGE_CURVE ( 'NONE', #254, #198, #835, .T. ) ;
#1632 = ORIENTED_EDGE ( 'NONE', *, *, #1322, .T. ) ;
#1633 = CARTESIAN_POINT ( 'NONE',  ( -3.649999999999999911, 2.000000000000000000, -5.250000000000000000 ) ) ;
#1634 = ORIENTED_EDGE ( 'NONE', *, *, #86, .T. ) ;
#1635 = CARTESIAN_POINT ( 'NONE',  ( -1.450000000000000178, -0.1000000000000002554, 5.250000000000000000 ) ) ;
#1636 = LINE ( 'NONE', #445, #1182 ) ;
#1637 = VECTOR ( 'NONE', #314, 1000.000000000000000 ) ;
#1638 = FACE_OUTER_BOUND ( 'NONE', #999, .T. ) ;
#1639 = CARTESIAN_POINT ( 'NONE',  ( 2.549999999999998490, 2.100000000000000089, -5.250000000000000000 ) ) ;
#1640 = ORIENTED_EDGE ( 'NONE', *, *, #376, .F. ) ;
#1641 = FILL_AREA_STYLE ('',( #1110 ) ) ;
#1642 = EDGE_CURVE ( 'NONE', #345, #581, #297, .T. ) ;
#1643 = ORIENTED_EDGE ( 'NONE', *, *, #628, .F. ) ;
#1644 = EDGE_CURVE ( 'NONE', #1715, #425, #701, .T. ) ;
#1645 = DIRECTION ( 'NONE',  ( -1.000000000000000000, -0.000000000000000000, -0.000000000000000000 ) ) ;
#1646 = CARTESIAN_POINT ( 'NONE',  ( 3.649999999999998135, -0.1000000000000002554, -5.250000000000000000 ) ) ;
#1647 = DIRECTION ( 'NONE',  ( -1.000000000000000000, -0.000000000000000000, -0.000000000000000000 ) ) ;
#1648 = DIRECTION ( 'NONE',  ( 0.000000000000000000, 0.000000000000000000, 1.000000000000000000 ) ) ;
#1649 = VERTEX_POINT ( 'NONE', #540 ) ;
#1650 = CLOSED_SHELL ( 'NONE', ( #1353, #248, #344, #608, #409, #492, #218, #1386, #1312, #283, #930, #1363, #997, #1112, #537, #820, #171, #440, #525, #882, #1218, #984 ) ) ;
#1651 = ORIENTED_EDGE ( 'NONE', *, *, #1285, .F. ) ;
#1652 = EDGE_CURVE ( 'NONE', #1294, #1482, #35, .T. ) ;
#1653 = DIRECTION ( 'NONE',  ( 1.084202172485504434E-16, 0.000000000000000000, 1.000000000000000000 ) ) ;
#1654 = CARTESIAN_POINT ( 'NONE',  ( -3.649999999999999911, -0.1000000000000002554, -5.250000000000000000 ) ) ;
#1655 = AXIS2_PLACEMENT_3D ( 'NONE', #958, #1212, #950 ) ;
#1656 = PLANE ( 'NONE',  #1446 ) ;
#1657 = CARTESIAN_POINT ( 'NONE',  ( -1.450000000000000400, 2.100000000000000089, -3.250000000000000444 ) ) ;
#1658 = ORIENTED_EDGE ( 'NONE', *, *, #109, .T. ) ;
#1659 = CARTESIAN_POINT ( 'NONE',  ( 1.449999999999998179, 0.000000000000000000, -5.250000000000000000 ) ) ;
#1660 = ORIENTED_EDGE ( 'NONE', *, *, #973, .F. ) ;
#1661 = LINE ( 'NONE', #346, #737 ) ;
#1662 = EDGE_CURVE ( 'NONE', #1430, #130, #1636, .T. ) ;
#1663 = DIRECTION ( 'NONE',  ( 0.000000000000000000, 0.000000000000000000, 1.000000000000000000 ) ) ;
#1664 = LINE ( 'NONE', #1256, #571 ) ;
#1665 = ORIENTED_EDGE ( 'NONE', *, *, #534, .T. ) ;
#1666 = DIRECTION ( 'NONE',  ( 1.626303258728256651E-16, -0.000000000000000000, 1.000000000000000000 ) ) ;
#1667 = ORIENTED_EDGE ( 'NONE', *, *, #1456, .T. ) ;
#1668 = CARTESIAN_POINT ( 'NONE',  ( -1.800000000000000266, -0.1000000000000002554, -5.250000000000000000 ) ) ;
#1669 = PRESENTATION_STYLE_ASSIGNMENT (( #220 ) ) ;
#1670 = PLANE ( 'NONE',  #509 ) ;
#1671 = PLANE ( 'NONE',  #1708 ) ;
#1672 = VECTOR ( 'NONE', #152, 1000.000000000000000 ) ;
#1673 = ORIENTED_EDGE ( 'NONE', *, *, #280, .F. ) ;
#1674 = DIRECTION ( 'NONE',  ( 0.000000000000000000, 0.000000000000000000, -1.000000000000000000 ) ) ;
#1675 = EDGE_CURVE ( 'NONE', #904, #361, #270, .T. ) ;
#1676 = VERTEX_POINT ( 'NONE', #850 ) ;
#1677 = AXIS2_PLACEMENT_3D ( 'NONE', #34, #45, #65 ) ;
#1678 = DIRECTION ( 'NONE',  ( -1.000000000000000000, -0.000000000000000000, -0.000000000000000000 ) ) ;
#1679 =( NAMED_UNIT ( * ) PLANE_ANGLE_UNIT ( ) SI_UNIT ( $, .RADIAN. ) );
#1680 = CARTESIAN_POINT ( 'NONE',  ( 3.649999999999999467, 2.000000000000000000, 3.250000000000000444 ) ) ;
#1681 = LINE ( 'NONE', #201, #403 ) ;
#1682 = AXIS2_PLACEMENT_3D ( 'NONE', #1639, #282, #446 ) ;
#1683 = ORIENTED_EDGE ( 'NONE', *, *, #1432, .F. ) ;
#1684 = PLANE ( 'NONE',  #1717 ) ;
#1685 = EDGE_CURVE ( 'NONE', #855, #1433, #56, .T. ) ;
#1686 = ORIENTED_EDGE ( 'NONE', *, *, #241, .T. ) ;
#1687 = DIRECTION ( 'NONE',  ( -0.000000000000000000, -1.000000000000000000, -0.000000000000000000 ) ) ;
#1688 = CARTESIAN_POINT ( 'NONE',  ( 3.649999999999998135, 0.000000000000000000, -3.250000000000001332 ) ) ;
#1689 =( LENGTH_UNIT ( ) NAMED_UNIT ( * ) SI_UNIT ( .MILLI., .METRE. ) );
#1690 = CARTESIAN_POINT ( 'NONE',  ( -3.649999999999999911, 2.000000000000000000, -7.250000000000000000 ) ) ;
#1691 = DIRECTION ( 'NONE',  ( 1.000000000000000000, 0.000000000000000000, -0.000000000000000000 ) ) ;
#1692 = VECTOR ( 'NONE', #1574, 1000.000000000000000 ) ;
#1693 = EDGE_LOOP ( 'NONE', ( #865, #1361, #334, #1634 ) ) ;
#1694 = EDGE_CURVE ( 'NONE', #342, #265, #715, .T. ) ;
#1695 = ADVANCED_FACE ( 'NONE', ( #592 ), #1530, .F. ) ;
#1696 = APPLICATION_CONTEXT ( 'automotive_design' ) ;
#1697 = DIRECTION ( 'NONE',  ( 0.000000000000000000, -0.000000000000000000, 1.000000000000000000 ) ) ;
#1698 = DIRECTION ( 'NONE',  ( 1.000000000000000000, 0.000000000000000000, 0.000000000000000000 ) ) ;
#1699 = ORIENTED_EDGE ( 'NONE', *, *, #76, .T. ) ;
#1700 = CARTESIAN_POINT ( 'NONE',  ( -3.299999999999999822, -0.1000000000000002554, -5.250000000000000000 ) ) ;
#1701 = ORIENTED_EDGE ( 'NONE', *, *, #97, .T. ) ;
#1702 = ORIENTED_EDGE ( 'NONE', *, *, #355, .F. ) ;
#1703 = EDGE_CURVE ( 'NONE', #1326, #342, #799, .T. ) ;
#1704 = CARTESIAN_POINT ( 'NONE',  ( -3.649999999999999467, 2.000000000000000000, 5.250000000000000000 ) ) ;
#1705 = DIRECTION ( 'NONE',  ( -1.084202172485504434E-16, 0.000000000000000000, -1.000000000000000000 ) ) ;
#1706 = EDGE_LOOP ( 'NONE', ( #1454, #793, #43, #1543 ) ) ;
#1707 = LINE ( 'NONE', #1723, #276 ) ;
#1708 = AXIS2_PLACEMENT_3D ( 'NONE', #453, #1541, #349 ) ;
#1709 = ORIENTED_EDGE ( 'NONE', *, *, #1274, .F. ) ;
#1710 = EDGE_LOOP ( 'NONE', ( #1643, #1076, #918, #1701 ) ) ;
#1711 = LINE ( 'NONE', #1458, #178 ) ;
#1712 = EDGE_CURVE ( 'NONE', #1074, #1328, #1246, .T. ) ;
#1713 = VERTEX_POINT ( 'NONE', #1646 ) ;
#1714 = CARTESIAN_POINT ( 'NONE',  ( 1.449999999999999734, 0.000000000000000000, 3.250000000000000444 ) ) ;
#1715 = VERTEX_POINT ( 'NONE', #330 ) ;
#1716 = DIRECTION ( 'NONE',  ( 0.000000000000000000, 1.000000000000000000, 0.000000000000000000 ) ) ;
#1717 = AXIS2_PLACEMENT_3D ( 'NONE', #335, #1551, #1250 ) ;
#1718 = ORIENTED_EDGE ( 'NONE', *, *, #3, .F. ) ;
#1719 = AXIS2_PLACEMENT_3D ( 'NONE', #1627, #676, #941 ) ;
#1720 = DIRECTION ( 'NONE',  ( -1.000000000000000000, 0.000000000000000000, -0.000000000000000000 ) ) ;
#1721 = CARTESIAN_POINT ( 'NONE',  ( -1.450000000000000400, -0.1000000000000002554, -5.250000000000000000 ) ) ;
#1722 = ORIENTED_EDGE ( 'NONE', *, *, #1272, .T. ) ;
#1723 = CARTESIAN_POINT ( 'NONE',  ( -3.649999999999999911, 2.100000000000000089, -3.250000000000000444 ) ) ;
#1724 = EDGE_CURVE ( 'NONE', #449, #1430, #75, .T. ) ;
#1725 = ORIENTED_EDGE ( 'NONE', *, *, #479, .T. ) ;
#1726 = CARTESIAN_POINT ( 'NONE',  ( 3.649999999999998135, 2.100000000000000089, -3.250000000000001332 ) ) ;
#1727 = ORIENTED_EDGE ( 'NONE', *, *, #1378, .T. ) ;
#1728 = VECTOR ( 'NONE', #1731, 1000.000000000000000 ) ;
#1729 = DIRECTION ( 'NONE',  ( 1.084202172485504434E-16, 0.000000000000000000, 1.000000000000000000 ) ) ;
#1730 = CARTESIAN_POINT ( 'NONE',  ( -3.649999999999999467, -0.1000000000000002554, 5.250000000000000000 ) ) ;
#1731 = DIRECTION ( 'NONE',  ( 0.000000000000000000, 1.000000000000000000, 0.000000000000000000 ) ) ;
#1732 = CARTESIAN_POINT ( 'NONE',  ( -1.450000000000000178, 2.100000000000000089, 5.250000000000000000 ) ) ;
ENDSEC;
END-ISO-10303-21;
